year,ACCESS1-0_rcp45_r1i1p1-cooling_degree_day,ACCESS1-0_rcp85_r1i1p1-cooling_degree_day,bcc-csm1-1_rcp26_r1i1p1-cooling_degree_day,bcc-csm1-1_rcp45_r1i1p1-cooling_degree_day,bcc-csm1-1_rcp60_r1i1p1-cooling_degree_day,bcc-csm1-1_rcp85_r1i1p1-cooling_degree_day,BNU-ESM_rcp45_r1i1p1-cooling_degree_day,BNU-ESM_rcp85_r1i1p1-cooling_degree_day,CanESM2_rcp26_r1i1p1-cooling_degree_day,CanESM2_rcp45_r1i1p1-cooling_degree_day,CanESM2_rcp85_r1i1p1-cooling_degree_day,CCSM4_rcp26_r1i1p1-cooling_degree_day,CCSM4_rcp45_r1i1p1-cooling_degree_day,CCSM4_rcp60_r1i1p1-cooling_degree_day,CCSM4_rcp85_r1i1p1-cooling_degree_day,CESM1-BGC_rcp45_r1i1p1-cooling_degree_day,CESM1-BGC_rcp85_r1i1p1-cooling_degree_day,CNRM-CM5_rcp45_r1i1p1-cooling_degree_day,CNRM-CM5_rcp85_r1i1p1-cooling_degree_day,CSIRO-Mk3-6-0_rcp26_r1i1p1-cooling_degree_day,CSIRO-Mk3-6-0_rcp45_r1i1p1-cooling_degree_day,CSIRO-Mk3-6-0_rcp85_r1i1p1-cooling_degree_day,GFDL-CM3_rcp26_r1i1p1-cooling_degree_day,GFDL-CM3_rcp60_r1i1p1-cooling_degree_day,GFDL-CM3_rcp85_r1i1p1-cooling_degree_day,GFDL-ESM2G_rcp26_r1i1p1-cooling_degree_day,GFDL-ESM2G_rcp45_r1i1p1-cooling_degree_day,GFDL-ESM2G_rcp60_r1i1p1-cooling_degree_day,GFDL-ESM2G_rcp85_r1i1p1-cooling_degree_day,GFDL-ESM2M_rcp26_r1i1p1-cooling_degree_day,GFDL-ESM2M_rcp45_r1i1p1-cooling_degree_day,GFDL-ESM2M_rcp60_r1i1p1-cooling_degree_day,GFDL-ESM2M_rcp85_r1i1p1-cooling_degree_day,inmcm4_rcp45_r1i1p1-cooling_degree_day,inmcm4_rcp85_r1i1p1-cooling_degree_day,IPSL-CM5A-LR_rcp26_r1i1p1-cooling_degree_day,IPSL-CM5A-LR_rcp45_r1i1p1-cooling_degree_day,IPSL-CM5A-LR_rcp60_r1i1p1-cooling_degree_day,IPSL-CM5A-LR_rcp85_r1i1p1-cooling_degree_day,IPSL-CM5A-MR_rcp26_r1i1p1-cooling_degree_day,IPSL-CM5A-MR_rcp45_r1i1p1-cooling_degree_day,IPSL-CM5A-MR_rcp60_r1i1p1-cooling_degree_day,IPSL-CM5A-MR_rcp85_r1i1p1-cooling_degree_day,MIROC-ESM-CHEM_rcp26_r1i1p1-cooling_degree_day,MIROC-ESM-CHEM_rcp45_r1i1p1-cooling_degree_day,MIROC-ESM-CHEM_rcp60_r1i1p1-cooling_degree_day,MIROC-ESM-CHEM_rcp85_r1i1p1-cooling_degree_day,MIROC-ESM_rcp26_r1i1p1-cooling_degree_day,MIROC-ESM_rcp45_r1i1p1-cooling_degree_day,MIROC-ESM_rcp60_r1i1p1-cooling_degree_day,MIROC-ESM_rcp85_r1i1p1-cooling_degree_day,MIROC5_rcp26_r1i1p1-cooling_degree_day,MIROC5_rcp45_r1i1p1-cooling_degree_day,MIROC5_rcp60_r1i1p1-cooling_degree_day,MIROC5_rcp85_r1i1p1-cooling_degree_day,MPI-ESM-LR_rcp26_r1i1p1-cooling_degree_day,MPI-ESM-LR_rcp45_r1i1p1-cooling_degree_day,MPI-ESM-LR_rcp85_r1i1p1-cooling_degree_day,MPI-ESM-MR_rcp26_r1i1p1-cooling_degree_day,MPI-ESM-MR_rcp45_r1i1p1-cooling_degree_day,MPI-ESM-MR_rcp85_r1i1p1-cooling_degree_day,MRI-CGCM3_rcp26_r1i1p1-cooling_degree_day,MRI-CGCM3_rcp45_r1i1p1-cooling_degree_day,MRI-CGCM3_rcp60_r1i1p1-cooling_degree_day,MRI-CGCM3_rcp85_r1i1p1-cooling_degree_day,NorESM1-M_rcp26_r1i1p1-cooling_degree_day,NorESM1-M_rcp45_r1i1p1-cooling_degree_day,NorESM1-M_rcp60_r1i1p1-cooling_degree_day,NorESM1-M_rcp85_r1i1p1-cooling_degree_day
2006,417.81662,426.67828,382.28333,295.41385,389.75186,464.62943,417.20563,394.34155,466.0249,365.48004,382.444,356.07712,507.54208,404.47183,378.39413,498.4363,348.5431,316.86218,361.3855,388.1899,367.43994,506.7767,395.31555,440.16946,430.8481,459.948,611.4621,450.03085,395.78088,404.24622,342.90433,328.94788,466.5629,462.77692,348.00555,369.4901,432.18408,470.48688,456.3214,381.9871,355.7062,414.05347,327.2611,479.726,384.2102,362.66183,394.04532,324.67123,411.06042,366.09143,347.81595,370.7129,394.4604,377.10294,377.8477,403.43515,504.42514,428.04068,375.7706,339.69742,466.50162,349.323,387.56015,309.2973,361.4196,440.75174,481.60095,405.84213,384.04248
2007,467.04178,414.70453,320.97534,339.5715,606.8451,470.73666,435.79858,508.61255,434.02615,432.04837,409.98676,396.46146,413.3677,339.3473,421.9757,506.3525,445.4077,325.88507,304.17706,443.55603,491.72556,393.76532,411.56616,361.7021,432.4522,543.6411,479.56458,432.18753,539.61334,442.46698,348.11554,334.62177,292.18155,520.8104,524.7143,383.1078,534.00116,324.26746,415.29358,422.4442,315.5288,369.33975,431.46588,382.7686,338.87006,314.792,387.15985,364.3234,378.228,407.1702,387.3415,343.53894,417.3204,423.34125,338.99097,342.8647,448.45673,456.31778,377.53192,415.00693,553.6572,326.94342,402.5008,321.83725,365.8732,392.55417,417.2293,469.16415,399.4747
2008,594.6863,330.16425,363.77963,347.56763,392.1188,504.73264,447.86102,470.37604,389.64093,438.36703,413.2241,411.30563,413.43704,410.71115,442.30188,410.11584,421.5971,350.89526,427.18353,448.81653,275.34024,473.70834,507.43118,359.39334,417.50797,550.26715,502.76675,431.05716,452.39703,407.39996,492.12515,440.95914,445.86612,431.2539,382.83377,347.67987,349.8432,385.04303,398.6165,402.8564,420.8897,469.17776,401.1228,389.1972,450.13058,323.16446,369.28787,378.9007,433.04132,336.65985,387.01428,349.54102,372.87045,336.9402,333.6417,431.41043,479.13834,554.97235,391.2425,414.40668,383.1615,329.9353,374.98016,349.73788,410.25735,373.65903,366.9667,413.8872,442.25092
2009,423.99362,352.47845,394.2123,407.7177,430.57736,442.50198,496.01117,439.10757,467.6099,460.12573,490.8713,416.8017,370.9825,424.58774,412.59778,371.469,344.51178,286.27335,300.66977,341.67175,339.53897,442.57767,396.0833,424.7724,395.6619,466.3885,342.46317,585.21173,412.18256,406.9704,386.09808,357.5221,367.7529,355.00748,334.63297,464.67905,337.89597,419.61963,422.1642,475.12167,419.34064,404.19794,430.26776,415.4616,434.3383,416.10904,373.63647,337.76416,440.91412,422.99136,449.77664,339.55988,341.3521,428.35544,364.1504,434.86847,349.0187,348.94894,354.7206,468.73074,486.11282,461.77203,367.38058,378.48706,367.09512,403.15976,350.24905,369.48233,365.0049
2010,328.2477,316.19455,343.51065,435.61832,337.74323,381.32263,472.713,391.40112,500.25876,404.29858,391.65744,405.7817,407.3877,421.12433,438.8593,434.02618,405.80508,361.38675,300.738,376.56305,442.84055,554.0969,443.517,390.34897,580.13715,418.61636,476.52283,428.72412,490.9021,372.9125,438.3985,471.88336,313.67093,418.83905,472.39978,556.2111,469.2169,466.77402,488.1186,409.5096,448.11038,476.69614,424.8607,356.477,352.58914,419.81384,411.2349,341.72522,456.09592,365.84808,394.3534,353.95834,430.2327,385.0715,402.7832,418.09897,401.84418,541.9477,409.98715,474.80936,485.19803,359.95374,384.24155,403.50906,368.1394,388.09195,457.51932,407.71356,351.8372
2011,447.6012,552.6368,349.36145,485.31607,464.21533,425.76157,445.86316,502.96222,459.61765,429.80417,496.73676,461.63422,529.42834,490.75635,542.85443,332.65533,465.16602,324.36514,374.4384,454.50452,418.8762,501.39792,506.1645,457.6584,481.4402,495.91132,626.9338,486.36234,491.5291,391.68213,359.94955,325.88605,372.29492,339.74945,390.85892,452.96854,481.39047,530.1031,435.82816,388.7966,440.4522,550.1774,460.9908,443.33594,428.65707,331.77213,384.12418,443.40674,389.01443,498.2821,488.3833,348.82202,434.6354,363.04227,355.27362,472.88232,413.82733,457.21588,468.9401,537.1559,410.30447,352.25772,456.04477,370.992,291.717,352.1045,357.2109,386.75964,475.2791
2012,432.94034,389.19357,392.2506,388.25467,543.1161,537.83594,487.66824,646.2407,458.8302,484.72192,518.88574,498.21597,406.91293,433.2323,463.30634,387.7428,396.11374,487.28384,405.09067,459.65192,307.87268,546.99396,472.05487,418.20612,545.5742,423.47678,549.79706,475.34167,413.27554,396.6516,394.24738,376.9305,485.4309,395.43463,423.94162,385.10123,458.53378,391.3297,468.45547,399.85828,390.1091,405.13687,459.74084,436.066,410.53455,362.53928,351.40945,417.34628,433.83047,484.58725,372.52856,401.19305,383.47192,447.86014,329.33035,431.93423,516.60846,398.36984,498.9388,396.2042,462.4845,277.06033,337.63962,427.95834,395.18103,386.75467,465.2049,416.04623,457.9106
2013,486.21777,524.1383,524.8551,446.41342,584.06964,523.6089,526.9174,446.0748,513.9015,479.73373,525.9577,587.5057,498.75702,398.05222,504.26483,416.75494,345.60812,297.7419,345.70746,415.3935,530.07806,417.38992,549.15137,586.7351,504.3512,386.23297,393.6665,467.49408,360.14908,516.75446,362.35748,429.66467,417.6657,371.77368,397.74127,397.9686,545.22565,452.1322,419.34256,463.1959,394.93024,402.70703,613.6144,478.49484,460.02332,378.20422,476.80133,401.94125,338.81262,390.48334,507.26816,377.6539,431.57236,404.2335,449.827,484.9207,544.5237,365.0198,380.7386,489.00607,444.5789,357.01578,367.41736,358.6136,331.5613,430.75833,437.37952,456.47736,443.10007
2014,474.19214,463.46652,476.63074,457.25012,415.55063,481.07727,526.15155,455.30655,510.5236,564.73584,439.0259,380.05154,380.47635,510.4337,409.58685,418.31586,422.4579,388.47873,359.90393,496.63315,492.67484,507.88522,426.12946,469.0115,540.80566,503.9043,477.8316,480.2515,616.0285,534.5553,402.82306,388.93658,410.33713,416.9581,381.61557,449.68222,449.73306,504.6187,405.0347,441.59256,487.1108,562.4233,482.56946,496.84274,446.74188,343.62817,456.69415,396.46964,419.3783,372.55194,494.2415,360.20947,427.74118,443.25803,448.00418,491.2337,431.28143,459.5358,400.77908,481.24966,411.46976,424.30276,430.93243,306.27875,292.76508,540.50616,560.4572,409.7466,400.2987
2015,437.39246,459.26575,456.5863,412.5116,606.64197,457.74365,550.86176,515.55896,492.0787,471.50082,545.73126,404.96786,467.6334,521.3351,369.0608,381.0473,428.20276,414.5337,366.69095,463.77667,406.41882,378.61264,438.0639,492.82666,619.49774,492.33118,539.49036,406.98654,320.0832,368.3753,340.05728,511.17615,308.44894,381.42422,294.18427,505.3771,526.88153,426.6726,414.72714,489.7321,424.7272,459.62027,390.98022,437.1179,517.9411,448.84375,431.00198,437.829,368.39392,415.64102,400.63187,476.74222,453.1654,417.2715,451.4756,429.2523,412.01083,545.61597,510.69977,480.29556,399.60284,385.83493,396.1275,387.5528,445.52414,435.89334,351.18973,470.6453,399.51962
2016,543.5935,370.6584,444.38474,396.57468,398.0433,515.7824,532.2136,469.95895,451.05115,442.04327,484.8453,517.3322,412.6225,478.48807,521.6832,453.32574,500.44333,417.63626,333.05087,388.12344,387.366,515.848,405.2752,431.75186,509.66632,465.8356,594.1203,450.1399,447.31992,500.90863,379.29913,422.97354,506.5467,418.06122,255.64284,433.6635,396.5242,556.3451,530.4175,523.48926,613.3184,505.53278,419.17316,459.5118,454.0762,401.42343,457.40317,292.37207,428.48746,378.71957,381.75885,419.20145,462.7582,425.39532,436.66446,588.79144,542.4152,542.3137,464.07928,448.75134,420.32034,421.1069,328.59628,303.52527,317.4667,301.61768,378.46936,565.9981,389.2332
2017,423.01352,444.21164,507.15292,415.20886,421.4981,517.908,577.5407,540.7161,512.9203,516.2234,538.00903,567.6292,380.0127,421.62683,471.02243,546.4073,490.46576,520.624,384.35297,419.69458,446.47687,478.03677,499.10428,497.72305,649.13293,568.10504,439.54678,459.50186,478.7099,605.7753,486.98956,353.23373,396.08777,383.81696,310.82214,523.63983,389.9722,474.42337,492.81085,387.14276,399.72617,473.91284,389.2895,480.3917,479.05762,385.3446,491.8494,391.58566,409.308,438.17603,483.62363,451.026,406.95712,396.49942,385.81888,467.69708,624.49603,548.9889,437.40332,386.26883,353.78662,356.4031,353.16208,369.9915,395.1466,465.00604,336.74573,411.78687,462.76636
2018,573.78375,534.556,431.36728,436.52634,477.75204,512.9151,513.04816,655.1727,373.41946,550.3323,590.0796,495.92477,441.47522,511.1315,562.8664,511.21368,456.0407,332.34958,428.63184,337.63983,358.03418,487.01596,504.50687,496.37302,559.0994,566.49243,476.16565,395.66925,426.33572,316.85336,461.6502,368.4165,370.0528,439.75552,529.6696,465.41928,507.00647,431.37408,442.56088,494.3694,404.8893,432.7854,500.48886,518.2789,443.35684,403.4901,479.045,409.51685,442.50745,464.83063,419.15326,413.19476,397.80414,511.8914,465.84412,493.77188,512.09515,520.59454,400.99564,441.57706,500.97546,426.71616,317.43307,340.59912,325.1096,399.90894,401.43564,537.64685,422.44647
2019,544.23694,614.3622,453.73044,447.44928,482.26932,507.06366,442.53067,489.11337,488.1124,530.04114,501.31348,452.42822,404.98758,432.2504,529.6763,474.3836,484.74063,367.49063,393.40045,478.67596,408.09995,474.36978,620.15576,541.7148,657.0366,481.63913,446.3852,507.91296,518.91656,545.99725,366.031,402.54584,516.4663,396.24374,544.1416,547.58044,412.00015,404.76178,576.95386,431.2241,566.99023,489.88428,526.76184,500.01523,426.1727,420.472,481.52032,435.62598,401.608,414.50208,442.79968,388.847,375.18488,391.94788,441.1468,435.65927,497.91757,478.09616,447.40195,454.70883,415.06296,383.49084,420.4723,356.3889,370.22205,492.96985,425.02127,422.52588,511.28702
2020,513.91547,645.4164,545.6229,481.1553,320.6316,467.4666,494.73065,461.1075,574.68195,504.2255,486.2668,588.8828,524.1399,440.46008,485.00027,609.84174,377.1492,349.31778,505.80783,464.90402,490.85522,619.4165,522.1079,620.7086,595.8113,468.2373,477.57184,354.5267,368.76135,548.1183,406.78018,568.0006,369.9769,463.68134,325.20865,479.35486,541.46204,518.4198,459.1875,451.81686,415.98608,537.0922,443.8053,493.40158,543.66296,404.60605,444.80063,381.1704,424.546,553.5774,489.02823,418.6719,380.5575,418.17792,452.879,458.06885,467.26706,575.21533,488.65164,510.5923,437.6636,397.99817,387.5144,501.56113,364.32382,499.2036,483.988,361.73553,456.20905
2021,384.10028,465.94907,573.5624,453.3672,412.8065,566.09576,576.478,574.06464,534.3685,536.07404,605.9306,479.0944,461.8828,462.8119,491.9059,558.3832,419.5151,482.49783,497.92706,434.05988,430.19156,508.25372,625.5438,513.7927,413.83975,560.49194,372.2022,483.96924,519.1257,426.74023,429.36066,501.69073,317.15512,390.42258,385.7069,497.39185,514.4313,514.0227,506.19305,448.16003,450.07935,429.84723,484.50684,465.6274,508.84454,484.52347,458.71915,369.34344,480.65564,454.12585,496.9843,384.0362,484.50684,403.19968,434.60614,555.45856,397.38858,527.45087,480.2267,469.04327,574.1626,383.64014,340.4118,428.04538,402.14136,363.92575,589.6812,437.84064,543.9703
2022,387.60318,574.41895,466.4269,484.99213,397.02875,394.76556,551.6685,539.6258,504.41898,499.7194,522.2267,517.0607,497.71777,381.2561,441.36716,498.66223,461.83923,369.87817,585.73785,413.8981,407.81488,484.62006,455.0207,440.93933,560.9523,469.43295,466.24686,324.70932,540.13007,545.3749,356.80847,410.28137,368.00494,350.75726,287.408,523.044,472.3167,502.68964,475.919,497.15323,420.6576,582.4012,474.81262,513.3102,425.97104,429.78552,469.43127,383.53317,411.97153,426.63623,508.72858,556.9158,382.80634,390.87524,468.15112,538.8966,433.03082,490.7263,491.0305,500.32278,510.5463,390.68057,433.6707,344.84555,387.36697,472.61383,494.22098,431.43213,547.9828
2023,458.66867,531.70624,422.6759,558.01733,398.7509,522.024,525.0726,513.5404,480.64413,383.11273,531.36914,501.38324,444.10312,497.19193,392.2128,535.99744,473.1783,464.38754,492.3439,409.0311,482.6814,546.78,614.3937,602.5529,523.065,563.21814,405.17313,379.22278,523.3721,405.01398,421.24194,593.19366,550.0275,354.10736,829.20685,594.5625,490.1224,417.04956,541.5261,512.4439,417.3,540.6162,449.65646,569.6744,425.82043,498.52548,440.27643,466.8341,445.55807,449.53156,496.54272,458.56558,420.32053,465.57693,397.99454,459.39694,561.6957,619.3202,425.22482,374.24002,540.167,455.5901,461.10333,423.09952,405.72342,602.4803,551.39075,461.28418,515.36383
2024,499.89548,454.6258,597.22894,421.84415,344.2554,520.9912,491.70987,634.6677,532.5146,581.0202,620.7839,569.0478,479.13528,471.05234,613.55365,457.5225,485.1496,395.77722,370.688,422.1081,385.13147,504.29532,572.4368,523.599,571.60284,391.95828,435.07513,386.9831,363.18192,477.71088,462.9667,414.70044,546.3582,308.64487,376.71936,482.06143,516.9396,574.1492,543.60956,462.92636,521.37646,381.43784,609.0927,511.99167,460.1027,441.55923,469.75363,457.39624,439.51373,389.0676,507.26993,450.24335,518.61426,439.37338,476.43066,570.23035,524.4091,439.41135,451.19995,474.01956,583.4255,344.9266,428.05142,363.32245,437.34613,599.4484,356.45633,488.9999,472.07755
2025,460.88336,666.6053,444.49234,611.87744,430.49734,533.81726,597.0506,558.857,501.76605,512.08856,565.04596,484.69055,525.2913,563.6054,475.4319,491.16138,505.82675,395.485,422.07086,482.58676,509.1013,536.8719,668.6545,566.6754,647.8322,496.3758,483.56174,428.98288,463.84442,359.61047,349.0345,554.3413,403.90903,350.55328,272.4323,588.7318,419.28442,460.29272,445.7022,454.43414,479.86542,437.06622,490.92203,512.56195,460.34793,428.42697,529.1423,466.0275,387.83112,440.0356,408.06262,539.7582,506.47717,563.22375,403.40314,496.66547,505.5202,481.13043,436.40485,602.0179,456.05054,402.2118,337.2881,451.96817,450.24908,514.5582,439.05527,390.13657,433.50763
2026,515.7823,443.41776,477.21683,582.9454,512.08,542.55457,590.81683,475.99484,529.01166,701.3904,506.05157,507.03665,454.43457,497.79532,434.43613,491.83136,404.39713,508.70663,364.55954,533.6822,561.4088,484.6599,598.75867,628.85895,538.23047,518.73816,488.44427,539.88086,568.252,518.9785,516.2715,516.7872,422.89688,391.9423,316.0926,423.2189,508.42578,439.22824,587.2579,582.5034,568.94073,484.46594,522.79865,492.51093,452.14813,424.05774,553.52045,477.6807,468.79083,459.49533,434.716,509.14334,496.50616,510.90384,511.17355,434.03488,503.802,515.16693,504.84006,519.004,475.1158,418.97736,425.56854,418.14258,482.42606,569.72437,536.8496,384.16797,602.8445
2027,560.65845,533.3055,587.34485,578.80817,394.22305,489.43167,616.5577,631.3009,545.62115,654.0979,590.6949,532.45654,496.2337,473.20245,495.9506,544.129,451.73962,473.84,416.32693,456.25427,422.19608,435.98737,527.7779,545.28064,546.78125,356.52728,424.27478,493.29022,375.64084,518.91754,505.4057,417.0711,596.21893,389.98575,390.5478,546.5375,592.5034,506.2429,498.78015,562.9037,532.7074,370.59842,540.632,532.2963,568.168,446.12595,572.2471,470.95523,460.84036,573.0398,519.96234,435.8154,513.926,496.57904,492.1351,610.74725,457.93127,550.96204,513.2541,547.88885,528.3446,414.91455,367.46152,372.08807,418.36218,465.93378,566.33997,518.15155,501.51633
2028,516.88135,607.70374,478.45343,546.0919,480.20587,516.0713,524.24414,612.80005,494.71698,545.3624,557.8483,498.17645,532.60736,479.17007,460.87988,525.9768,456.54504,603.07465,554.28284,575.55444,466.54282,487.40115,707.79443,480.98215,646.35516,564.2181,527.40356,407.36465,514.37384,432.48615,494.30212,409.70718,482.45013,365.726,421.40344,446.86923,540.23254,480.18912,513.4071,446.1819,523.85986,507.6221,582.1984,454.82727,454.52112,459.19113,596.13184,518.3006,498.72305,520.0094,545.0857,480.40552,567.5899,545.55536,472.16055,569.64105,497.13937,570.2104,494.33453,497.3353,574.6568,437.97,370.6562,373.90195,404.2867,489.68546,446.82898,511.2131,573.10516
2029,503.04297,549.19995,569.53253,508.26816,526.13495,419.45105,520.36005,578.6254,462.09842,599.43134,610.06885,463.85315,510.36502,440.06525,550.3254,443.8236,501.8346,422.8107,477.15222,522.2922,410.0487,483.47733,677.1215,451.36908,569.90796,446.601,379.68857,351.31656,484.3711,570.05096,451.23694,619.28345,426.40366,347.96048,262.84103,530.84564,675.56354,613.0363,548.33734,575.5852,541.77795,485.69162,573.32446,535.7507,554.94415,497.51575,542.9068,520.6889,428.03748,485.63934,642.5636,514.1325,524.2689,488.82678,512.0721,531.887,434.5207,614.94055,579.2423,677.3058,463.83554,439.64944,398.51337,424.21155,431.49362,359.8961,580.08057,489.33398,483.9175
2030,530.8369,596.217,600.4495,471.79166,523.81165,578.3882,481.18933,582.868,545.962,521.0132,509.54553,449.44846,505.96014,404.69244,565.226,431.53503,499.85168,481.01358,425.49414,501.72162,570.9324,523.82947,522.23975,691.2936,598.6337,465.34946,536.5666,449.16058,494.71838,413.37112,477.6804,398.64743,666.53424,396.4488,544.24506,583.6248,476.001,495.00546,502.6801,465.50964,473.75934,545.1327,503.17157,496.45322,539.4207,405.10657,587.1032,507.45807,428.44025,504.75198,546.248,517.2284,461.75256,444.41382,604.41846,437.16742,580.0666,527.67865,505.62698,555.6588,526.8395,339.83936,407.47885,441.16147,506.7897,389.40915,582.56177,350.41577,525.7987
2031,564.09766,506.77463,619.5487,467.17432,428.2759,502.21365,782.7852,566.6685,486.7144,566.40497,602.7367,641.624,512.1559,461.77234,444.56616,406.9933,435.7749,416.2073,398.49844,533.9556,576.30566,508.24643,734.57965,602.191,750.3666,572.42816,382.20505,386.75308,652.9335,519.50867,572.9718,455.1826,496.8311,432.97913,461.0885,523.45905,565.8329,466.56226,623.7564,405.16855,621.23645,385.2667,536.19476,470.24655,487.68088,525.048,592.9522,497.4736,482.86237,520.9787,609.76605,482.24207,461.35443,465.44955,579.004,559.7264,475.85675,489.93323,362.34708,437.936,585.9727,384.53015,378.79675,382.26996,462.9389,539.5991,453.7317,446.89774,456.62796
2032,547.5674,599.4896,495.5466,570.9158,441.62595,614.8691,582.0017,739.46545,551.98456,550.10956,511.7857,542.2129,496.87787,503.00687,559.75775,551.847,494.14664,446.68246,361.64197,541.5672,535.3905,518.82623,562.11786,725.1767,730.924,535.51465,518.08954,471.41052,650.68866,647.0712,406.23587,458.20132,437.70514,577.1341,463.8754,622.9436,518.1126,574.7726,566.715,464.76923,651.3462,577.2352,441.77267,478.87256,554.17426,514.3453,574.1278,425.27914,444.63098,465.29752,480.06802,398.32895,469.54144,482.56586,495.85638,512.8585,454.587,587.819,489.06866,582.8116,541.7709,338.43637,486.1997,367.25912,422.04822,521.6084,567.3362,448.55908,421.89523
2033,602.08136,745.6168,674.6552,638.49194,490.84763,385.6105,533.20795,549.343,643.9627,561.30505,620.2159,458.17313,535.338,532.7011,468.01987,434.38635,431.11285,506.58566,420.95795,636.0248,529.30365,626.19196,700.1812,689.9734,589.0264,509.29575,516.6329,416.77048,503.51175,510.9189,471.36252,470.87128,458.07657,506.66568,585.9859,547.69806,635.0715,658.60754,602.66833,488.8885,543.5211,509.93942,717.8711,548.6862,568.5551,580.5333,561.70624,454.16974,491.12796,471.31613,557.2505,476.88843,490.10104,464.2038,576.41077,493.9731,456.02945,417.75845,464.20743,657.168,648.9798,440.5272,360.5235,325.91968,434.65192,532.34393,482.92688,439.1771,522.9625
2034,600.2102,600.8232,567.4782,593.1456,531.65735,555.91266,564.0309,577.2535,548.9867,631.4055,630.85724,496.965,535.2892,461.95773,547.59766,494.40768,549.8743,391.30945,374.44604,513.3711,552.66547,603.30597,686.94385,648.00916,708.3229,433.88556,508.34692,442.79764,549.8115,374.8223,568.29236,470.99783,434.2474,527.39996,417.11035,536.9375,583.44275,611.77234,579.08923,620.7904,523.0339,555.30505,533.3721,509.05417,589.40564,534.016,633.1603,498.0123,506.89682,534.85803,551.58856,497.69275,541.9243,472.1269,515.3469,475.348,529.2369,485.5808,572.9086,640.101,649.458,396.73047,362.0836,369.3015,400.17682,622.1625,537.1614,490.99576,511.61392
2035,477.0669,551.9908,607.5051,569.6799,587.3356,506.20804,564.5764,590.961,666.04663,618.44543,633.152,591.646,561.0384,465.24335,588.53735,608.03,575.76044,459.8444,507.67676,576.258,505.15195,524.0057,569.06946,681.9434,631.2972,504.4868,532.3806,501.10785,577.6345,368.64914,428.15588,432.77008,507.70328,475.6627,476.9501,588.9401,553.27454,463.6381,608.42236,645.99677,590.83167,527.82086,593.448,485.23184,567.2898,509.94968,551.16223,561.5011,552.8709,445.35168,611.816,480.54028,505.4045,513.03796,648.86414,455.20798,612.7366,520.05994,489.60107,572.66534,559.59607,410.27414,469.0229,444.73898,413.2702,499.62122,453.2318,438.59995,674.8968
2036,621.6793,718.1772,710.1982,653.25885,571.8105,642.08813,584.62897,699.88104,500.41058,592.62384,687.46265,515.801,542.8477,426.79663,581.7293,573.801,552.3781,356.3715,527.06396,449.98328,671.0242,461.47293,583.3569,609.32153,638.6703,425.51877,506.21088,613.50116,675.7673,491.2932,411.49277,626.52563,389.66705,406.22638,369.40704,595.519,647.4429,567.5774,544.75684,549.03174,555.4866,572.6186,652.371,545.82074,598.0816,515.15497,604.40924,490.41296,531.29504,504.82816,641.2887,537.1969,596.0955,443.03583,571.70746,498.10123,448.32605,755.12366,491.07413,511.67145,549.30273,442.0857,412.7158,416.58795,427.95178,502.90842,546.75586,585.6835,578.11993
2037,505.76733,581.61835,637.99567,619.73145,526.5339,540.9956,538.89087,680.69946,582.78644,582.98364,729.90546,497.0336,526.1974,416.2499,720.71533,520.02795,525.1295,548.92993,508.22488,497.90396,584.66473,549.4552,655.564,526.39526,629.8168,479.18643,680.75946,533.00226,572.12463,518.53265,404.5527,444.60464,573.11597,386.07025,415.0454,649.3264,552.53265,465.08502,730.9981,532.72644,531.8503,481.4519,710.8732,542.18665,524.02716,482.74017,579.9096,462.97647,520.4344,522.50385,609.13367,521.56995,512.3732,533.6938,520.6162,448.20853,484.52792,593.7102,679.43085,414.06866,630.56305,388.45914,458.50583,546.1675,454.50812,459.22934,527.62695,343.06802,574.17267
2038,606.74854,726.1374,583.02954,573.85626,653.9441,638.97284,506.07495,603.00586,545.6137,630.5326,746.74475,501.81393,615.847,552.0045,501.46985,563.4633,500.98474,493.93332,468.66772,453.3444,528.98486,585.6369,723.22955,706.2831,596.83167,492.28976,550.098,414.35052,500.25867,483.9832,466.22968,512.4814,451.79327,423.78098,258.00906,507.7129,511.24973,497.50266,621.87085,616.8015,538.80493,502.03638,719.7751,667.39984,643.41595,502.1445,605.95056,500.0139,541.52924,540.0638,662.3053,596.1773,561.678,485.01617,515.37634,535.2139,669.7482,677.1318,513.30457,569.03235,586.39056,458.79425,484.69788,380.74002,460.39005,464.0966,546.9484,575.1761,488.37985
2039,601.23926,639.9703,650.9633,471.54416,635.63245,558.4761,541.6429,606.68207,590.0244,602.5496,740.52216,442.38943,600.49493,583.74457,750.3867,527.71533,503.09195,508.11652,514.9851,448.28433,574.5694,605.3165,629.035,569.3136,588.7358,564.89,551.3243,485.37778,564.56415,461.11136,603.65436,521.6515,373.11584,461.67618,493.44122,608.61615,488.792,578.7232,759.2283,427.90924,664.3298,647.9801,548.46716,617.3048,524.8251,547.31494,599.68274,493.98923,518.61505,581.7124,644.5262,501.13925,588.69366,499.58545,566.8273,438.41452,558.27203,840.0752,457.48355,489.69235,575.4357,404.49008,503.13727,442.8194,556.30963,424.02112,783.42255,597.618,596.9082
2040,625.50745,653.86926,504.40756,654.6813,607.03613,686.5616,495.72418,567.0326,528.7143,665.8981,725.76385,486.13397,571.56085,547.93634,607.59503,531.875,502.8946,491.00555,528.3064,537.8501,467.5024,544.77234,702.15466,680.8699,665.45325,483.17322,582.29596,456.75534,511.13745,565.9325,720.21295,523.7283,503.77414,408.688,524.9032,650.16473,651.15283,598.94495,709.4671,478.88297,642.56683,589.8696,626.93524,644.6721,502.87936,574.6288,639.0394,548.0354,527.30206,572.20605,604.757,519.82355,666.37726,448.17227,521.32465,436.7143,638.3498,711.05334,527.39557,512.1403,609.1321,413.6364,423.45984,438.72333,432.66223,473.18842,757.1895,450.17355,648.3691
2041,739.76044,777.7291,523.4767,601.0135,671.0702,539.24664,576.2966,546.02484,625.873,646.0966,610.9336,641.01385,624.76526,486.69672,633.70465,530.4519,550.8379,405.2211,542.3765,514.5428,553.1709,539.17847,663.24646,590.029,721.95715,450.8487,537.33105,508.1502,658.7506,419.56635,569.41797,510.92825,480.48322,374.1908,335.76193,590.2835,578.1104,635.4561,690.3972,564.7856,517.48114,627.2539,664.01605,601.6028,540.4185,509.53635,653.994,521.5374,591.28125,522.3119,642.5524,579.4072,557.64685,402.94174,573.8243,529.7094,570.82434,606.6908,533.33435,532.5849,519.49603,354.61423,542.44196,333.185,546.78235,561.1907,597.49084,444.5526,540.5211
2042,587.5101,662.29926,489.1928,536.1584,632.9308,516.96545,690.0379,736.6537,699.1879,735.85706,832.61774,528.39795,574.10876,555.78534,677.51575,539.37036,589.2232,475.7647,436.9873,507.3631,518.85767,637.6079,670.37616,636.8221,839.16876,654.3685,371.5027,529.98596,673.2889,575.6028,381.95673,502.26605,663.6483,496.5519,492.71548,507.00455,545.0425,574.50275,676.40326,491.51556,530.1124,553.5535,626.6542,622.575,651.7773,549.8446,691.8025,539.8359,634.85144,494.97015,615.5298,489.6388,611.89496,454.52197,542.4637,542.0819,592.1722,588.7122,412.62164,532.95703,521.375,416.30743,450.61896,269.53485,512.641,654.69086,525.93945,498.8766,602.76697
2043,518.89526,665.94415,519.9154,492.84103,587.2607,636.6967,616.46466,689.2202,576.3808,642.3069,578.1538,601.1025,600.8304,564.3864,627.72986,626.57623,659.45654,433.83118,632.8369,441.55133,574.80505,564.9498,583.52246,639.4939,729.96625,525.67413,594.02875,531.26575,566.6401,466.69995,761.7163,472.21222,535.2578,313.76788,382.6828,602.79504,652.2442,545.33624,678.5309,549.43225,699.5532,587.01135,482.65277,628.39575,601.0358,599.852,677.8268,567.1831,663.6301,521.919,711.4267,552.3831,475.14508,417.84433,592.88916,574.8614,525.8406,563.71277,493.37253,404.98984,740.5885,354.4869,482.52313,411.67072,447.2909,491.8369,467.9874,513.6414,509.3317
2044,568.17645,684.7407,556.7844,510.31076,574.72644,555.16986,523.1044,650.3652,688.3384,590.1719,711.6205,474.01764,648.014,510.39594,572.3782,465.25436,667.48834,492.2431,553.6056,500.2245,562.18463,582.7411,637.7359,697.7011,662.76764,471.11078,439.14874,507.78906,678.5046,686.98553,521.142,593.79016,564.4236,332.71518,548.60767,501.09894,624.4794,532.7432,937.7823,642.0362,536.78357,543.80237,577.33704,605.98975,478.10547,609.3985,677.9435,665.49316,553.34454,573.8624,649.30853,613.43463,573.38965,520.29144,585.87305,464.4774,460.08463,670.9197,459.46805,617.4652,584.3659,389.40082,509.0279,345.32153,526.34894,482.63376,466.9183,438.78967,606.91815
2045,690.78577,668.04065,509.27637,506.34738,546.5097,539.847,522.9484,588.4782,594.2078,577.41925,797.4096,624.8664,510.8863,500.2868,568.3586,609.3324,608.0174,498.13565,516.62775,495.48538,598.19324,679.4334,592.15765,748.7376,822.6347,623.3932,591.6195,525.89575,492.59094,452.1199,456.76904,438.17227,497.1338,439.6385,649.238,631.5985,579.3564,571.67975,667.6363,510.58405,718.6747,657.1588,734.44574,588.21124,650.2908,577.7505,733.099,498.24457,656.96924,533.84125,711.79877,526.3472,593.1961,578.5576,567.871,561.4933,612.20605,735.8841,477.2851,585.5667,708.1552,424.42206,390.02896,483.54742,446.98264,522.348,654.9465,560.1172,771.0739
2046,600.19836,727.7345,701.71643,646.49457,549.6825,676.9732,609.3507,795.01324,561.87335,681.50806,760.4517,547.5211,636.59515,553.38245,594.15125,572.12604,639.1056,531.77203,441.37512,475.78647,622.8886,707.73737,695.2249,686.5031,863.5083,382.134,688.5672,463.0244,586.3586,526.16486,458.97836,621.88794,575.2843,438.31778,565.0896,524.3632,593.46924,700.4835,762.93823,515.69934,623.9806,608.80615,826.65955,593.40875,601.3972,597.1302,742.46344,639.14246,581.4559,669.94196,670.35126,445.336,533.6172,462.50452,539.05066,537.6025,432.62393,641.0262,486.79318,604.9729,579.5093,465.69934,458.0645,445.4845,560.7282,467.6896,798.2567,522.73553,606.5601
2047,712.39667,655.9205,676.1639,659.8741,545.1688,751.0507,639.23517,803.10803,623.6963,698.4984,726.18866,591.67017,569.6056,543.1146,611.15936,627.46545,731.62,467.8612,661.8059,539.0812,625.8645,651.3374,616.4965,674.37775,686.9848,568.41907,514.63885,532.8805,593.625,460.95895,515.10565,454.59518,555.3001,671.2099,617.9631,554.4816,623.0143,743.82074,554.94653,505.09274,696.78784,669.51215,803.62317,553.48175,613.41473,669.60394,763.49945,592.8105,619.33215,565.86615,660.48914,571.20105,612.5387,541.6993,607.21136,517.91437,486.13278,751.6171,566.08734,712.23206,761.5442,329.94186,474.75293,422.81836,421.2511,500.72052,492.26498,505.04095,610.4719
2048,743.4048,776.4283,439.1091,654.28125,590.54456,640.9683,618.6868,711.52216,678.70245,604.43524,725.7186,576.20905,493.5826,416.73642,708.9446,535.30475,571.94824,542.41174,615.2172,587.78406,642.20886,709.736,691.4059,496.18155,815.2937,583.1914,520.1529,532.7279,550.6425,389.04617,479.40485,446.98618,535.4899,488.43707,389.24545,608.4312,626.7666,687.2947,823.77374,532.6218,606.0236,569.3655,828.70807,564.7988,583.9624,572.47565,686.8177,659.4492,577.8469,613.543,812.07117,439.3015,582.136,511.7189,742.89514,596.4544,640.2613,725.22614,484.89948,713.08527,753.69965,343.60568,456.5363,539.591,511.71402,434.53284,630.193,538.8736,852.35455
2049,656.32715,772.5752,578.9966,723.1942,661.8835,764.85547,708.81525,661.74475,544.5608,692.0815,749.27875,468.3265,573.59296,552.3002,553.8929,561.3027,666.24805,427.7294,744.37756,612.28503,640.3834,658.61523,725.3588,630.5598,816.3767,506.77417,640.06635,641.2151,538.1215,450.85294,452.85342,581.8129,472.7157,646.6423,408.22833,493.9559,718.0767,558.3464,888.24457,610.8688,585.57025,748.7023,759.33246,553.8583,651.8017,574.58795,842.74774,611.76355,596.2187,623.2869,694.0332,559.0068,658.4907,532.52075,669.90424,609.20294,482.515,741.5575,659.6083,546.8136,649.8391,320.8059,478.02374,467.52283,544.66205,509.4192,500.30148,418.3966,651.0692
2050,809.9991,727.5118,471.33948,731.0808,725.5888,749.6076,671.19385,809.69806,579.89685,667.1141,731.93616,472.74182,739.0149,566.66846,498.71313,638.36145,654.5068,477.52277,506.06085,547.8569,676.276,723.305,701.08936,641.04224,858.6495,591.0587,555.2423,493.10452,626.0389,485.77985,594.2474,429.6708,589.4205,381.11313,466.0392,591.6748,642.29785,538.6364,740.0548,635.20685,624.7675,614.7143,694.87384,538.1158,672.7246,601.7064,738.85236,528.6973,626.9772,514.4322,764.1487,501.19977,632.7955,568.1042,658.6349,482.80966,662.4709,632.9494,658.2216,596.2661,646.1076,468.3044,460.55273,448.1382,487.34488,573.26337,435.41272,554.39,649.82446
2051,647.3806,825.6184,490.6823,649.05206,718.7819,712.90137,705.3723,720.162,635.3643,607.7593,872.6387,486.56357,606.9458,437.364,639.0392,603.32605,656.9174,476.3991,667.6121,615.26276,577.19403,631.17395,777.11053,663.2927,849.24963,416.40555,477.3979,590.0221,681.0222,607.1438,404.4798,546.876,534.43396,358.27695,411.95438,602.6082,680.6568,525.65906,815.87836,544.3542,666.6291,604.7183,755.8151,591.43463,611.8519,657.10205,747.6647,559.12286,595.8108,640.6065,690.37317,585.8162,670.2476,587.5488,689.00806,515.2128,496.70605,630.8834,662.73157,548.07806,749.3395,441.39124,487.37115,435.5008,491.44757,459.6323,693.9761,578.7312,633.6441
2052,697.0083,817.286,497.34164,762.63934,750.09424,700.0845,744.94916,641.26465,490.25186,615.371,852.12524,471.73547,496.10852,557.61755,704.0563,695.9451,577.12164,476.94315,583.8671,538.2462,636.758,710.9402,587.3099,658.642,822.20715,404.61063,560.647,615.62616,793.91534,456.1087,504.15237,462.31186,667.27814,394.60043,443.42938,527.36115,581.4556,661.5129,813.4644,499.9945,548.47833,535.10895,700.6748,575.8874,622.489,613.1845,881.09357,539.04376,616.37415,592.854,629.37604,472.27023,657.6963,501.35886,600.64954,520.6958,638.1947,708.0501,575.9406,711.31213,592.3171,347.58206,558.77936,451.13394,555.4809,461.2344,495.78217,523.2328,671.87683
2053,805.5955,798.936,562.1678,640.58905,604.22,766.53625,629.4054,765.2618,572.0945,619.6658,811.3161,490.56345,613.4664,597.9092,804.8985,607.5819,633.42804,407.36774,644.0539,556.89154,657.5075,637.0685,737.8306,538.7753,949.68945,535.7687,514.5593,541.8326,669.75543,521.3568,552.10254,496.63666,494.9082,385.66132,624.8489,609.27386,643.9312,681.0976,851.01184,515.18,637.6675,584.61865,787.91895,572.4293,646.37494,557.68884,794.6521,577.9079,660.0729,661.56805,784.4545,595.85156,580.3038,561.5869,725.8907,508.95673,603.7735,846.75684,480.28458,660.7221,667.1399,475.994,439.80035,400.1414,574.89136,574.7018,639.9411,510.25208,630.3231
2054,614.672,837.83984,579.3268,590.32336,591.70667,777.41864,714.5084,725.3403,649.5722,629.8579,850.1884,441.34006,565.83325,542.4268,627.1934,627.9843,767.13226,517.38354,584.4566,487.96405,623.806,802.5564,806.2744,673.3159,780.91693,506.01627,620.5992,484.08087,650.5976,380.58997,678.21625,647.3807,646.81104,344.92038,678.8617,419.68365,707.1562,651.6197,778.77045,582.2908,549.6204,605.2579,917.1818,575.43854,654.5094,647.6597,758.0708,647.3793,572.3017,606.2453,775.7016,636.7718,575.9265,455.4936,776.94446,529.1235,561.9524,629.2004,438.9287,565.4448,694.80023,455.30643,433.5321,499.595,561.0468,513.5101,617.2796,511.48456,777.4287
2055,729.6165,845.11316,475.43848,610.18097,660.175,833.85846,567.69366,887.5375,658.0003,759.2703,748.16876,450.89944,532.9246,527.77026,701.20325,562.7357,671.0397,459.98056,551.54565,554.05804,678.64185,650.3627,815.58563,574.5467,960.49994,437.291,592.80865,585.0232,718.9457,492.41385,498.35083,514.9803,625.34265,566.36194,680.92316,530.3927,567.92267,597.19775,766.29095,553.8435,718.6603,635.91345,778.0474,558.41327,704.6916,642.1001,830.13684,559.9,543.6113,597.73773,806.8845,574.123,601.0303,586.26245,614.32623,447.25296,572.889,674.36005,444.1216,662.7288,739.71375,513.67566,620.19226,466.69016,549.1596,649.641,590.28503,557.2547,750.71783
2056,632.51355,961.06006,519.7077,763.8748,543.9844,689.85785,768.61884,822.83167,659.2484,625.6175,791.1745,436.43277,644.1896,580.92505,639.64294,577.4402,713.93884,379.2883,677.94714,584.5234,647.4756,727.8437,577.9062,690.46857,959.5728,498.64246,550.928,544.87805,812.6063,403.931,446.59995,346.43796,821.65936,381.71133,565.63745,572.8317,733.28674,709.89825,831.5408,499.6233,716.8837,568.1563,781.7938,557.3999,654.2451,646.48083,866.11914,578.3273,646.8687,619.6445,737.2884,581.7498,737.5818,516.8511,694.183,559.0603,592.178,746.41473,419.80832,661.235,832.43994,364.3736,499.09735,422.66858,540.9529,493.73337,643.192,527.17255,616.07385
2057,692.2006,754.74866,585.6742,773.6132,662.3096,697.83575,635.48944,696.3936,662.8751,546.12946,874.0411,491.44644,574.66974,608.7116,813.56323,612.37524,657.2497,594.00214,628.2478,555.9113,742.75616,645.21295,702.3636,654.4843,896.95386,503.85208,528.42664,636.1593,678.2812,486.68164,491.39093,635.7514,640.3329,452.97635,746.4855,564.7015,709.17096,754.97974,776.8406,549.5142,709.7591,587.8188,823.3757,566.7965,718.2661,613.48315,868.0011,595.26514,603.47723,634.1677,828.5031,587.28156,600.5514,459.91354,608.77936,574.8576,611.73987,722.9693,545.2946,551.31976,712.74524,439.1403,480.3847,406.67072,561.7069,514.45807,668.0294,617.23145,807.3874
2058,738.7654,858.7251,484.2011,697.56067,507.0856,650.722,773.78046,771.8719,683.96906,742.81866,883.8468,423.71304,615.2415,535.9908,725.6341,621.96924,656.8355,581.302,732.92065,504.7652,741.3227,773.9155,730.51166,714.6299,937.3232,461.4209,601.3005,558.72107,796.35114,544.5936,669.23505,531.32855,607.0655,506.9897,629.0423,531.0276,584.27515,634.6108,866.0175,594.956,633.7392,691.09814,923.96075,566.7296,781.57776,577.45123,799.9424,596.2349,611.7291,637.41046,834.2849,576.0273,596.9474,481.0013,704.12286,669.0698,562.0248,863.50006,462.79498,737.6389,849.72784,412.179,514.3148,485.85785,606.14856,560.20654,589.4511,575.0089,766.4941
2059,733.4262,985.3248,586.5936,750.0435,708.0417,832.8487,596.8974,693.3353,671.1074,769.02466,812.8097,517.05707,614.2478,693.4987,742.69073,687.41724,769.0378,544.7786,574.4276,630.88776,670.5787,743.916,753.6198,754.5525,971.69763,406.79407,748.7198,633.9883,687.2804,567.3413,481.3833,360.3038,692.0689,486.8368,817.3742,585.8191,761.0373,727.72797,849.57874,496.6373,671.1731,730.37445,721.44037,610.4771,739.2733,577.48956,840.8482,600.66724,646.9236,738.0509,859.0879,563.9684,566.32196,508.1273,645.2679,573.12396,532.17004,918.43506,485.94083,637.75946,659.0656,388.56503,499.68665,506.94064,581.29834,481.93817,584.0024,538.00653,708.9161
2060,811.60016,1012.6113,460.36536,745.9887,688.71906,759.80835,699.006,720.2598,657.84375,690.97736,929.56964,503.88193,615.49677,722.46277,678.42126,574.92706,726.4594,629.4993,596.2249,496.4807,659.04376,768.493,551.16534,770.8408,1033.9724,547.7881,468.50754,619.5209,561.6952,457.9784,390.75827,460.34323,675.67096,512.05695,469.2865,547.43463,687.54114,587.30457,918.0197,595.2209,674.3083,747.0043,879.42236,579.45844,640.0919,680.62524,873.76385,664.40924,668.719,570.1035,884.7862,521.73016,602.7662,499.59158,799.9863,621.29114,553.5061,1069.9752,492.8762,493.4496,786.2112,407.08286,475.7468,436.40588,662.9238,625.24664,745.5013,666.55817,616.6144
2061,737.7343,808.60956,526.39325,684.48895,742.6627,607.92535,724.412,813.8682,758.1413,571.0737,921.06213,570.8882,645.85297,552.83276,636.4675,673.0419,724.69574,573.2383,734.60504,457.83188,737.4113,794.98157,770.3967,844.45764,832.99536,526.02234,556.0548,569.9272,807.564,475.07523,476.6818,379.4774,661.2209,374.31467,701.29504,533.49133,672.20654,618.6507,674.8931,617.2246,707.51605,726.3774,990.3341,663.4734,678.78986,671.5079,881.14484,568.60913,705.75574,621.0865,952.0411,550.4131,516.4009,522.2298,758.64276,418.00192,700.8986,910.4588,586.5054,658.87756,848.5964,471.65433,421.84662,521.4645,714.27423,479.24902,723.9808,539.7848,685.6257
2062,758.0068,1031.9612,473.2698,680.833,721.21375,686.98035,693.5051,913.7064,734.59247,772.9507,858.39905,538.1239,570.0977,585.1038,823.49164,630.47614,776.1682,659.14105,721.5153,477.5862,732.7151,770.92145,624.59247,665.79364,872.6984,453.40472,578.99994,566.03015,767.49084,382.17746,491.8016,440.06836,595.7714,459.9433,681.75793,564.0268,673.1505,551.3132,764.11523,549.8053,765.6484,565.20593,918.39886,657.4311,706.0552,704.2323,890.7883,527.1561,714.9798,683.8965,879.3019,532.4244,583.67303,568.4486,684.0896,523.4301,661.49133,872.1161,721.1802,688.4605,807.5444,427.7155,469.57843,494.52576,659.9637,384.66577,566.51117,682.03,980.2985
2063,727.05206,784.56085,639.92786,642.24945,780.56683,750.2752,773.95276,758.8828,649.9824,805.033,866.10187,472.4769,649.71423,541.19037,790.8661,666.39935,929.82324,518.60693,629.14343,565.85333,601.7742,787.13116,697.9892,790.61304,988.6143,575.5732,662.9659,495.23975,814.2114,624.61383,595.32983,475.98355,624.60706,517.67236,633.71204,581.35474,699.5313,737.8659,917.81866,516.4504,614.70807,585.5999,942.81915,529.7518,758.1738,707.17834,909.509,616.21124,678.4287,723.90466,824.3819,530.9992,603.1214,628.1814,711.35425,400.15826,481.88046,701.6837,672.62634,454.64163,842.50836,423.73843,483.42386,478.86023,666.64557,442.1375,696.11615,574.99243,877.5648
2064,782.1999,945.8297,534.3764,718.7228,717.8935,815.70734,615.9016,783.4362,678.5355,740.69965,1055.9438,371.83975,536.03503,588.70306,748.6525,506.20276,779.2645,699.8814,756.3007,557.1521,729.9555,943.0812,630.26355,766.6863,1120.9117,423.81616,596.39655,601.544,789.2654,460.5674,485.1242,418.51266,699.017,408.6773,693.8248,486.7892,802.5407,787.90344,1044.8464,542.7037,644.37866,669.6716,916.78986,608.4943,697.5451,680.78723,953.5143,616.40875,682.88715,646.68506,858.9534,482.19803,565.93585,564.4973,797.06433,472.34375,593.39166,928.32043,442.22406,837.3355,822.0565,501.59808,550.57574,433.10236,686.529,582.46106,480.1832,614.7468,764.40643
2065,718.0794,836.8154,481.41605,619.5825,698.1457,816.9049,690.16223,885.31464,602.0416,654.91,1025.7074,454.3877,677.3645,562.3207,831.00946,603.5367,641.51636,460.43787,666.5361,604.61755,643.19855,861.99695,858.7279,826.1352,1130.1306,478.53937,578.6515,578.28265,836.44543,437.3531,569.5013,466.20032,750.394,435.14923,673.3048,719.42523,731.1673,609.8281,912.03625,598.06226,760.2744,663.5494,882.0181,592.1292,834.83093,705.6733,957.6653,608.38306,732.64606,707.2418,953.50433,513.0238,676.9857,599.2165,748.8855,449.1728,591.7261,829.2748,474.7844,774.6108,1038.2994,433.04535,464.67972,475.8927,558.3057,492.63843,666.48755,479.0469,682.58856
2066,760.03033,1054.861,454.77466,700.6589,478.41272,833.3294,653.3471,801.7729,614.9939,682.7277,1040.3789,494.47495,569.6628,709.6768,768.31476,661.0593,736.6502,494.2641,689.7126,588.3115,767.792,832.0364,607.5356,729.6197,1117.2985,411.9974,588.68005,586.5059,736.9612,487.5123,543.6236,494.89517,681.39655,435.16058,861.83984,557.7736,676.26917,705.9356,873.8864,521.24945,795.81555,784.5709,868.5289,645.81946,713.3806,733.0167,888.5555,565.9597,806.6813,781.77966,840.01624,565.1555,693.77924,643.7165,739.9904,498.0892,585.83514,787.57806,423.62045,682.7063,848.2204,528.1447,540.19244,352.91946,593.27136,508.57523,605.98065,683.04755,905.36005
2067,711.5189,937.81274,495.8353,696.9412,504.57358,860.1249,784.97125,873.4025,589.97345,610.39606,919.40656,527.0125,680.16156,688.18036,927.38715,627.7365,833.7554,484.3296,675.47437,632.8341,726.1103,970.1974,687.7254,825.7173,1066.3357,448.4856,474.36325,600.9643,962.39886,498.3134,538.79895,448.01337,763.96277,500.5981,673.9041,448.52277,822.22174,672.575,910.35034,642.29425,762.5643,726.14404,1154.4714,526.2369,792.4338,773.20746,928.7953,637.3066,730.0736,644.4964,840.12537,563.18774,576.05743,607.3662,847.4751,429.477,707.9452,947.3797,517.3106,496.28824,815.4733,475.1721,520.7666,479.14404,597.53485,481.4857,646.0545,629.1637,739.6562
2068,751.2416,957.3759,648.0769,547.4999,380.42017,708.4602,679.78186,1014.6409,631.89154,550.61456,939.0774,523.109,549.77655,580.56573,898.7538,634.6644,813.39343,501.5216,754.6772,549.408,744.2579,938.3648,713.5315,713.51575,1122.91,540.50684,603.454,551.1803,823.3035,564.92395,539.4582,472.77866,758.5341,469.8254,797.42566,522.5955,711.36694,765.7775,1002.54987,512.50555,703.4572,922.8407,943.8484,598.8121,729.4695,678.2958,918.9399,596.1839,674.8106,701.27325,942.9179,503.74838,591.5097,683.26245,740.3121,512.2988,596.6507,1020.9698,492.8271,676.9569,866.63544,383.8754,544.81775,601.84485,676.3807,493.0649,786.4255,580.5315,803.42505
2069,751.6826,886.0751,535.6516,740.67053,347.28934,972.1332,686.5314,915.37134,638.7421,741.67346,915.2128,514.8934,697.3834,592.4915,867.13007,536.0508,825.9043,440.86606,698.0451,513.7177,707.8321,948.5211,730.62445,787.3048,1191.5222,484.74384,645.65784,578.6973,705.42993,456.98868,707.4972,740.76483,673.0792,552.4102,840.2845,510.80975,694.2815,667.14526,969.7871,563.7612,776.47736,792.3045,1039.4628,630.13885,722.6028,739.0757,919.1344,614.27856,767.7593,765.11896,1041.4786,492.8214,648.99725,543.1827,848.4463,557.494,582.2453,821.08966,505.65546,616.8826,932.12854,353.27704,487.96487,521.0402,701.6632,495.09998,730.45496,514.9425,896.9061
2070,802.76276,982.2969,532.57745,700.50446,518.67084,945.76544,579.01025,950.4658,626.839,749.8182,1055.2775,478.16397,614.98615,699.04584,859.5875,649.65686,778.71454,522.8844,739.76886,615.63525,770.34717,834.5587,756.5362,899.86255,1051.0315,327.63464,656.4466,524.7724,789.9299,496.35638,530.99634,541.17975,684.50464,540.1157,392.60544,557.19507,676.4545,613.6039,1045.0963,449.072,646.5694,696.1629,1081.1477,556.97186,684.2568,819.37964,986.6978,546.2419,690.45337,807.2948,927.7208,606.8396,637.7663,645.62177,879.51685,469.56116,601.8509,866.61646,386.34976,639.9986,962.106,397.96494,521.4282,523.8107,671.0921,523.9829,630.1096,541.2381,882.7169
2071,749.55054,980.60297,425.0135,678.7691,542.93964,842.54504,777.5749,1011.3438,586.49835,695.2885,1048.3293,602.2269,651.20337,623.45593,875.6328,600.6231,751.13306,515.575,806.0479,556.964,761.7419,891.1282,720.93896,840.4529,1148.2031,462.80325,563.5326,656.28094,757.9191,552.51355,430.63712,583.60565,821.0556,545.48486,396.18634,528.6942,683.8071,803.1875,992.91754,534.35803,839.4629,729.7258,1151.3705,630.02496,677.46094,810.969,1014.3448,568.1181,704.92365,732.03796,913.3305,532.9134,709.7388,671.216,796.6944,444.8569,604.7939,945.87286,482.66486,702.6872,891.2282,389.19315,433.41434,485.937,581.5264,451.61868,521.5337,786.05884,805.12805
2072,889.3578,882.3591,432.23288,661.20276,536.694,694.90564,685.8857,918.018,699.3192,775.3192,912.6981,544.33417,598.8685,614.4946,924.3117,668.5022,803.601,648.5139,666.9615,511.059,726.984,957.0953,695.58295,828.8589,1142.21,430.8533,620.2901,575.6767,748.1475,556.58466,529.28253,612.32764,1037.3984,608.96533,712.6678,585.2981,754.7741,616.2463,1166.3927,565.34094,679.5512,898.89374,1092.098,568.91974,712.9371,759.54034,998.6899,630.59534,725.0421,744.81525,1013.89594,566.1456,655.22943,562.6482,946.10657,403.20963,696.40576,1112.8955,629.5274,689.0797,780.65955,422.52414,457.9063,592.46313,710.61646,482.65622,776.7788,639.6099,885.698
2073,706.1538,882.99774,469.13928,604.9818,446.807,962.121,841.57275,1002.33136,570.98926,731.1242,1122.1692,535.802,601.7616,579.61426,744.6883,642.7777,827.02856,541.4137,701.79694,552.72186,774.03394,951.6874,805.5711,819.0689,1256.2386,509.19696,544.2781,576.90845,738.948,456.52594,527.00366,586.9966,757.5021,602.5089,953.2232,552.1546,729.41797,788.29175,1050.723,590.7614,681.1033,708.241,1128.3761,622.13727,726.5094,787.72974,1091.7942,617.53424,807.04205,713.706,1058.5735,595.0159,592.8834,626.17694,981.5758,392.10107,535.0882,961.83673,549.80994,559.4704,1026.1866,429.0533,413.63995,540.8552,683.82117,519.9722,740.1385,665.73224,803.2101
2074,750.0504,1019.0468,528.6088,642.95514,361.14084,905.1693,739.9081,926.9125,563.52637,705.53235,1145.0568,468.39267,663.46216,625.18115,937.00916,669.93884,923.7759,690.5619,791.807,645.24896,621.45526,891.4764,638.14453,802.34753,1117.7858,468.3135,680.1354,576.7649,786.33575,374.78256,623.374,636.11597,830.9302,652.2677,909.5876,612.9112,760.9768,859.57306,1194.1577,525.69055,764.95337,773.1526,1101.2341,570.4224,806.28394,830.59534,1130.4634,536.8486,797.667,782.401,972.07434,558.1097,568.3554,640.41895,870.4079,577.9888,603.66455,908.54254,497.04,569.2413,1069.1941,421.37698,475.29086,698.36597,774.2917,539.6926,616.7049,631.1214,789.2576
2075,607.7553,1106.1865,409.99664,668.47595,478.83453,975.1689,792.8234,920.1345,555.9619,845.5411,973.8791,453.02856,630.26685,726.56976,946.2935,653.35767,795.44507,508.14825,830.5286,602.38806,668.91425,999.4359,823.4726,1047.9955,1279.0016,540.972,641.40436,800.6674,834.687,441.41144,598.50183,597.499,734.3971,506.50433,620.26715,484.65222,762.54846,700.6393,996.9324,522.8388,761.39496,706.4761,1075.7589,627.3768,690.87756,844.9211,1022.579,560.271,805.4213,815.43317,1040.4769,499.6104,704.61975,688.5374,822.0158,505.16,742.9244,867.86993,651.1519,604.4593,1021.88947,472.03763,627.0612,566.94116,621.86884,498.44595,777.9582,631.2545,852.47943
2076,704.5071,1099.5529,426.05438,446.82642,531.0486,930.1566,797.8321,909.23334,591.9977,870.709,1071.6667,559.33905,669.126,746.83954,906.5907,599.203,922.32526,628.245,921.9339,477.51956,757.0501,935.20233,855.2924,1149.8845,1092.6814,549.22015,695.83124,662.0208,964.27795,393.66058,511.31784,590.9658,887.1464,526.37085,399.04443,565.3184,718.2308,753.0336,992.5388,609.8828,737.65546,736.3196,1189.0596,547.91766,658.2954,817.5908,1126.0592,563.9269,690.68585,719.3045,1054.926,462.76627,684.4582,656.99304,1012.7642,569.4388,696.70306,1011.1453,529.47235,775.0594,997.95374,377.1557,568.9619,604.6114,695.0021,517.34357,772.4903,630.87415,853.0927
2077,726.29395,1143.5593,474.90378,654.12866,428.792,1019.6605,838.91095,1019.2175,545.2905,865.19604,1092.6125,464.42297,630.1656,728.54016,855.9185,664.77045,839.37524,598.17535,702.2299,551.31793,691.06824,1033.6262,555.5252,952.2524,1247.3704,547.33484,495.52628,604.8286,1014.6779,371.34964,585.81616,610.54877,712.43994,460.62555,502.70236,482.8935,804.46045,777.7057,1131.3696,512.71295,759.977,767.93365,1185.0984,691.04974,727.88904,884.39746,1108.5785,709.9035,712.1272,762.27997,1056.1853,537.447,650.8465,638.11993,855.5419,457.4432,538.9274,1071.384,424.52948,609.0138,979.03516,427.343,566.17,577.52026,744.61694,484.83167,658.5618,665.391,886.8844
2078,758.6361,1084.3177,511.01633,615.48,375.98322,889.78735,852.2099,1105.3971,581.7948,730.6974,1080.8094,508.1781,586.8348,603.846,886.80005,625.4967,894.5143,652.5417,962.81866,520.0426,655.9175,1080.1654,696.3833,995.003,1194.9078,491.09338,536.2856,623.98627,902.2156,441.58215,474.44775,563.04285,638.12427,447.08148,769.78595,665.2856,601.99493,736.8332,1144.8955,584.18115,811.939,816.739,1151.8447,672.26166,662.6066,832.7373,1083.3268,669.49695,778.6174,784.20624,1058.6456,534.6679,712.06256,714.1284,906.5981,491.169,657.83527,904.3931,441.50238,728.3132,844.87164,429.85318,531.42303,622.77203,694.1327,523.3552,633.31726,834.2591,882.7718
2079,858.18146,1027.6985,468.4698,540.6853,371.22827,1027.0427,666.3382,1035.2028,554.4771,798.82855,1037.3535,494.81122,716.9576,767.9931,917.8967,601.26575,717.09235,531.6104,754.4284,544.17303,700.9021,1060.6061,605.09705,831.8134,1157.5488,497.23245,658.87866,770.3122,804.89355,431.0538,653.0434,596.3423,938.1781,503.90924,643.9756,598.04974,658.3076,725.093,1235.2623,445.42108,632.5698,855.74646,967.07043,622.09607,761.84906,810.12897,1224.9838,646.1315,759.9955,754.5135,1009.2029,519.32513,629.11755,645.2833,925.39325,502.7259,714.66016,1059.4795,465.23297,728.43036,901.67554,370.09274,492.95197,601.5834,677.61487,562.05646,721.74695,740.1559,984.7656
2080,791.3915,1091.2511,516.27704,569.49445,437.1724,1119.1989,725.17505,1063.5442,591.37604,792.5056,1046.7838,568.0786,640.9134,796.12067,847.8794,630.83307,954.1071,666.78906,781.8743,468.79037,888.0923,891.92975,769.19116,1009.30115,1054.3737,445.03314,478.4158,735.1322,895.225,507.21146,529.66956,595.10364,842.57104,657.4765,708.1003,574.92114,839.9358,691.76434,1151.8943,475.24957,734.8978,828.8188,1248.1744,566.7009,671.46515,788.419,1209.1414,556.19183,716.0804,841.48895,1034.5957,439.5677,779.35455,724.4088,900.9743,435.70416,635.4148,1014.39276,416.75296,857.5747,1104.3013,490.59106,542.813,474.64313,748.33624,609.9522,644.4519,750.73486,869.0524
2081,760.59064,1191.7284,571.1995,774.198,552.0768,1102.8645,855.17706,1051.719,558.44995,791.20197,1205.2301,481.17035,702.76355,690.6339,971.9109,576.72235,867.00586,487.6184,940.11884,533.90125,644.2423,967.0897,692.18427,899.3534,1300.8978,494.39386,485.07288,760.6077,984.8286,484.78354,627.8688,579.20306,700.32043,433.74146,688.63776,503.8301,744.0252,836.0541,1057.2567,531.6672,785.1707,783.552,1334.2471,554.5577,695.56903,853.9152,1045.7316,537.5601,711.06964,807.08765,1132.4193,497.5187,715.8979,686.0383,957.8634,566.7922,586.97577,999.8826,589.05023,667.32684,1084.0692,428.66232,588.3989,546.72034,696.9547,451.02826,606.578,699.05176,828.53564
2082,887.24304,1084.2218,453.2217,587.0769,422.40817,1066.2207,749.9208,1016.18884,567.86346,768.30896,1073.2482,527.40643,726.55835,642.53937,1009.93665,657.55963,859.0197,753.3378,911.80414,558.55963,749.1598,1012.9511,768.97455,887.87244,1188.3656,409.35443,664.7835,658.1786,906.9969,396.59595,664.9549,690.8106,806.3333,457.49918,592.7131,542.6408,859.4328,850.0595,1085.021,611.6985,879.2798,867.37854,1198.579,574.581,784.8434,872.648,1159.1034,577.3992,724.7291,821.23987,1229.0175,527.6121,679.3903,726.4603,963.6536,464.35043,697.2777,1036.8075,466.82175,616.1535,948.5806,451.25583,552.4682,621.2016,653.821,519.2838,676.3562,705.7233,874.82104
2083,960.5464,1187.6306,535.8152,719.06287,511.40186,1018.69946,786.0488,1115.7083,584.4862,737.1761,1131.3844,496.22357,731.17535,696.96234,924.88806,641.0364,947.3206,791.5124,752.90436,536.41833,639.6799,883.59595,739.07294,1045.7344,1350.2517,431.1424,808.32605,693.1735,848.391,360.5071,516.9142,609.3296,897.72687,575.2857,941.68317,504.00934,762.2253,878.8487,1140.8242,447.09607,652.9596,780.5485,1232.8397,690.174,780.2059,742.19995,1168.656,651.0109,647.1169,866.15027,1209.1412,535.7975,647.9924,702.6791,967.59705,473.21683,721.0714,1105.1113,544.9229,720.83795,1020.2928,401.4485,608.5608,542.57306,701.2694,593.45715,714.1181,686.3921,944.97723
2084,814.82495,1080.7869,476.81287,623.9553,398.66418,982.5561,714.39966,1007.8662,543.70184,726.46454,1168.0037,504.72675,647.5813,747.42377,885.043,653.6009,1031.6283,514.05676,786.13403,529.70026,625.0135,1039.2839,829.72455,1150.5387,1318.1007,377.60873,571.57904,634.891,866.79236,475.19543,523.822,700.8871,774.3807,591.679,507.39783,568.3624,679.5012,910.8229,1166.2921,576.67145,798.28156,848.58057,1149.1158,577.8502,856.47455,846.7805,1177.2382,562.48553,719.6183,878.80286,1186.413,598.3447,623.8325,641.6027,1046.4761,337.0383,574.80176,1105.2532,529.7063,733.0524,885.90015,424.598,583.2196,468.5579,631.4944,561.26184,527.14746,712.0671,871.6903
2085,775.4585,1082.4338,443.46054,803.6582,555.8277,1155.0331,703.82153,1057.3019,647.24225,696.5674,1126.93,572.6715,670.7771,645.22174,898.2101,684.94165,902.3288,557.1505,993.16705,546.46985,588.9104,1153.9119,723.2716,894.58624,1283.499,443.37134,613.1181,629.6335,924.9612,374.46735,566.1092,561.0821,897.52454,420.09225,656.1685,590.2897,656.17065,810.87964,1276.0598,513.72345,774.3283,841.426,1245.9725,555.31616,743.8644,881.03326,1328.7567,588.1762,760.3515,848.2676,1277.9275,482.9455,627.55176,715.26544,1083.909,410.77444,645.75903,1275.3588,482.51385,755.58826,970.47754,476.18805,530.49036,575.1344,765.3969,617.27966,660.28534,847.21875,1006.3582
2086,792.8274,1157.2411,521.88763,624.3342,415.2798,1071.9484,680.5311,1074.6624,583.96045,726.07684,1092.16,464.0403,633.05676,704.4575,1028.1619,716.535,1050.4954,626.6488,806.0371,592.12506,616.0976,1055.631,724.352,849.832,1368.4417,406.89096,609.1445,815.6815,938.74585,452.3555,493.46664,737.9883,788.4522,477.42737,751.1386,604.1789,642.906,779.1471,1190.6777,528.2709,802.2724,845.8715,1143.8289,691.54645,764.83325,819.3863,1310.8271,562.3069,744.67065,826.76263,1226.4962,547.7661,719.93146,875.76447,1019.7927,483.3288,737.74304,1149.5187,613.6951,618.30804,1002.19324,479.8424,562.66064,576.0667,890.7017,494.2802,790.4718,611.32654,946.1885
2087,955.406,1337.4706,525.7068,632.6494,456.2025,984.92346,731.74976,1174.9897,546.0607,829.30084,1167.843,494.28882,665.4717,768.87573,1137.1774,652.83966,960.67145,667.11395,720.4623,597.7368,717.0379,1112.9186,776.43823,1097.0381,1141.4323,511.6961,554.44324,719.9065,809.42444,342.3912,685.2719,742.36395,837.78656,397.01785,1023.5482,618.1061,700.6965,730.3462,1158.1581,555.8769,678.2254,878.34265,1310.4583,589.9083,763.69086,937.53577,1278.9117,636.703,727.25775,819.27435,1345.1958,498.7413,671.4282,693.25543,990.3351,650.3122,645.5368,1245.3516,476.26263,572.31,1142.1304,416.64584,610.3957,731.0732,820.40625,596.28796,652.7554,635.3939,807.33307
2088,776.23267,1296.7174,558.89075,704.81213,519.56836,1040.9374,725.721,1273.3649,455.88986,765.48456,1268.637,526.6671,574.9738,570.6272,955.2658,566.4283,1026.5847,631.6689,935.14716,614.17065,755.82825,1276.266,572.2141,981.71356,1342.2953,467.69867,609.52783,685.3805,975.2543,433.93457,482.26685,653.7426,701.57697,451.5533,1049.5339,576.0243,808.6296,801.1405,1308.0154,542.7913,615.8915,976.0221,1496.2465,613.78455,829.923,917.87604,1342.7635,597.64233,667.5874,838.29736,1249.004,559.9709,644.22705,746.17224,969.017,471.38486,635.5637,1146.1078,519.60486,569.51227,1076.405,452.74704,521.6634,505.28088,781.1031,531.08374,668.8325,742.77686,1028.5554
2089,728.4826,1313.0352,458.88092,710.72736,429.96793,1184.3429,832.06903,1109.8533,475.18835,627.46106,1127.5443,585.49695,598.45825,672.78986,987.1441,639.4889,1004.8677,633.01447,891.8774,660.06024,703.54205,1135.4152,634.709,877.60895,1195.8141,451.17847,496.983,598.6183,1021.8228,373.47787,478.7229,566.80804,797.70374,417.18036,661.8939,533.1892,748.27496,823.0238,1247.99,539.46533,753.7948,795.25946,1314.2982,543.80634,846.9403,909.6641,1311.9556,588.22626,771.29913,827.46295,1227.8086,474.9292,593.0437,718.83795,1011.3611,507.00272,641.9409,1115.5927,492.01062,634.8195,1106.7109,461.90283,498.66772,687.1131,715.1772,420.43326,684.94525,626.0793,1159.5366
2090,822.5897,1303.7158,673.75085,649.00165,413.4915,1373.0737,729.8544,1130.3076,603.4259,579.9068,1339.9033,584.095,709.8953,706.41925,1021.88855,649.9143,1071.1078,711.8513,940.35016,523.3821,694.3979,1200.4037,734.1515,976.5809,1486.1095,506.90842,480.70844,691.2608,964.578,369.49152,630.1728,558.69293,805.36304,488.0551,771.0504,440.50702,632.17004,956.7633,1337.9751,480.44992,726.0974,979.91205,1234.7153,677.66833,813.9132,892.128,1460.2982,557.934,766.44653,815.50714,1156.926,520.4156,689.8593,627.8139,899.6951,475.6553,648.7519,1156.8414,403.36496,652.8944,1293.6578,423.39996,420.40524,562.7936,760.47565,569.8817,721.02356,789.8036,1114.4541
2091,683.5882,1270.1409,485.57703,623.7249,596.95483,1092.1597,754.99243,1171.2743,620.0316,631.45166,1318.8992,547.3989,631.8724,646.68805,1169.2892,598.01196,946.87006,547.617,923.0766,623.1627,843.77594,1143.0249,811.78864,881.1061,1363.8352,371.55295,499.9218,638.88306,933.52466,597.2257,417.94467,847.0674,834.37036,664.73645,799.5229,526.0137,862.1427,842.8944,1297.5072,480.79926,883.93427,915.81464,1129.3048,546.6282,764.704,1002.11487,1277.194,638.82446,728.3085,899.30707,1406.9729,546.4238,725.44305,802.05035,911.8668,481.7725,650.2842,1200.8633,539.2682,589.9629,1082.4252,392.62878,498.51395,627.5917,882.5393,573.9531,629.20215,775.2945,1119.9128
2092,805.56384,1281.9846,489.54132,662.2025,444.6022,1202.5587,777.6609,1151.6226,589.338,671.84656,1227.3304,467.40842,603.4561,792.08905,1028.5919,624.82776,1009.2577,670.361,894.651,638.1791,599.21454,1160.2596,603.9051,953.93665,1414.9943,403.13522,628.39655,717.7749,921.6832,455.44965,479.5292,913.59717,1020.60846,604.0769,670.7773,572.9547,849.91174,878.9408,1457.4946,510.88184,712.6612,933.95764,1253.6611,662.1414,717.0979,824.30634,1326.0238,508.75742,758.1948,873.9871,1339.9657,543.38666,633.62494,701.85974,1071.1644,555.52997,763.3256,1334.6381,467.89597,624.4779,976.99915,399.97324,487.25455,555.74695,830.84845,537.4217,924.108,682.62164,1020.52515
2093,734.9206,1318.4476,573.1083,621.9885,469.75348,1146.6249,773.9411,1034.5355,457.30362,816.75977,1401.563,605.45844,761.97217,707.4833,1171.1176,573.4123,1112.0706,564.6631,871.0826,532.425,823.80145,1187.8716,629.1966,1028.5397,1433.2404,676.40845,584.89496,756.523,1098.8846,388.685,565.9235,746.1954,1114.7684,567.87823,790.1173,578.71844,840.8155,776.5834,1425.0564,530.80975,764.6536,887.56964,1180.9868,523.9544,795.54095,898.00385,1317.2211,552.52826,775.1535,853.1072,1320.4764,508.793,621.90137,747.9321,1069.5573,456.77448,738.5318,1098.0912,392.87793,700.4674,1211.7386,392.0732,584.47565,625.9238,778.3513,454.08856,695.6956,755.0546,964.536
2094,680.3549,1487.8778,491.19144,647.02014,475.49356,1178.4845,693.90186,1194.9572,633.146,623.2829,1290.15,433.79358,646.27094,748.27423,1230.9688,591.54443,1180.9895,678.4556,1029.4116,499.32034,777.6096,1249.7822,827.2535,1011.43823,1463.1001,549.438,511.14474,707.77,1024.6636,412.4751,534.3912,724.3621,901.1228,511.0739,691.0293,665.33734,794.21686,782.5458,1319.6161,530.7079,865.9655,743.35474,1373.0331,471.93677,761.9169,981.3561,1321.3612,612.24695,826.524,881.0383,1408.2172,604.32855,651.3792,765.79474,1007.299,483.52017,650.7045,1106.6141,472.79904,610.4305,1254.4554,475.03384,447.2806,648.67065,938.8149,440.72733,781.14307,679.3608,1195.8291
2095,770.38043,1377.9379,493.275,629.57214,538.049,1113.5223,837.0359,1181.9349,600.7564,708.4674,1378.55,565.49817,571.9257,900.76984,1256.1653,592.10016,995.7475,776.7158,1207.1451,615.00244,809.528,1208.0284,685.29236,1044.2523,1452.0315,427.43118,724.5379,581.90186,1049.038,453.5714,436.8991,615.1073,1024.4303,488.14502,601.15076,503.75516,708.9735,799.3628,1274.7694,543.56177,666.4794,725.08685,1342.8008,612.10706,757.2144,880.96277,1397.6475,560.0341,714.36334,922.41315,1382.9048,532.1711,702.362,776.6145,1056.9435,585.5853,577.03033,1356.0701,558.0038,678.38525,1173.3857,398.5073,562.03815,645.80115,714.28894,533.00745,710.41315,742.94727,1129.6508
2096,904.33527,1480.4476,447.2841,567.3469,511.1505,1173.2638,768.7499,1313.8624,600.2576,653.0803,1450.8683,466.93927,534.4991,691.98596,1189.0302,602.01965,975.76416,565.295,899.02203,544.0571,685.51294,1234.5703,780.7251,1035.6675,1418.366,516.2952,536.148,730.612,1062.9923,371.51,441.63947,609.6409,997.4015,377.29437,805.8761,537.0067,791.6347,872.3114,1417.9832,581.6953,739.79004,951.67975,1411.9783,593.2553,784.6006,902.2358,1379.7018,651.66724,801.02625,936.37933,1449.0673,531.49347,745.755,811.599,963.4794,444.7974,705.9014,1159.6547,506.79297,705.38385,1323.5874,474.39975,568.7025,557.71094,839.0529,487.52335,699.55524,668.8277,1011.03815
2097,835.78424,1296.4845,584.0994,580.71387,503.77823,1199.1688,754.7575,1189.8597,630.76666,639.924,1429.1746,432.88638,667.4971,690.91113,985.54535,613.5509,1118.9215,731.59155,869.65533,584.3163,955.8793,1267.3612,820.1676,891.3985,1597.1366,429.83444,683.0228,881.9732,1014.2531,395.08954,765.549,732.2225,752.8043,472.75714,779.6771,689.45233,723.2257,1012.82214,1451.9852,559.2516,685.6011,1007.725,1424.1862,577.3992,754.91766,866.552,1426.6743,667.694,869.7589,921.3841,1450.2485,514.31366,652.2668,796.99915,1024.4302,402.92947,749.2871,1182.9573,460.8406,711.5592,1271.44,473.61963,456.63614,612.14996,816.52734,430.28516,655.6581,739.4252,1096.14
2098,917.2036,1308.4159,382.3951,673.0521,485.17996,1220.5571,717.2722,1209.1145,659.3547,794.6401,1276.2179,448.47543,720.7848,830.08923,964.35675,585.58356,1070.2611,766.41077,1063.5076,662.4303,884.3779,1350.9423,644.91547,1032.2053,1403.4692,486.52203,573.0059,850.50214,1041.388,446.49377,495.06778,719.5673,865.1091,536.2863,695.6677,563.45404,730.15625,917.59717,1395.1091,531.4003,648.9648,876.5409,1358.0178,580.7,752.769,984.9852,1488.9711,592.25476,804.8201,919.63086,1401.594,445.90872,763.3941,763.24524,1168.6288,475.60873,603.9929,1332.3491,560.77435,637.38336,1135.8676,453.41885,458.70737,622.5078,923.121,588.88617,693.2569,689.6746,1145.7922
2099,779.26434,1404.872,487.47736,742.7985,531.9113,977.2835,758.9639,1199.1234,517.20776,790.56323,1209.5623,509.37042,566.775,842.35535,1110.2982,574.32825,1064.5895,666.6756,1126.153,605.31744,781.2275,1301.2562,692.1385,1067.5483,1421.6603,504.41577,508.73236,820.22375,1296.8687,560.7574,393.01193,651.91345,1105.5796,606.3455,1062.7775,544.67865,918.3406,870.0116,1260.821,537.5104,809.4184,828.89734,1410.9514,565.38007,842.9445,946.10004,1558.5837,593.15265,639.4988,1020.81134,1329.5848,496.67,700.965,844.15643,1294.8429,534.5134,671.61584,1218.5953,569.2509,666.5032,1292.125,431.08594,555.8037,579.83344,936.8235,530.72125,608.5129,716.5351,1124.0791
