year,ACCESS1-0_rcp45_r1i1p1-days_tmin_blw,ACCESS1-0_rcp85_r1i1p1-days_tmin_blw,bcc-csm1-1_rcp26_r1i1p1-days_tmin_blw,bcc-csm1-1_rcp45_r1i1p1-days_tmin_blw,bcc-csm1-1_rcp60_r1i1p1-days_tmin_blw,bcc-csm1-1_rcp85_r1i1p1-days_tmin_blw,BNU-ESM_rcp45_r1i1p1-days_tmin_blw,BNU-ESM_rcp85_r1i1p1-days_tmin_blw,CanESM2_rcp26_r1i1p1-days_tmin_blw,CanESM2_rcp45_r1i1p1-days_tmin_blw,CanESM2_rcp85_r1i1p1-days_tmin_blw,CCSM4_rcp26_r1i1p1-days_tmin_blw,CCSM4_rcp45_r1i1p1-days_tmin_blw,CCSM4_rcp60_r1i1p1-days_tmin_blw,CCSM4_rcp85_r1i1p1-days_tmin_blw,CESM1-BGC_rcp45_r1i1p1-days_tmin_blw,CESM1-BGC_rcp85_r1i1p1-days_tmin_blw,CNRM-CM5_rcp45_r1i1p1-days_tmin_blw,CNRM-CM5_rcp85_r1i1p1-days_tmin_blw,CSIRO-Mk3-6-0_rcp26_r1i1p1-days_tmin_blw,CSIRO-Mk3-6-0_rcp45_r1i1p1-days_tmin_blw,CSIRO-Mk3-6-0_rcp85_r1i1p1-days_tmin_blw,GFDL-CM3_rcp26_r1i1p1-days_tmin_blw,GFDL-CM3_rcp60_r1i1p1-days_tmin_blw,GFDL-CM3_rcp85_r1i1p1-days_tmin_blw,GFDL-ESM2G_rcp26_r1i1p1-days_tmin_blw,GFDL-ESM2G_rcp45_r1i1p1-days_tmin_blw,GFDL-ESM2G_rcp60_r1i1p1-days_tmin_blw,GFDL-ESM2G_rcp85_r1i1p1-days_tmin_blw,GFDL-ESM2M_rcp26_r1i1p1-days_tmin_blw,GFDL-ESM2M_rcp45_r1i1p1-days_tmin_blw,GFDL-ESM2M_rcp60_r1i1p1-days_tmin_blw,GFDL-ESM2M_rcp85_r1i1p1-days_tmin_blw,inmcm4_rcp45_r1i1p1-days_tmin_blw,inmcm4_rcp85_r1i1p1-days_tmin_blw,IPSL-CM5A-LR_rcp26_r1i1p1-days_tmin_blw,IPSL-CM5A-LR_rcp45_r1i1p1-days_tmin_blw,IPSL-CM5A-LR_rcp60_r1i1p1-days_tmin_blw,IPSL-CM5A-LR_rcp85_r1i1p1-days_tmin_blw,IPSL-CM5A-MR_rcp26_r1i1p1-days_tmin_blw,IPSL-CM5A-MR_rcp45_r1i1p1-days_tmin_blw,IPSL-CM5A-MR_rcp60_r1i1p1-days_tmin_blw,IPSL-CM5A-MR_rcp85_r1i1p1-days_tmin_blw,MIROC-ESM-CHEM_rcp26_r1i1p1-days_tmin_blw,MIROC-ESM-CHEM_rcp45_r1i1p1-days_tmin_blw,MIROC-ESM-CHEM_rcp60_r1i1p1-days_tmin_blw,MIROC-ESM-CHEM_rcp85_r1i1p1-days_tmin_blw,MIROC-ESM_rcp26_r1i1p1-days_tmin_blw,MIROC-ESM_rcp45_r1i1p1-days_tmin_blw,MIROC-ESM_rcp60_r1i1p1-days_tmin_blw,MIROC-ESM_rcp85_r1i1p1-days_tmin_blw,MIROC5_rcp26_r1i1p1-days_tmin_blw,MIROC5_rcp45_r1i1p1-days_tmin_blw,MIROC5_rcp60_r1i1p1-days_tmin_blw,MIROC5_rcp85_r1i1p1-days_tmin_blw,MPI-ESM-LR_rcp26_r1i1p1-days_tmin_blw,MPI-ESM-LR_rcp45_r1i1p1-days_tmin_blw,MPI-ESM-LR_rcp85_r1i1p1-days_tmin_blw,MPI-ESM-MR_rcp26_r1i1p1-days_tmin_blw,MPI-ESM-MR_rcp45_r1i1p1-days_tmin_blw,MPI-ESM-MR_rcp85_r1i1p1-days_tmin_blw,MRI-CGCM3_rcp26_r1i1p1-days_tmin_blw,MRI-CGCM3_rcp45_r1i1p1-days_tmin_blw,MRI-CGCM3_rcp60_r1i1p1-days_tmin_blw,MRI-CGCM3_rcp85_r1i1p1-days_tmin_blw,NorESM1-M_rcp26_r1i1p1-days_tmin_blw,NorESM1-M_rcp45_r1i1p1-days_tmin_blw,NorESM1-M_rcp60_r1i1p1-days_tmin_blw,NorESM1-M_rcp85_r1i1p1-days_tmin_blw
2006,59.955837,76.09339,86.97486,74.6976,73.14396,102.81664,114.638855,85.4831,112.93396,114.62067,107.23344,104.83179,106.77064,81.90652,101.12198,101.71203,77.557106,96.28431,99.82938,115.11199,95.30243,109.51344,105.77299,100.33068,90.443726,111.864784,80.94166,94.87616,99.56408,90.41915,93.488785,95.82288,90.91898,109.0841,98.98184,82.09467,117.12451,112.79463,118.31825,101.52828,99.032906,102.60445,115.75708,113.08182,110.98838,114.83748,96.05401,92.16741,94.017944,100.78665,97.44211,109.27659,112.52698,109.5616,94.0812,89.14813,95.480095,94.06456,107.55804,117.358765,113.88175,121.502335,92.30343,109.25985,97.15466,72.474686,95.67123,92.91622,87.894516
2007,91.95474,75.98697,109.16441,77.54984,88.75796,86.14025,87.07591,91.29185,83.58765,78.79023,104.26728,104.29665,114.30119,127.82958,95.2545,87.20177,80.45706,89.55452,109.56208,96.3389,96.534134,118.5211,111.88041,79.6951,96.41875,92.90452,91.15822,104.2928,75.79745,103.53941,92.94493,110.87984,109.79321,84.996,83.12725,92.07136,81.38684,82.29256,86.87116,116.73661,92.888664,102.453445,112.2314,91.14689,78.0453,80.28506,89.01434,112.99405,81.38882,105.859505,92.24157,102.9624,115.023766,105.7278,79.14705,86.0804,71.56894,92.2872,110.354,86.85632,77.33785,91.437004,97.58815,101.075195,100.31927,86.17384,83.12881,85.89053,102.13101
2008,82.44776,109.27498,117.57529,78.490234,100.597755,67.288994,99.44388,81.56131,78.503876,101.50402,77.492935,99.750725,91.23667,93.286,59.59021,89.58493,88.508934,94.756874,97.93185,102.2464,103.20548,108.683014,87.91723,86.785194,94.385765,99.58074,92.69289,94.63672,88.54287,114.03568,96.81041,82.69769,109.40145,93.03605,64.44804,104.83805,75.39218,90.59163,107.299736,85.64156,114.486336,92.15168,66.34988,83.2115,96.822266,60.69715,101.40415,92.97889,103.65654,88.27512,106.79439,95.46576,91.1509,90.409584,92.864555,102.244026,83.70623,91.441475,90.33024,82.681015,82.50307,93.273766,119.96787,96.6596,107.09953,100.74165,91.55089,84.336845,95.90148
2009,94.327515,104.59272,82.449844,73.40302,107.94088,93.56642,74.480194,71.02946,85.10422,103.07153,102.335014,88.96229,96.05362,77.840744,93.71227,107.88367,82.081154,89.88616,99.594986,107.89975,104.46924,102.39681,91.83468,95.95655,94.37764,88.18277,94.77688,113.74713,80.39474,78.195564,108.89026,105.668236,85.63381,103.47843,112.621704,98.9476,93.95007,96.386,105.26431,106.882866,93.07956,93.498184,98.7837,91.9869,96.74242,96.83657,108.294365,83.59899,96.78736,93.68535,104.901024,111.76662,64.056854,116.82909,76.7199,89.13472,95.81794,78.86361,117.76221,84.415215,110.72673,105.14744,115.5502,105.29184,106.23007,103.2421,102.280174,83.538574,110.69472
2010,99.38936,106.65875,107.30799,96.88142,92.61035,73.776184,99.47169,104.04642,89.00252,120.29416,90.96161,91.971664,116.16862,63.432453,120.084,105.03861,92.87953,113.90016,108.782074,103.69113,97.27276,74.92708,94.309456,96.76622,91.07332,106.90236,103.82407,82.489655,89.383125,102.72906,116.73131,104.635445,115.55447,83.27838,91.021034,85.18281,79.209145,113.39466,91.23941,73.91634,78.953735,80.52707,74.97989,104.96472,82.6189,101.50546,84.6382,101.00286,85.79315,102.26081,80.973335,91.93836,93.47364,83.56794,105.50324,91.10278,87.18861,82.632774,103.07085,92.021576,86.787125,89.70165,103.482956,101.23188,90.63613,112.49542,88.11929,112.439606,101.18198
2011,70.96506,85.53383,84.12015,98.95136,89.14725,111.968796,102.18333,96.90053,97.744194,81.94565,112.63908,92.33371,95.79611,78.15596,104.52027,106.257935,79.07111,98.92025,110.78487,103.22409,118.2396,110.36611,95.523735,58.891605,87.480415,81.9861,85.55081,89.92425,84.9616,105.07549,106.28694,108.7208,104.54257,114.20596,89.5131,99.85697,89.01033,91.21412,89.54817,78.22221,88.29139,93.87917,111.44916,73.52482,96.29899,97.96068,91.087204,89.31194,96.580444,102.7176,84.32105,73.03763,97.655106,90.00633,114.58602,76.325645,97.34885,91.4292,84.54915,89.63255,76.79914,91.968285,101.001724,111.72158,117.127174,98.18138,93.17669,100.71584,93.10053
2012,88.29836,103.37219,80.86439,86.3339,95.81305,110.78107,49.975117,92.017815,85.952095,111.880325,83.32093,86.35824,99.1957,81.494934,76.76529,116.46288,92.30874,87.08389,90.69935,99.60346,97.69554,86.533745,92.88314,96.71218,74.983215,118.36582,95.58318,77.82547,94.79094,112.519295,97.78617,114.13817,92.527145,86.0429,85.22964,102.58508,97.84166,101.42875,88.095085,106.33254,77.99045,82.42464,83.932945,106.83261,94.64476,84.63789,94.81374,93.15901,83.21008,98.28744,87.79822,85.65759,102.686775,106.36972,101.10857,84.42452,99.551254,85.8199,99.93304,105.74695,78.38213,102.48949,94.76904,106.678925,94.44244,81.42795,99.48175,103.801994,83.62248
2013,88.46434,91.92584,97.48038,54.550175,90.02122,75.80378,59.71368,101.46516,112.10222,101.47483,81.68296,79.84386,76.04361,90.502556,57.70513,105.138824,79.6464,89.35558,81.72386,102.70828,91.74087,85.30984,84.49895,61.26973,94.28223,100.61774,104.60877,94.8393,90.30475,90.70551,90.73014,89.48424,91.479866,100.63445,90.965675,104.49598,112.09711,96.303024,86.545555,108.56764,109.07242,101.959076,95.88389,105.03986,71.191185,120.13843,97.439865,77.328835,86.1112,101.75248,89.058014,113.59807,90.026665,98.28635,80.2284,92.078316,77.93249,111.44243,77.093925,101.58603,91.99924,84.062126,100.47948,102.491425,96.1352,97.49443,82.58593,86.642624,78.45361
2014,84.73891,113.21497,77.0207,91.02017,91.58427,95.9651,72.68256,61.57017,83.91833,94.598785,92.164604,104.89693,108.490715,79.36483,98.88684,91.339096,100.10495,103.903694,83.01323,91.92095,70.96893,102.77171,100.7377,81.824356,106.62297,86.44447,101.197105,90.1574,78.144135,102.972496,94.47698,96.050316,114.44882,117.0731,99.27263,119.99708,67.363014,116.53874,85.29283,102.20275,78.46443,102.170525,111.026794,82.089554,86.448555,93.97964,75.210144,108.5631,97.791214,101.59982,80.16532,84.37721,97.88819,104.2926,108.47625,86.66226,67.43417,91.17243,93.324684,84.38279,101.89456,110.19643,103.518936,92.956696,93.331184,110.437614,102.62907,104.54356,81.08464
2015,81.0737,126.32241,92.31938,89.5595,80.65235,88.65016,96.795975,95.92832,103.52034,78.200325,112.33066,96.380424,86.410995,78.69634,94.391464,90.51078,116.58858,85.04903,90.28715,88.96743,101.95531,120.13404,81.11796,89.31994,101.38557,89.237045,101.18513,85.41081,103.54831,84.022285,104.57896,90.61306,102.51177,74.49777,82.31112,100.17302,91.48422,98.96742,99.38352,92.58609,90.67724,89.22118,103.65838,70.69106,91.672325,88.85647,80.81839,115.23145,75.464874,81.23357,78.04326,91.078766,94.69719,79.40475,73.30506,129.18054,107.38765,67.09437,97.41552,99.26541,102.783005,109.56325,107.16583,113.06741,117.681404,109.6571,116.51084,112.50682,103.80228
2016,85.51746,96.5913,98.735146,88.11654,104.27566,89.818726,75.5812,100.796265,90.375374,99.70913,68.925865,90.05212,76.065475,94.90852,79.95649,100.11558,104.818344,82.59936,112.98961,119.36234,111.51162,114.02785,111.24464,98.73457,114.60211,100.85418,85.93941,88.77812,98.70899,79.24231,116.58228,98.88192,85.881,86.90984,96.515526,88.36444,65.15503,103.75146,78.233665,77.6856,86.23246,78.99595,107.35368,86.53196,103.42047,103.95357,83.10941,98.55267,88.43066,105.90072,91.34254,81.62758,98.37507,117.18557,91.98525,85.7018,90.84795,98.610306,104.64884,95.66725,81.77552,100.01152,112.31606,82.18965,114.05148,88.86074,84.669464,70.678154,97.60269
2017,94.89774,85.227356,101.44415,76.8378,120.49978,98.65549,73.59358,102.900795,84.56017,83.651024,94.91157,72.50053,93.69197,94.26571,108.007744,99.1989,91.99509,96.137886,101.811066,84.054276,94.16467,92.13154,85.9816,102.699265,84.52675,101.03047,90.16265,75.98149,88.15411,103.758545,114.19372,108.45478,76.14297,91.81051,106.47995,91.30487,82.34938,100.97884,103.33498,106.38191,79.289734,81.69744,90.816086,60.636997,95.30969,87.40489,122.259026,81.821754,99.7877,115.62812,103.53835,76.18578,101.45245,98.963806,104.27422,107.71905,85.027794,63.740993,86.610886,63.998722,110.46727,89.208084,106.26977,124.3264,110.12811,80.185684,98.42762,97.67628,49.23754
2018,99.35718,93.07201,92.89459,106.146736,72.438034,103.69318,94.34365,68.79185,87.58354,95.427734,91.07372,84.87835,93.74159,99.897644,97.01767,86.861694,93.58503,110.739845,75.61903,99.68643,89.326744,104.485695,92.44354,98.03826,81.83297,86.19292,91.188225,105.439674,81.2464,102.26757,84.09395,103.05144,104.356544,93.28917,85.096756,76.93876,95.89313,81.30503,86.84396,107.414604,89.59455,92.68984,106.01012,93.47942,97.82336,103.911194,95.29839,89.2104,80.840775,76.288795,113.449036,78.05446,88.706276,104.75383,90.5225,68.7514,97.36539,79.24862,81.35346,92.56426,102.24658,107.70323,93.49511,105.27446,97.3059,62.426746,79.83831,98.92781,77.00091
2019,94.05286,102.72771,80.84395,98.51201,106.108734,103.36843,102.59062,75.44407,76.55688,73.60578,88.76599,80.38059,90.42449,114.44273,100.688644,78.78798,114.48186,110.542206,92.655754,95.64375,103.92631,87.9193,84.57534,90.30132,84.021545,99.626686,95.599304,104.23011,102.09586,85.04766,100.34288,122.31922,97.07709,80.724785,91.425156,113.90446,109.00479,99.5825,91.493195,94.225624,113.99913,80.080666,101.82146,102.57365,80.641525,100.1893,68.93828,67.92009,92.678955,83.95963,86.23796,100.320854,89.90557,99.197914,89.600365,71.84079,90.416794,81.80776,79.797485,106.01777,71.29849,107.49199,106.958466,94.42312,98.327484,99.948524,99.42539,106.86549,94.38167
2020,91.13529,104.6351,82.110565,87.39223,112.369026,86.135826,80.91808,108.75245,87.63594,96.85217,84.08446,76.262085,76.45411,80.76904,61.9454,80.53677,83.3958,95.305855,80.88175,95.92813,93.26242,98.462944,92.92201,95.09043,85.58478,82.08373,85.276276,105.86714,97.024895,92.54563,101.95975,91.95765,105.833534,122.794266,119.71823,82.63128,94.82397,102.88543,121.51224,81.80796,73.40011,79.68442,112.59694,71.09815,99.52051,91.03955,84.96846,95.55101,78.031845,106.728355,95.09601,101.89328,88.79358,70.92687,112.6633,100.52312,98.23124,90.39417,102.646545,94.81631,69.34293,95.184326,102.20063,105.43635,93.427185,97.26852,92.22867,115.44723,91.40686
2021,82.10032,124.20309,88.075005,91.26194,93.07473,73.62425,57.169636,93.98111,64.441315,89.28972,110.0108,90.017715,76.83942,97.91353,87.87536,102.58562,89.91186,94.7749,93.02103,91.17105,102.333984,106.94753,72.37571,80.64232,102.20545,95.65742,97.80081,114.11239,84.8902,71.90079,90.98966,92.6367,106.34758,92.3832,87.832565,80.38549,89.541725,88.90159,88.85788,85.59491,101.550896,103.3785,69.626236,77.5919,97.58198,93.34856,83.73254,109.8752,103.00761,88.35434,84.94724,82.99779,100.573555,93.595375,87.81061,87.340515,94.825096,106.82498,104.39371,72.46933,63.17274,87.672005,97.54296,122.15637,91.92274,110.457214,104.09571,91.8371,90.84847
2022,84.36997,67.62586,90.77828,83.03586,79.07894,79.21632,87.905594,85.058495,74.63295,110.216286,63.381687,107.596344,98.815834,87.25159,97.369705,96.57618,91.36654,96.03929,120.69368,111.30882,92.84384,104.616936,82.1035,84.32556,87.88311,112.14015,95.18398,115.60374,100.01231,80.70774,109.97077,96.16529,86.2423,99.469574,96.45067,128.36133,68.52944,84.79203,102.940094,95.86441,81.07503,70.19635,101.44521,83.836525,79.36612,86.64356,66.53325,91.83952,85.070946,87.19485,88.13652,86.90925,90.03152,114.450645,93.5727,87.815544,83.78484,89.36211,97.134186,84.62462,108.23884,114.516556,110.38152,100.53112,94.94295,80.81916,81.87048,82.83505,114.63638
2023,88.17011,84.182465,57.309246,94.10986,92.55481,84.284164,78.33857,112.80252,84.0812,77.1532,66.10856,104.627525,89.46553,83.516014,118.83606,114.38009,83.01193,87.657616,89.03869,77.95693,91.90317,92.55566,92.88669,77.04952,106.706635,97.81674,108.060196,112.32383,98.383255,102.55746,79.06999,101.621826,95.676155,92.087326,68.26544,94.4197,87.27243,104.27936,102.56466,71.35632,88.217674,102.20869,91.515816,86.54685,85.0679,92.768196,73.694214,83.01743,101.2609,104.27583,87.362656,80.30588,99.2968,73.454765,87.446014,86.23059,74.650055,90.762634,91.614525,104.20266,90.40759,108.147675,101.86039,118.107346,98.60075,84.75837,103.2685,110.376945,73.94088
2024,77.297356,104.79311,89.56244,92.81012,96.42376,90.76731,102.56782,93.697044,93.62783,98.96528,87.10177,74.3604,109.33852,90.66149,84.2973,86.9667,97.80679,88.49251,98.59767,84.99688,88.63965,118.82607,97.27578,96.877335,92.60511,102.490036,75.790886,101.16058,98.893364,95.55365,80.58603,84.0356,88.07594,97.38221,89.67429,64.98915,84.25906,94.916695,85.348335,86.13231,96.114395,79.028534,101.99046,88.21325,70.99956,88.242645,64.834236,75.80936,71.59566,99.37054,74.545944,76.064514,91.494255,100.00229,84.13569,71.25581,85.56027,82.756714,89.897415,95.59379,89.034325,90.07827,97.796135,104.52447,97.3598,76.08388,93.43253,95.20058,74.84574
2025,70.66505,86.1364,89.57869,90.24564,111.786255,74.10411,73.80885,73.47291,81.38057,93.25349,94.042694,85.674545,95.95978,84.315544,67.43564,117.44182,91.10718,82.876465,86.502304,95.577545,110.58577,93.131325,88.75757,73.68796,86.735535,106.921265,68.55196,92.1343,65.40217,105.06028,95.36503,87.30391,94.13703,93.3909,88.0071,95.91984,98.9499,81.94131,107.49855,117.7478,100.40663,98.13402,81.26832,72.79565,96.76077,84.93798,73.34286,97.44547,67.685326,70.94022,85.22757,79.741425,92.637314,97.499245,106.74929,77.59468,82.04001,86.02278,83.6108,72.58723,62.815357,95.054726,86.861946,82.43839,91.9784,106.58235,73.90578,102.76309,79.9583
2026,76.70819,61.621468,93.57047,85.85624,106.07956,82.384636,62.44427,84.824104,78.48546,98.272675,88.72541,94.27018,101.61826,94.6549,93.535255,83.078064,86.19569,90.20581,72.31154,102.77522,87.52392,104.412315,88.32331,82.591415,95.22389,113.49647,81.07413,106.12457,103.755905,100.02654,92.15643,94.26668,105.30253,90.666046,103.44679,81.20542,83.545135,95.89165,102.03291,88.3067,90.71804,84.51524,79.11493,99.36936,85.55135,92.752464,84.25361,74.90225,76.96266,103.835945,78.93876,87.979836,79.687325,81.40282,72.11831,98.42395,108.989235,73.40429,73.91433,86.09667,73.78717,87.0518,96.82166,106.57339,107.101974,91.791794,79.81776,73.80872,102.14335
2027,67.54222,79.708244,83.90821,60.86859,84.26484,85.14516,90.08873,85.13661,91.32951,78.672554,95.71579,70.92184,83.3589,77.49533,70.21735,91.914734,117.24462,97.98002,103.57201,96.23557,113.92366,101.103226,104.563866,92.21849,78.78696,107.422745,91.06316,92.945244,93.36452,57.17047,98.63055,107.325226,98.76148,97.781296,86.28446,90.91882,85.041534,85.066025,89.459785,82.81463,96.49895,104.27126,82.99048,72.58481,100.550026,81.58303,63.024128,77.20708,73.99446,84.5711,79.19582,89.749985,83.263664,83.77124,124.28578,86.89458,104.33732,95.25654,73.028915,85.49741,85.56283,104.96176,89.87035,92.29641,90.76513,122.91877,96.708855,106.21626,98.592545
2028,65.94518,62.02966,75.974106,87.775665,75.37786,126.10813,80.46475,64.93069,70.38175,101.44273,86.25432,88.9765,78.57486,84.31892,75.29872,80.814835,102.32248,77.87814,87.93224,95.83748,98.693344,115.625854,79.11594,123.96287,89.17076,115.58433,92.03008,106.71408,82.39287,102.9841,93.22897,110.95297,104.16527,77.16034,103.06676,108.68791,84.159515,114.19679,92.66204,95.31116,73.879395,92.99538,109.498276,82.71799,62.971977,63.97797,73.077705,108.21503,92.182594,76.20385,89.998,90.35735,105.868355,80.81922,85.03951,98.60144,103.45485,72.03169,73.09505,108.12668,106.58746,119.09195,99.78525,101.88899,107.96019,92.88672,87.04471,101.64187,92.92358
2029,79.13283,76.5198,104.79018,99.88147,102.13515,71.914505,85.934395,85.46987,103.52491,95.55989,89.48112,86.99045,93.83426,95.00262,113.35308,85.80135,72.63488,97.92734,90.40324,102.76279,81.8614,87.728065,97.38284,83.67149,90.08646,78.66159,105.78592,100.78217,95.67064,88.04927,87.070366,87.99735,108.736946,98.90507,107.46945,86.01118,95.53468,76.38115,82.82348,83.44765,79.045395,115.91099,102.50767,76.55728,71.2138,86.736664,71.005104,83.856636,107.5131,86.17762,56.494934,78.6291,100.467995,80.03803,68.30379,96.63952,98.03961,88.914406,73.31953,97.33609,106.92707,100.082695,111.194916,91.72866,89.62431,80.93323,101.00397,97.22486,64.49699
2030,83.90081,70.85847,79.985085,108.85295,87.90951,64.84861,59.506226,79.492256,80.84307,64.212006,92.8953,82.61007,61.579124,109.92485,60.104008,82.14825,88.96797,87.418076,77.46524,119.37924,79.612144,82.68831,99.25133,81.54068,88.92918,97.27451,88.4104,83.865295,102.10124,91.34455,107.30551,93.455475,93.10133,112.63708,75.644,89.12354,77.43155,108.45958,81.46899,108.125725,84.28248,89.45243,81.62193,89.0414,71.64079,74.00369,77.53111,82.66323,84.65503,93.539604,65.436386,72.66586,83.21194,114.27329,81.071526,90.917755,97.14818,80.419235,82.72382,107.48969,74.57765,88.88569,95.907616,91.28791,107.722626,93.41567,81.95488,83.56724,94.31703
2031,88.37041,101.82808,79.538086,93.57938,90.88229,78.804184,83.94206,111.27845,69.83144,92.20293,106.62196,77.08651,99.94255,101.86553,64.7023,104.76123,82.915,77.366745,70.90845,118.12952,85.99206,79.03141,79.776146,87.79389,75.3982,103.4505,101.09396,83.63667,80.130615,101.31391,98.75201,99.734856,93.43584,104.529625,99.628075,75.239044,81.64221,99.93007,91.9709,82.500404,60.708645,87.71085,94.90058,73.785194,74.4945,95.90702,69.19156,76.14185,88.99865,76.95752,70.47337,87.87,68.21934,89.46742,75.43318,88.63029,87.34428,93.64587,99.461235,87.1188,66.84204,87.402626,90.402695,99.82788,92.81942,101.17511,63.275154,89.250984,111.135635
2032,78.44899,78.32226,98.99517,81.02974,96.4053,96.65288,63.784813,80.84592,85.26241,68.03727,101.56142,76.91791,86.42254,89.873085,87.812416,74.10793,84.609146,85.997,89.00426,98.80941,85.24056,88.011734,94.64218,83.288475,62.02314,111.83528,98.34577,114.793816,86.17335,85.06764,90.8097,111.90468,85.2596,112.86844,90.77806,81.166824,94.71675,86.49482,93.61454,109.087074,102.736305,79.21199,85.86335,74.26907,83.241455,84.95279,61.544586,82.95036,75.76111,86.425316,94.524956,90.939865,75.85106,78.32017,61.169952,89.57398,89.06374,72.28155,86.57218,91.474686,64.94087,108.652016,122.364044,108.99208,106.82339,83.01965,89.63692,74.357216,76.547874
2033,79.62104,108.41921,80.45214,87.41755,97.28285,83.572235,78.50324,69.5719,92.04119,83.57784,79.93626,77.00159,83.27263,95.85526,93.409676,110.15367,79.45376,82.89939,79.84011,92.058105,116.54638,77.590454,99.98748,80.825325,75.232895,108.647644,66.5156,89.02433,94.45513,91.02015,82.11102,85.255356,83.6075,106.538605,86.86137,86.88051,85.55155,93.7335,88.55723,71.67697,63.80167,100.70011,87.65387,78.550606,77.76227,77.90508,82.93677,91.555145,67.691536,83.71006,85.00947,88.59737,103.83602,79.599045,76.12595,98.46139,103.19059,86.04465,76.148476,90.41047,75.23776,96.1177,97.012245,106.818886,104.863754,96.63314,91.08335,61.783066,78.24087
2034,87.01485,88.58047,81.8495,102.67275,107.851166,85.78402,99.071144,79.42698,96.61971,80.87009,89.97074,89.025116,99.611855,88.04001,100.19016,96.04083,95.324295,105.359764,74.61495,90.29622,96.04165,77.94327,70.85381,83.08175,87.33678,96.01788,79.13185,95.42476,95.27359,91.76286,102.82008,101.36665,97.33979,108.36277,88.74868,83.24111,82.93632,96.38335,85.59313,65.86573,89.60794,108.415886,95.3468,50.940647,88.768394,64.083496,78.34782,98.393524,102.381714,87.5008,60.3685,89.77624,89.12303,89.75709,93.147804,84.7338,93.987816,79.88306,89.63387,56.574173,55.139595,107.78791,91.20486,106.62618,110.00481,90.31464,87.072754,90.50021,82.25991
2035,96.90066,100.07112,80.02791,102.08443,77.349304,82.39301,83.59355,96.84271,78.45415,76.19074,73.8134,90.79366,104.270226,61.210728,89.836914,107.54647,87.65342,82.97958,103.83485,86.67882,100.4545,89.28312,97.06801,75.094055,94.0276,102.528275,86.191666,87.90185,84.492355,94.98964,81.317535,85.888885,79.18156,76.01499,106.29613,82.76158,84.86425,85.55189,84.2452,106.53586,89.33802,106.207535,91.06681,86.39634,72.94346,87.26537,65.087944,89.37872,62.886623,100.74959,74.98601,99.12274,106.956276,71.99199,88.09315,101.5251,94.25865,75.65774,93.00884,65.93659,66.127365,89.81204,83.28134,96.02187,96.234726,74.49862,72.195915,86.33111,73.553246
2036,49.689278,75.90126,94.46964,85.36227,93.08979,71.87172,67.92279,77.07663,93.558945,79.94849,91.073845,80.627205,64.99164,102.89314,60.9899,78.19002,87.93698,78.479,90.70335,89.35312,72.42153,87.60606,98.56378,102.6496,86.26418,100.71379,106.733246,73.63512,94.905655,93.82639,91.818474,88.02901,104.74687,91.528366,83.69592,87.66196,82.06557,78.0091,82.92496,84.0869,69.10223,104.84538,90.023796,75.14985,75.327805,87.9554,83.31077,73.50032,66.4476,56.707684,66.38346,77.68731,95.059296,89.82866,90.09315,88.89365,101.85727,52.018303,82.54816,76.86023,86.86126,96.15592,109.12397,81.48772,98.58732,95.524574,80.29806,61.759003,92.45539
2037,89.1378,94.703094,94.3407,82.15904,106.29221,96.74936,77.17153,82.578606,77.26057,89.211845,102.081604,95.23668,84.43215,95.15198,100.14854,76.24895,88.029274,94.63745,82.13742,77.67802,88.34192,115.37034,87.86594,77.17126,84.515816,95.784325,95.98376,98.002846,81.91217,87.23012,90.07002,85.025635,79.38693,94.86664,86.92458,102.45983,69.11069,90.78308,86.3735,73.63824,90.97223,72.87338,75.60094,62.57916,68.1827,88.72047,74.09423,60.752277,69.60695,56.885597,63.80637,99.663086,100.504265,93.81838,80.8349,81.45325,96.368225,65.07673,81.60912,67.235085,91.10805,90.54041,105.93386,86.53285,96.06467,77.54374,103.94527,83.67592,76.92948
2038,130.34892,90.1653,77.53174,81.217606,88.846245,75.99362,82.01041,76.25673,59.773308,93.75427,77.851105,59.76209,93.4919,95.33881,52.5071,83.96061,84.090775,77.11507,85.60689,114.243286,96.53436,91.25746,45.92233,82.52969,98.81153,112.57776,92.66734,99.391846,101.79411,103.15613,96.19785,102.71494,70.45607,91.11611,75.03494,81.633965,87.84285,91.97014,78.70431,88.7806,61.5466,97.14448,80.25044,75.70939,73.43787,82.76072,61.4956,80.76814,67.143814,94.40453,74.71732,92.88386,101.807365,114.73895,86.62422,86.65591,62.75844,72.833374,98.6907,90.710556,69.48697,69.75044,104.62207,108.10423,89.648605,76.444115,82.76841,102.83113,93.30241
2039,78.54617,90.45365,72.85973,77.16652,74.305595,91.96766,61.58735,93.26226,74.74303,70.67226,83.31841,88.95337,91.742546,86.523895,59.4266,67.57961,92.82284,83.585594,88.473656,90.60174,82.23852,104.423836,81.9097,87.856575,91.639,95.91709,112.10097,79.367966,78.83807,81.76204,73.19809,101.528656,96.00019,93.52492,89.24806,54.158737,75.04106,88.81973,81.3707,90.799576,62.62996,83.01323,77.08963,73.7806,91.881424,98.71043,65.87851,85.28012,50.65724,87.53509,72.17197,102.53788,97.16874,93.22979,82.84348,65.19381,86.54459,75.33909,96.79482,87.41138,67.71861,104.129234,101.614784,83.93186,80.84668,105.426155,89.517204,71.453316,102.49387
2040,90.86129,78.407005,98.283806,90.53299,72.44117,106.67849,51.257854,109.408264,88.18166,73.584755,70.62953,95.61917,57.5603,91.30293,89.986305,85.55645,77.490135,95.591644,81.879395,81.8483,74.3339,87.16458,76.89695,68.388,68.99435,101.13064,89.315704,91.29442,104.269325,83.589874,89.02654,91.97605,100.647545,98.79491,82.0223,84.731674,85.69887,94.76901,72.93713,76.74278,59.53641,89.23104,74.06697,77.41437,71.006966,77.97912,86.01455,70.9962,81.614204,79.04337,79.977646,70.38165,73.317696,92.84104,88.56385,79.91279,77.72173,86.54343,71.362495,90.00728,83.32828,92.77736,103.1223,111.39504,75.67148,83.11887,96.0931,70.99806,71.866646
2041,69.24627,98.49851,82.505455,79.4651,96.06242,84.3478,52.93322,77.22133,87.27393,74.36682,82.07992,62.592247,95.755806,91.12374,66.17539,83.08794,94.361046,88.15434,101.271,59.802883,102.68081,96.71723,86.29676,110.97276,78.09049,67.10066,89.27211,80.42889,68.38865,92.281586,93.72747,92.7339,102.93443,99.51359,91.634544,72.945656,68.38305,89.06475,61.12694,73.27134,70.76996,90.92618,99.560196,60.49535,62.09755,76.58469,89.0346,85.7698,84.869125,56.87954,64.22945,78.66901,94.65699,71.339615,58.09852,105.139244,76.50193,77.94236,78.84464,83.17441,83.88993,87.32262,78.734146,120.460236,88.9614,108.07517,75.02712,75.62115,66.648994
2042,94.86288,78.47096,102.00056,87.37592,69.936714,71.586426,99.52173,70.69333,76.814354,84.133446,112.84232,81.82252,64.294785,88.82585,85.422264,80.32544,75.160484,84.23143,67.64267,79.28531,73.75737,84.09462,81.364296,96.732475,84.0308,90.496025,94.97624,96.83459,92.72836,88.337685,87.45001,109.94337,93.429825,97.12556,102.53617,95.9169,90.21338,93.919975,75.006676,83.90257,76.47022,102.60434,72.139725,75.23461,69.23887,79.46835,70.08292,72.83289,81.143654,84.30766,65.16385,82.53334,75.73674,80.28313,69.94946,73.667145,70.95687,66.46809,98.23805,98.45092,78.93625,106.84169,104.141785,99.38466,73.5973,86.67964,92.15663,98.64963,75.299
2043,107.71223,78.37568,87.19869,102.87611,78.95039,62.102085,48.05547,60.045166,93.75025,74.478004,63.787346,110.00471,70.65952,78.97998,65.712204,106.709496,69.437004,85.08161,58.30259,89.529144,101.73114,102.88421,69.4099,79.82077,89.46593,102.63497,104.514275,90.465836,83.0008,91.474655,84.06994,98.61252,103.90474,85.04323,95.82106,61.868725,62.386097,72.67955,65.87699,76.96301,71.41986,92.78344,81.752495,68.57533,90.06638,84.51725,69.11394,71.01971,92.7923,79.608444,78.37242,43.495106,89.45617,77.271866,86.12153,84.2785,68.16284,94.2368,106.6575,84.96915,64.62934,87.881294,79.73573,96.05058,77.05318,76.186035,101.22708,104.88908,63.198822
2044,80.7179,71.228004,109.18786,96.688934,106.519516,82.21742,74.61258,88.56019,83.053795,73.49248,82.64275,89.546005,57.606655,93.81326,78.79752,89.94443,76.34436,76.247406,72.045815,98.89126,64.39266,101.18573,89.089714,94.66802,86.7832,96.40759,84.051384,115.292336,89.11501,87.69814,93.14115,85.42839,98.87118,85.15571,91.93141,100.81048,84.40875,73.78168,75.04343,98.982475,93.22649,80.18288,79.66875,78.14721,74.19998,82.607445,38.28749,69.8282,84.642845,90.301125,62.20215,83.90374,110.313156,88.27326,76.312325,84.5146,98.49733,62.626324,100.999344,45.2865,92.76712,104.18487,89.1902,101.6396,92.95363,89.61536,90.74675,85.630806,79.47734
2045,65.36086,57.23768,94.70121,71.72957,97.517975,60.23507,77.022255,80.42921,64.44433,61.503582,82.24269,82.6368,80.13665,99.16618,75.178154,59.800865,67.101295,66.28823,88.85775,79.66328,91.434425,84.82329,99.015854,74.39308,76.75099,96.79362,84.30488,84.64076,87.23119,91.435875,104.80111,92.418655,110.484085,106.16189,94.7149,79.574,98.42648,75.59865,87.158035,85.54697,91.931335,81.857185,85.67229,71.93505,59.848557,63.983894,57.990154,58.90627,82.31413,68.33654,75.81814,71.45517,68.13773,79.65513,67.2788,70.099754,72.55877,80.13583,90.161644,90.91223,90.88049,92.68418,99.727516,91.93809,73.29179,92.50152,110.50124,90.15954,101.0624
2046,87.18558,77.84374,67.86484,90.41916,102.67607,75.06189,80.63694,55.047398,90.51502,69.38534,75.04735,79.33208,73.11605,100.76612,89.82673,69.943016,99.339325,68.09878,66.72166,82.78152,93.02969,78.74485,68.39024,75.80599,78.58094,91.05992,72.26313,68.02844,84.9518,111.23756,80.59881,85.40243,82.53212,101.83892,92.10094,93.484314,82.897415,65.986565,76.41808,106.232834,90.27016,90.93016,85.1362,67.67432,66.407295,70.459885,56.529064,86.735916,56.005203,54.342335,83.591194,86.191895,72.921844,80.57994,70.39668,94.15008,82.8731,102.62339,90.30816,83.63256,115.69705,83.15611,98.65632,99.065445,85.47736,70.36222,50.22076,82.730736,65.52982
2047,110.03842,64.53235,77.68572,88.364494,77.29743,64.07995,80.43232,62.615074,81.893555,97.689835,86.5641,83.58722,78.21553,95.28563,61.312428,101.21836,57.413746,83.23326,74.681694,108.181816,81.33287,92.00153,72.81841,77.54623,82.39602,92.17645,91.22654,79.668564,90.35314,106.79135,90.18633,86.03358,68.56487,93.4337,82.071045,93.41725,82.62188,103.592026,72.80685,92.85114,104.536316,100.27504,73.50027,74.319534,65.16053,72.870605,54.141594,72.55996,76.54143,73.453,70.76804,72.87287,74.97577,92.04075,60.031303,83.15967,102.58741,78.515884,62.82287,55.505524,94.254616,104.289734,90.88395,101.4623,82.65045,82.88389,83.70118,101.847565,99.59079
2048,76.88829,80.33103,105.38012,97.065895,63.302017,84.82625,86.92045,84.790474,77.90993,74.302536,82.14562,58.68075,93.77664,97.33597,63.594067,83.13627,70.70782,73.71611,60.598003,95.582214,77.90385,68.99057,104.726715,86.106865,95.26581,91.18478,86.08381,91.46233,92.31819,93.84327,89.926674,73.27197,102.30707,93.22247,77.34118,90.94777,75.77027,69.63402,88.538666,62.735905,86.026405,104.05949,82.48551,92.25301,64.73866,81.79558,47.940582,95.31836,81.954185,85.377846,45.020416,94.2801,99.908714,60.39051,76.692154,86.32913,96.07593,74.37543,71.81294,87.20426,78.28066,103.32529,114.085434,100.896,86.50816,80.02871,67.07058,102.7006,74.51847
2049,95.05608,55.024086,104.99232,90.19773,63.5691,78.98784,61.90289,63.782253,86.8229,79.9034,67.23775,73.82812,75.660095,76.54226,81.85258,79.42172,68.2556,88.90876,57.2008,101.23785,72.943924,98.90576,76.00178,69.693245,75.5464,93.84293,84.283745,97.84047,78.862236,52.65462,85.47578,96.93359,91.12785,80.28824,94.35209,54.024036,96.700676,95.12146,75.22368,75.32663,93.74551,95.67986,102.13153,73.76558,48.63167,75.37032,63.422424,57.738464,69.219315,62.008095,61.28097,77.67451,93.97963,84.14836,78.23256,98.99387,94.81597,78.666504,80.517555,73.50177,110.32627,105.81557,107.40534,85.62157,104.09823,69.582016,81.73271,96.37181,70.14528
2050,83.32647,80.15502,109.2666,91.94927,79.89267,69.75522,81.760414,61.573566,92.22996,84.71146,73.51633,79.76844,74.05172,63.46663,64.26721,100.7846,80.41723,70.80156,72.80296,103.26585,93.94169,72.66019,86.94654,95.996635,75.63253,93.63711,110.26344,74.009544,51.189564,92.82998,84.00821,81.54474,87.69222,87.58569,88.55354,82.48838,93.42336,112.12252,69.93235,80.824844,75.71867,92.49324,85.530525,70.49681,61.98713,83.34005,49.001102,92.113205,70.04346,97.0201,48.31398,77.05554,82.80452,88.0659,55.26034,70.35824,96.639114,82.74852,79.08007,83.44904,77.84946,98.67273,99.74992,85.983574,76.7155,110.11134,91.05176,62.70309,47.79748
2051,78.9731,73.84343,89.789024,90.41732,86.18468,90.66703,81.06283,83.342354,75.972206,95.56732,81.53082,86.29021,72.20457,91.07648,88.64799,81.849815,63.538963,76.66715,70.395424,76.790665,84.29061,88.64753,74.6374,88.59051,53.075745,106.50041,95.66734,91.06156,75.47392,95.73817,95.97396,80.04391,84.744965,79.36888,97.456764,85.23502,67.30208,93.98971,91.20924,90.945404,92.68377,90.9606,83.692085,66.66867,76.8514,86.65769,64.32441,92.935356,58.05637,59.770103,59.07107,89.14724,70.54745,90.91676,69.59523,123.26634,106.02499,86.952805,43.065144,68.37655,46.17431,109.72827,69.12107,95.41156,116.094864,86.04054,79.39751,75.775475,84.75465
2052,64.48474,61.091984,69.88747,80.68648,107.51248,73.79315,67.84613,66.39461,76.468254,84.76931,78.31255,80.68384,88.94522,81.618454,65.25199,58.874245,86.907196,76.7476,82.03862,94.130775,73.86825,103.13835,79.27169,86.92293,62.292786,104.14659,101.51202,81.21397,69.74466,96.202965,96.274284,102.16614,96.54126,86.63841,92.550446,105.07852,73.141846,86.075516,68.42534,90.7563,74.763176,108.72867,96.89112,64.836555,78.685776,81.65114,64.7045,77.33312,79.3391,89.38355,44.78635,99.33837,76.59959,91.527466,72.63296,101.825356,106.46008,80.33062,84.93683,87.903206,51.64426,98.86238,86.35432,86.14889,84.24908,94.461395,122.443375,96.69516,75.76269
2053,82.08503,93.81189,61.35546,107.32163,57.29448,49.962746,86.1725,59.0396,76.721436,82.45491,85.7912,77.581215,57.167202,84.862366,71.476845,86.90072,88.47158,109.1471,81.62733,101.91523,97.17999,93.03741,83.398125,80.40196,74.67215,78.831116,91.90193,88.18557,89.632965,106.149574,83.79208,81.09586,64.5089,113.94386,66.52019,89.50275,81.933464,77.043884,72.19311,88.4621,82.98816,84.60731,63.231438,76.07654,74.33012,78.314514,63.615513,70.42155,71.62762,90.410515,64.43304,87.858246,75.43283,66.7979,69.31956,91.294945,84.473785,69.0522,91.97996,65.87665,75.05533,79.021904,101.10819,93.659515,66.54586,96.25585,96.3529,109.777794,73.43089
2054,79.65742,59.734203,92.420204,68.17975,68.91099,66.10666,48.66151,63.63909,66.58691,86.76756,57.91053,85.369576,70.98611,67.28136,34.282047,84.15895,84.72843,68.173195,77.92187,81.94497,72.96439,72.26834,102.71204,79.53896,55.230854,71.44727,84.024155,87.76486,98.314995,97.0002,79.26899,79.623566,63.63035,89.952194,82.32283,70.12655,74.142815,86.12775,75.99456,61.576218,91.051704,110.28877,79.481224,81.655205,54.814392,69.88135,74.643394,64.22848,54.859825,58.86048,61.387154,81.251785,57.06939,88.46432,69.396614,93.291954,94.624306,96.85574,81.23305,72.55383,95.24075,96.06518,93.37676,95.61591,86.88198,91.861824,66.099174,90.42032,76.97278
2055,81.7422,74.288795,105.95737,94.64523,80.264565,85.37502,103.77211,74.09773,72.73966,84.09882,75.92561,94.80903,85.42546,59.300594,86.99043,70.26018,70.05549,93.256714,63.587475,93.34407,76.09467,95.13862,96.759285,61.390064,80.653824,76.66047,74.901794,102.35434,82.45868,93.62719,90.936676,85.93704,85.71809,91.819275,89.217735,72.0834,99.41058,80.676476,80.36709,96.5836,90.78873,105.6599,60.569664,70.900925,67.21391,65.166084,47.557594,66.6405,77.38379,66.566795,56.147842,84.02343,48.440052,86.93677,57.49362,78.640816,76.46502,69.29904,85.39682,72.51704,79.29045,93.38361,79.42996,97.659004,86.39985,67.81629,93.258545,83.02544,69.37187
2056,78.926605,66.96377,72.67216,91.00613,87.621704,90.31614,68.51298,52.855156,70.10785,69.314095,76.73962,97.726944,76.4857,85.941986,57.7029,82.88406,64.80761,61.891182,69.64967,84.02328,78.25266,91.70877,82.90274,84.57201,76.33413,86.613785,51.126457,90.766975,80.788,105.40083,85.3848,108.45152,87.39598,93.539276,85.72812,108.11069,74.83548,85.89849,59.202404,86.32449,86.77546,79.80754,51.44196,78.89312,78.67225,77.18092,50.312553,76.25121,97.27034,88.311516,52.76971,87.31622,74.26884,97.97105,78.686584,84.17399,71.48637,86.17737,93.25102,71.79724,77.694855,102.34136,94.85831,99.66552,77.76509,65.327415,89.26254,65.076836,62.482025
2057,66.866806,73.232475,77.72708,64.55818,55.498055,87.85317,64.0242,64.04708,73.63637,55.801186,76.31536,97.15785,85.60394,87.915215,78.46376,87.5532,63.376663,68.171265,97.35888,80.392235,86.23343,89.773346,78.21519,73.36941,54.094135,105.78124,100.51508,70.26339,113.82399,84.94607,75.61015,67.47472,84.42539,97.297646,75.98159,82.81108,70.040695,80.151436,77.62992,74.53353,65.08168,78.52262,77.78216,72.188736,56.856106,67.76134,40.250946,75.23458,82.00585,70.22235,60.676414,99.304184,70.65905,100.64773,60.254063,72.54816,97.8925,62.31205,91.21139,95.100746,70.6814,95.463524,78.00405,83.70308,97.139,100.403984,86.92123,80.07672,76.23
2058,86.65155,58.364967,82.12494,82.05446,102.69757,46.639854,93.796265,87.33894,84.864525,63.613876,72.45936,77.29627,70.371994,81.55049,58.23881,100.6999,72.587875,93.97829,41.12449,76.6417,96.10842,66.62196,80.554535,87.08709,71.32085,111.14165,89.60554,100.02893,74.955055,99.801865,78.30037,90.62639,75.79283,95.621994,93.880844,84.71982,79.192245,76.46673,80.382484,67.16092,95.592735,72.23379,74.91729,74.34748,75.993065,74.23776,89.63672,74.794685,67.52783,62.17241,58.77292,97.46619,82.33872,86.11412,68.07676,73.06545,82.519,80.162254,95.39575,56.95137,70.63511,78.536095,94.857666,80.71953,78.5464,69.724594,106.75382,103.93651,92.64282
2059,74.1845,47.412197,71.25858,70.340614,69.62235,59.935852,71.01774,58.402626,75.74137,84.76589,68.181885,84.18314,86.07876,115.39101,53.88323,53.428375,68.91756,60.388714,68.47288,90.76642,66.993546,92.165794,65.71689,71.54136,75.43889,110.34918,84.75726,65.9268,62.246227,87.15038,108.534485,88.96771,84.7813,87.557335,83.115425,78.05888,95.62121,92.63401,84.94142,48.013912,73.6787,73.414665,76.33531,68.24996,62.166454,68.683304,60.768093,76.96186,76.91592,58.375034,39.367455,98.01436,77.57995,81.90956,55.28817,106.292336,96.54399,61.743572,97.10429,61.740814,62.137608,97.99902,117.32291,99.50151,74.75084,81.78213,86.62561,97.74567,67.68961
2060,64.797874,83.82283,82.4272,81.05999,96.26554,79.106606,58.80021,48.685978,59.849365,87.82703,54.099926,107.74346,62.716793,69.010826,79.12198,56.177162,60.45938,68.861916,73.094734,91.58507,82.32868,71.87022,85.34641,76.530754,68.004036,106.051094,82.854904,85.45311,67.93136,91.694824,97.41016,85.49735,70.797386,91.12357,91.9149,100.06166,73.10988,90.86749,85.843,76.30818,67.74769,97.57797,62.676895,89.535614,70.58571,94.857925,50.142124,70.418846,72.618515,89.58472,54.133583,58.782497,70.76301,75.69485,62.265892,89.078,93.68607,72.74898,100.737495,115.18929,88.855995,100.97908,79.88139,96.5684,93.24009,106.45423,80.980736,89.3133,83.98547
2061,83.87215,82.48251,73.662254,67.41005,78.95974,76.5821,55.961666,58.81346,94.95765,77.09441,70.60956,109.48582,76.30837,76.76083,55.196342,51.51654,62.044434,66.98739,58.47264,86.120155,81.884315,76.61858,80.97994,75.12683,89.424904,112.62563,77.529236,98.81607,99.16527,79.74396,95.43325,77.21397,57.469315,70.3791,76.268394,71.32095,89.47711,98.47458,80.14516,93.27814,87.54355,80.25029,60.24377,81.827354,59.20485,69.445145,38.49045,72.442184,68.10226,77.4563,36.001747,66.04533,85.33089,81.69782,72.07921,110.24579,75.20054,75.33739,112.62155,54.63506,49.776413,91.50923,77.55312,109.28239,78.3364,56.412594,58.584194,107.47419,87.386505
2062,62.6559,73.63801,90.78748,77.545685,66.99683,82.18388,64.63107,58.152164,73.900925,76.95823,78.53535,83.41543,82.98031,89.26023,72.73968,91.184,69.50985,77.86655,73.445274,100.65246,82.638435,73.40108,92.74667,81.81476,90.78623,88.01129,82.99052,77.32732,70.03516,95.33212,91.87593,110.23044,104.39472,99.49661,76.78944,94.26181,58.058846,106.58015,73.91324,62.738243,66.983795,78.055565,65.34621,62.515385,51.78092,63.91422,61.845585,73.98409,52.18375,65.522026,55.60881,77.288605,73.85258,81.640015,51.75608,103.55593,73.601555,70.56012,100.96607,105.91734,82.69738,99.25273,85.710304,92.55475,66.72992,83.3513,67.243744,93.88854,60.81903
2063,79.94227,64.68126,71.5965,73.23114,68.8999,70.42177,53.51765,76.11959,89.92725,76.265114,81.78613,82.68975,60.173313,103.238464,83.6014,64.82947,86.69455,87.41844,63.378815,99.566986,83.79068,75.31183,74.783676,85.381,57.532993,102.92247,82.63514,96.792854,69.38947,97.9331,85.04334,98.10629,68.615204,90.56834,74.40125,83.26803,68.4526,107.364456,73.0837,81.59795,89.63552,98.73065,57.352177,83.8364,66.026634,61.62558,65.650635,86.39824,51.807167,72.73476,47.41107,86.90349,68.455475,80.91835,42.51609,89.20319,101.980965,92.46335,82.97156,91.87082,83.63633,93.745026,101.67146,113.73967,90.80342,95.900826,70.78802,76.61055,64.04319
2064,65.28249,84.888885,67.57623,70.6868,68.07042,81.424126,101.20364,58.99682,69.33469,79.53344,71.1833,78.12442,60.13478,81.38448,47.373287,91.29354,89.518684,87.72024,48.721947,90.97019,84.13731,56.68332,80.67553,70.8561,57.9832,126.76103,111.61451,72.07242,63.447247,75.22136,67.04858,85.69989,88.40656,100.173485,65.198494,84.10791,68.74304,72.29622,72.12539,101.59248,81.44772,95.80716,68.63578,71.814384,65.90393,52.48539,46.106052,74.11752,64.524345,70.10319,57.878647,86.47061,73.675835,84.79411,42.195927,100.22336,66.84197,61.614784,86.70096,61.17823,65.03719,85.71785,87.315025,101.89604,99.01574,78.67579,82.67413,83.992714,71.53138
2065,39.172882,69.06037,84.88972,80.712364,83.17749,58.78267,48.716526,64.735634,87.963715,65.104836,65.61752,71.90743,92.12956,70.91569,58.86807,76.67069,87.86398,57.69012,57.73976,72.650154,85.41475,96.3304,82.225624,91.145836,62.347923,108.44034,88.81588,122.421455,72.94809,79.78496,85.652,91.78108,67.4529,92.62718,65.92244,64.1647,85.8699,74.53436,66.94502,57.917377,94.60075,86.71697,64.31088,55.37432,63.86719,54.6272,43.124054,67.31906,72.769295,62.180676,67.65463,74.677666,77.072235,79.03685,74.180244,98.61942,90.355225,55.70977,76.47492,74.08601,52.382195,82.40758,87.56254,87.16961,96.00524,92.664734,54.065666,89.29455,81.84645
2066,72.76704,42.79184,103.149315,93.04147,100.98775,60.986126,67.21274,59.02013,89.162575,71.64456,42.961304,92.26679,71.1029,90.95048,64.61061,80.16248,69.05376,63.885624,66.56063,67.185074,72.651825,78.96249,88.18614,77.84892,35.18778,99.289215,95.126076,60.40762,87.02403,93.69419,94.51285,79.227936,50.966667,83.545006,78.02866,80.36443,87.86276,74.94544,61.65217,101.02876,89.94336,96.483734,67.190254,73.57168,64.20285,70.1317,67.67737,56.954887,69.37636,73.30462,44.252518,93.94056,88.34679,83.87787,69.83048,93.17269,93.95769,50.941917,104.74738,73.39211,52.54792,95.41633,98.80573,82.025795,100.376884,80.44806,60.93697,98.580444,53.349632
2067,66.1115,68.23835,92.705215,91.386826,71.66951,73.471146,52.195587,71.99856,101.40146,79.047485,81.23391,80.97457,79.99946,102.62317,62.50615,79.15917,75.76231,97.02538,78.03528,99.22159,84.80177,59.3353,78.35897,77.87791,44.20228,99.10374,89.551384,98.07013,73.18238,111.992386,93.97278,90.88627,98.08688,83.820915,83.948235,105.61679,102.09374,86.310776,62.092285,68.35018,84.78603,72.44472,54.212692,57.112194,56.755936,92.36081,59.798866,66.2788,53.660336,77.956566,47.077087,82.06042,62.21943,75.13944,81.91004,128.5319,80.46546,56.98424,58.604496,105.70168,80.08819,92.082016,102.47026,76.97012,100.07587,97.27324,72.30758,87.7031,68.652885
2068,78.03735,46.7388,83.1985,93.572716,89.89838,81.538414,79.56812,54.542408,72.38884,76.46581,70.69171,98.89044,72.8615,94.54776,61.924072,75.49881,66.60122,80.13457,54.389973,67.491356,98.354576,86.179436,81.44071,75.78623,66.448135,84.17533,92.08792,82.461914,60.107044,87.48156,94.04856,79.63441,64.81244,109.85497,74.257774,92.703384,90.564354,86.5281,66.797325,72.765,73.643005,83.27557,72.03573,70.75126,57.305058,74.739944,53.362038,73.22891,61.572605,76.696495,48.346153,72.67757,67.41723,64.91652,40.547512,89.885185,82.36161,88.015396,76.60075,85.95067,42.61282,74.44857,102.63923,78.07118,72.08953,100.26614,72.86484,56.170753,85.935196
2069,66.13443,71.95727,85.34306,82.77133,96.67392,60.637096,76.65833,43.155224,77.61365,63.91157,43.61017,95.67658,84.22569,73.2252,76.21333,83.02363,77.41552,104.61088,72.99324,84.23118,82.585815,61.904034,78.31252,79.19152,63.65444,96.09383,86.58163,86.860146,74.637024,108.592735,75.816696,74.06485,85.55001,87.70956,50.36146,115.891365,49.83243,84.899025,66.9105,81.5956,72.70494,87.44055,69.33988,98.48295,54.802055,67.15881,49.86579,67.696785,63.19556,54.09345,54.53027,75.17969,65.8971,74.59934,56.6995,90.74361,67.16919,54.07818,82.68454,58.83478,62.70526,102.94874,81.63337,73.532455,95.77509,114.02653,90.08876,60.78074,52.94122
2070,82.517784,61.125813,104.89569,86.13369,73.76939,69.14581,66.99998,55.663773,80.61328,66.72849,71.047714,92.74216,88.16663,76.38569,71.08247,74.203224,65.63013,72.97695,47.949276,110.03009,68.83894,72.37517,92.87132,69.159355,45.252563,82.03541,82.64809,77.470085,79.508896,85.006325,100.00948,69.11597,82.18039,91.21938,66.56151,91.186356,93.19396,73.07552,61.045948,94.88609,59.66481,97.278,56.03755,75.49967,51.536087,63.75775,39.81681,81.62428,67.49439,66.05723,55.32603,93.51427,70.348694,70.94701,46.509724,99.93378,117.86241,74.888664,92.99656,75.796295,57.590042,98.18057,95.42433,90.821785,72.23929,92.41747,83.54344,102.48757,45.83979
2071,82.70119,74.85101,104.52191,70.04375,100.84979,57.62611,59.35978,69.277115,73.62195,66.16762,54.507824,90.65325,91.13446,92.177666,63.3502,58.045532,72.210175,80.89863,57.903168,92.554924,101.14352,75.17067,60.437836,67.8978,70.763985,95.4375,68.9901,74.44661,64.05924,118.15571,94.78174,72.63836,73.42152,98.20541,69.30637,115.013855,66.09593,76.50705,62.43655,91.11376,74.92778,95.22228,59.79682,107.5229,74.98386,68.57291,45.559925,92.24495,43.332195,59.378838,39.059258,89.74234,74.49608,91.11803,70.985886,78.711174,70.25196,62.28153,76.4786,82.45181,62.0234,86.82006,98.74258,90.571014,69.92304,70.50945,84.98654,78.12241,63.796043
2072,75.50266,60.61591,86.0084,74.31575,100.42266,62.82422,97.17915,72.239006,67.75151,78.71044,69.44334,95.11354,70.3844,89.70613,55.094345,92.21654,64.65397,60.797417,68.07047,87.11401,72.54228,71.46097,80.78627,69.984985,58.035976,124.725555,98.334175,101.43689,95.49499,81.917305,86.96353,70.62506,64.407,95.87397,60.20429,83.751335,75.20297,76.55576,58.832314,80.32741,107.50131,75.55252,61.769424,70.95025,71.56617,54.123768,41.584602,60.211998,64.43845,67.39957,52.455666,85.46502,94.92149,71.19727,55.47195,93.112946,78.93059,63.48583,71.69046,61.080624,45.60596,94.43039,98.50925,88.89189,81.96778,98.538895,100.41883,61.255463,82.063515
2073,77.63647,52.21755,96.534775,70.80344,93.50723,75.41789,59.713184,56.503757,86.1001,59.63727,64.11497,73.8366,76.37653,66.664986,52.621597,85.43354,78.42972,62.237785,66.35903,96.75452,63.7129,73.60114,90.95674,69.126175,64.77181,87.204254,83.0628,69.08866,63.224636,79.518936,81.60722,91.76954,73.800804,92.54451,66.07293,82.85028,63.096115,76.13805,28.148117,80.63239,91.36196,92.27696,49.829803,57.225307,65.71094,68.162605,43.71254,66.648895,54.371113,61.532368,44.425304,72.90724,67.83366,77.82275,73.439926,92.84168,89.73402,61.326965,62.21294,75.707565,48.98908,85.541626,91.33861,88.58026,80.04091,91.84135,86.519455,82.40545,59.913765
2074,86.24817,51.085835,93.29017,68.93503,84.36734,47.63023,66.35075,41.603024,76.18792,70.34692,50.14466,88.138824,96.03547,60.217182,59.937435,73.2968,69.86791,80.13832,70.087975,98.47753,73.20905,73.31695,73.79933,70.724686,40.95403,71.88107,94.65963,75.34926,72.86569,92.05461,93.04418,64.566246,64.19837,82.73097,65.139626,65.10464,78.9096,97.775856,79.3608,91.16449,101.38465,92.0196,52.62069,61.104412,66.31033,47.06556,46.393154,58.84319,54.510002,52.47645,51.093254,81.8912,80.12379,57.638615,45.48495,114.44223,88.20372,93.16325,106.7224,80.42544,61.878975,110.19684,86.19375,102.37999,87.770615,59.934666,90.766136,81.550385,61.57541
2075,78.74163,41.16091,76.84177,96.793274,88.28843,50.1215,77.38275,52.9157,88.715546,58.568165,53.914677,97.92521,98.36644,81.77836,59.324226,94.97329,72.89323,88.979614,72.11761,78.19455,76.0073,56.504276,88.41143,61.44195,63.615253,102.81703,80.53892,77.644806,95.81051,98.22044,95.124596,78.81331,75.04864,102.32559,90.4137,99.93015,94.1045,68.630844,61.183613,116.06614,86.32959,73.693726,62.165195,66.42687,51.470615,68.43187,38.377525,67.07368,71.06716,54.43158,40.429676,79.483,77.22568,68.54863,51.71155,100.86579,70.99026,67.94758,86.178154,79.17676,69.34408,97.04431,88.70415,84.84813,82.556366,95.17319,73.27908,79.18066,69.59567
2076,89.7222,44.334396,92.9926,94.7211,78.18737,52.54855,43.64747,36.16752,95.2547,60.508965,65.77058,66.10972,76.76608,54.342598,65.419136,83.13307,39.998478,90.62661,53.565002,80.26874,81.31822,72.08718,67.363075,73.17824,55.18128,96.63188,75.89437,89.35575,89.39802,91.69458,78.1493,90.499374,75.72584,90.42939,60.81114,97.92564,77.8848,75.11474,61.471523,82.8378,93.87084,93.62478,61.535736,73.44414,65.02364,66.20185,38.06568,71.55308,66.41761,79.56019,48.30684,81.20045,74.02339,75.30936,44.133698,76.595985,88.15439,64.227135,77.62795,78.43698,66.30275,87.34189,82.38192,78.91313,62.382065,103.52957,99.71059,87.09491,65.67888
2077,72.21923,50.02455,55.68016,60.59152,96.673546,87.74463,67.36099,42.347195,78.27784,77.16312,53.438416,102.74523,84.310875,81.14867,79.26561,61.970276,48.470436,66.60157,54.62989,80.14248,75.49519,54.988712,88.39275,88.7455,61.279434,88.46893,96.65867,88.171455,55.110504,109.582985,96.22996,77.1996,81.23658,95.58899,91.445984,80.80569,77.85542,99.62945,48.839405,65.73734,64.543625,80.31006,39.007763,77.7728,50.306133,65.76269,65.20357,89.762955,66.11163,67.25532,45.131687,66.07747,69.935005,79.983765,75.45452,83.153366,71.11677,56.689377,109.68281,85.13528,68.40523,103.7336,61.380287,86.89048,84.545,64.79708,78.41406,70.6687,49.45099
2078,71.86665,46.760384,78.87062,79.66627,88.79435,67.28045,64.64766,60.378716,75.60568,78.92214,49.438522,78.767075,70.65085,78.50014,68.863945,76.145,68.454605,74.9533,68.07095,89.001656,80.012985,51.915768,80.89991,72.87897,61.364147,76.605965,100.17014,85.15448,82.335785,106.15394,91.02484,69.28658,77.833374,76.731636,74.48683,71.75239,94.92113,78.70802,39.014847,85.32674,62.541916,84.46234,68.67125,91.02137,47.398254,45.89463,36.537003,72.287025,53.88713,60.09884,32.57996,96.61016,77.1308,79.71045,42.137726,99.65337,70.877914,64.9025,108.375046,77.02175,70.42558,64.03795,87.40833,59.832405,92.48334,56.325214,57.620995,55.494385,30.22185
2079,67.38641,65.14181,83.206955,79.47205,101.49852,54.511734,85.2247,39.13832,69.42864,68.620995,68.58164,78.29105,60.761776,67.100464,48.673946,83.18002,59.164303,74.56958,29.700836,73.12089,77.81298,67.56832,76.18112,63.99369,55.764725,90.222626,86.895966,76.94729,54.177185,87.457184,99.44598,67.3097,54.69008,101.53067,65.11667,90.102036,93.452805,88.55111,48.728077,108.04302,87.11554,81.28109,61.40914,63.030876,40.47024,64.26945,34.06834,84.09199,60.32923,71.01993,37.794838,84.1403,87.16301,54.272224,46.347946,88.16976,94.46811,64.55974,97.19247,77.31251,80.18959,114.75263,85.53105,69.59758,78.10747,81.62559,78.549194,48.845707,40.290573
2080,72.89842,43.550694,111.58079,79.503456,79.19406,63.204903,63.936214,55.90577,88.78064,80.41672,71.63667,48.995827,64.005745,53.40213,45.265995,78.69445,56.992085,51.280056,51.9801,69.2979,95.34782,69.66218,92.32214,69.62294,63.318325,106.76499,89.38853,91.69541,75.871124,105.54839,75.03145,78.9889,70.20682,72.10944,59.088932,70.24645,87.59788,97.02462,48.035072,84.545204,74.60176,67.88988,74.49211,75.645424,56.059185,65.067604,36.803852,76.99594,72.092896,44.494743,41.23856,79.97881,75.60601,66.85869,30.679089,99.27222,100.314705,46.24361,93.17805,66.811874,60.130474,90.68325,86.06176,90.426956,72.81153,84.70223,81.541176,35.41787,49.439133
2081,74.620995,54.1307,93.319176,60.853447,92.42453,41.868862,47.371998,47.657146,80.30717,89.91403,60.5282,98.53006,69.20483,70.29569,47.320503,78.053375,57.625145,91.920685,34.68511,85.75631,78.35054,80.346954,72.91763,72.690025,41.446346,104.5429,77.42976,78.70517,48.20992,106.97565,72.09877,84.77863,91.58418,76.33911,78.71016,106.61429,44.270332,91.40648,46.02274,96.465416,76.613594,76.6783,54.07937,86.411705,67.36674,72.47565,28.418732,73.88949,68.97294,53.968124,36.05902,87.17476,78.69642,73.93184,63.17764,108.31305,112.37565,53.283554,87.57013,77.02811,49.13732,87.92479,84.2639,65.77634,98.57406,60.867943,98.93261,51.590637,64.44505
2082,63.327652,50.291603,93.7072,71.49666,81.007744,40.09266,67.37663,34.115723,89.686134,56.30543,64.135574,103.29464,84.91647,88.91779,56.67656,75.83287,54.36228,66.42037,57.497185,101.474335,70.92948,67.71532,65.45534,59.776226,53.53096,97.020874,83.478714,66.79983,46.237843,104.639885,76.43192,68.296295,70.013016,84.34324,63.180897,79.509,80.23793,71.29388,74.491165,111.481445,59.670288,72.01448,72.15033,93.052055,72.18206,56.326256,36.826614,87.588875,62.141197,48.08588,34.435104,74.20291,72.15569,84.18579,53.531147,105.91021,71.36484,51.955677,116.706726,70.26422,64.36779,65.529564,84.278564,73.01646,57.263206,99.239975,75.908134,58.581684,56.62099
2083,67.999954,56.890915,95.426384,85.86529,101.679054,46.46678,82.86307,47.52181,72.92737,58.436604,55.85231,74.57998,60.117607,73.5293,74.41336,57.81896,59.808964,78.23232,48.507748,116.1226,96.667046,67.644714,91.45446,62.98035,46.20924,77.797424,74.42161,84.917465,69.749954,74.94446,82.994026,81.18863,66.0798,80.807014,66.29428,103.0247,61.836605,91.88949,34.898693,72.49819,89.546326,67.4046,63.577663,68.857925,65.98478,56.87708,34.409782,55.654556,58.823734,45.12442,47.324707,74.510635,80.35746,91.42509,48.12723,103.407326,80.56938,66.378174,90.55043,78.0867,38.036377,88.81146,74.85306,101.21909,71.019394,100.63028,75.89852,89.6436,57.987965
2084,65.11593,60.018585,93.9074,64.580414,83.26737,36.284615,60.76995,31.79867,57.787792,58.73097,66.02741,103.51602,78.314095,66.59074,57.83127,74.33116,64.54693,72.147446,53.621357,82.32294,72.505974,62.849655,84.22878,71.303604,38.23272,93.38424,87.69315,88.61509,73.994736,77.420456,98.85376,99.61526,61.727463,77.208824,62.747757,106.99138,83.774185,65.8453,56.09876,93.460556,92.44302,72.758934,49.384953,63.90038,64.29736,52.22035,24.20879,62.006123,69.9544,61.247513,33.206882,98.81977,62.955242,72.50502,36.86271,82.95456,68.36283,75.06825,64.34297,70.69948,62.96661,90.593025,100.30791,99.388725,95.063705,70.67758,73.00766,90.801796,61.866158
2085,67.60262,59.92781,108.76258,57.028072,99.299324,47.0645,71.432724,61.997414,77.75808,77.38058,64.34558,84.76447,69.911194,83.57558,39.3974,83.75818,59.00427,78.90246,36.50357,105.77974,75.74619,54.103848,79.55833,74.31759,56.210022,98.59313,75.15907,67.87703,54.409405,108.945915,88.12594,79.150826,66.38885,81.81062,76.776665,76.96077,77.15524,78.81955,55.592648,104.635345,74.525215,91.28925,64.03043,62.108852,56.201164,68.42106,32.753723,85.852646,61.24115,80.532104,30.47162,67.20367,78.457855,87.14675,49.776917,98.3006,89.933975,43.121536,94.51726,70.59703,64.43344,76.993,82.92649,96.64431,79.556816,93.51699,62.59274,85.357796,35.0158
2086,66.914116,69.9131,82.224144,84.322014,97.365234,66.2076,89.08738,48.59081,73.10718,85.14275,49.807705,84.81491,85.337685,68.50214,70.65563,81.07885,54.789692,57.265656,66.0495,99.972336,80.584206,50.273293,66.82787,59.6117,76.5602,88.757675,92.399345,82.3306,76.213394,69.16014,110.752014,97.0303,74.94418,77.545616,67.9971,89.35905,67.280525,86.64141,39.771194,83.743195,70.013275,59.789883,57.33401,76.43397,73.13936,65.25475,18.025791,70.11757,52.754642,52.329308,31.08435,68.8458,108.28992,55.363354,67.00222,95.07948,85.072334,58.242046,84.733635,74.68432,69.88911,95.45351,94.89027,95.52955,75.99592,97.99867,52.871162,46.73561,27.67433
2087,63.435062,50.456627,77.02529,87.09575,88.8129,56.050247,65.12312,46.845802,77.77507,76.89639,54.30013,83.42041,72.42582,83.3493,63.6219,73.35692,37.103916,80.63387,40.574646,86.920204,93.15177,53.02681,81.93366,67.48619,53.437836,96.0061,88.48206,82.64378,53.97605,113.3463,73.20655,70.354836,74.5599,87.09964,72.25363,78.40524,74.430695,88.820175,57.981388,102.7798,86.52764,57.184174,55.04697,89.625755,60.739185,47.899906,37.31513,73.80652,74.52409,41.29326,21.913134,84.2001,52.958405,60.283936,63.09517,78.084015,66.54598,57.610542,88.09533,104.00346,67.03752,78.208244,81.21483,89.32595,63.243786,57.68893,73.199066,54.580418,54.456207
2088,74.64885,52.226444,80.26317,78.8065,65.418434,53.925037,52.17613,33.22987,75.873314,65.08387,39.25649,104.9383,82.248955,62.048523,65.41352,64.80874,45.607403,69.2656,49.356697,57.735752,57.511288,56.737946,83.3232,59.56365,51.273697,65.94411,83.977295,65.132034,77.964096,75.354485,87.57249,88.5419,53.289574,116.055695,64.374985,96.65173,76.790115,86.87423,68.15718,91.69778,61.73555,70.797386,53.50223,73.49076,59.630733,37.94939,42.540176,79.80509,59.035145,61.38143,37.996346,76.79657,83.09317,50.29722,47.675617,82.670586,83.16186,64.23071,79.814354,90.81178,49.084003,100.07916,90.538536,89.90045,67.21773,87.250984,62.931374,70.03422,49.534466
2089,70.0962,37.53882,84.45492,67.82847,95.02739,44.820354,78.42358,37.611298,79.83838,74.499466,71.47234,89.085655,90.1503,76.93865,54.13866,66.988525,58.547962,82.12281,61.54939,79.57061,72.130035,63.071205,56.18601,59.523834,46.15053,100.95876,87.175446,71.65858,69.64002,90.73703,85.89757,94.62394,68.53458,92.43823,69.239006,84.95636,89.06171,51.67143,46.045464,85.66633,87.023,81.633156,53.00026,56.29305,51.395676,49.574703,31.09591,69.4882,60.29975,71.30552,34.811874,97.39924,52.10939,66.40488,46.347485,95.201675,85.79277,47.76533,59.313286,76.27146,41.17975,91.850266,78.45986,73.45589,73.223785,76.75348,86.01167,72.85947,43.404545
2090,80.75248,49.265816,66.0538,79.310936,87.08369,58.72985,71.38075,49.418037,108.58874,70.73458,70.26475,60.38195,76.30903,65.0546,29.515724,55.628185,68.04303,50.68242,45.59069,90.83956,78.20879,46.792713,88.90934,66.88162,24.855371,96.095245,114.85752,86.21686,48.46865,114.73635,93.02167,83.39538,62.827564,74.61182,64.529976,108.76389,78.38108,63.116653,48.41821,89.19305,70.93235,74.35993,46.053192,65.73179,53.71301,53.142467,29.633509,73.28537,62.93651,54.84884,40.592754,83.91086,83.655685,82.958305,58.09721,87.61838,98.76999,60.85509,86.927,79.870476,59.84358,78.415726,72.26832,68.1235,54.971676,78.28964,99.774216,80.09871,53.45554
2091,69.52956,31.466934,77.22293,89.56677,80.83764,62.612045,67.21304,42.067093,68.8124,64.68077,32.151497,88.78492,91.39728,69.12764,48.884064,79.37429,57.104137,69.65047,39.659595,92.5312,87.18657,66.3999,77.33592,83.197266,42.78158,102.72146,86.55432,76.9499,69.7778,85.858475,88.437744,87.718346,67.76373,100.69705,53.97642,97.06564,96.01795,70.49469,31.789251,78.78804,82.36297,66.836655,35.10283,69.93895,57.803562,39.238503,26.295431,82.71898,69.09797,40.014416,31.652431,92.906494,79.35451,73.97868,50.94937,101.61415,57.7127,48.65802,89.340996,81.251755,35.442657,112.23264,97.090126,65.62721,46.286648,85.961,75.95376,58.348972,51.468758
2092,60.37871,57.181484,79.668495,84.05587,79.0827,60.643322,85.29855,21.062288,77.33215,62.140965,43.573925,76.80332,87.28746,69.80788,62.910408,86.76775,51.3567,77.59549,25.377668,89.73344,78.633385,59.0334,80.48722,64.04293,47.26952,85.58521,86.2122,80.563416,68.5216,84.58431,108.161476,85.38152,67.296616,77.1875,66.297,95.84014,43.85224,78.03848,41.100334,91.61386,65.237366,78.37343,56.69133,70.99087,66.132355,38.377045,21.529125,65.984474,64.06425,44.351433,30.64254,97.474556,82.388954,66.31265,31.490702,105.28035,51.69285,43.3617,104.755264,81.38949,54.97815,105.267,98.85562,91.95464,67.33405,92.240875,64.256966,68.528984,54.399273
2093,68.48941,43.776455,102.89551,94.87095,86.78204,62.283016,65.40355,38.723328,101.57571,68.977455,42.150185,82.87019,96.323555,55.02911,56.02391,41.78404,34.485218,85.80207,73.80339,107.75674,93.72961,45.07634,75.44393,62.54629,55.26927,88.822205,97.42684,78.60025,47.75725,96.088486,88.33153,78.334206,88.560295,86.45608,69.71878,92.162895,69.365944,65.51749,52.465458,92.97008,83.42414,82.314156,45.361248,81.88251,51.403236,53.809765,26.213043,65.32667,61.692627,45.501465,51.797997,74.09923,68.65715,70.61901,46.0262,71.29826,72.77082,45.31829,100.690506,69.82349,37.313843,81.71176,66.54876,92.70862,55.373226,91.62283,68.652824,53.858437,37.751495
2094,62.47842,32.88026,84.42287,86.88062,88.38542,61.61966,74.54998,24.429455,95.64957,57.223495,43.381805,93.55044,73.32189,60.887695,59.171898,69.73878,69.92929,71.5886,35.00623,82.19888,78.517456,73.03869,58.591415,71.92974,50.38019,87.712456,94.25114,76.22487,66.18952,101.19095,91.671616,74.937126,69.90069,89.205795,50.8709,84.491844,86.20532,79.60543,73.57097,96.39322,78.36592,81.565895,52.65278,84.222946,38.824196,37.586193,26.44424,64.4829,65.60418,54.343018,25.264791,88.59389,65.964386,41.09617,33.733124,92.23093,103.73831,45.449394,97.1863,54.237316,31.148115,96.065056,77.73594,62.70552,75.79436,65.19799,77.904205,64.2218,29.824408
2095,53.289463,30.499723,92.755356,92.34123,86.553,50.447216,51.96833,31.61783,108.86625,77.121,39.78118,82.69738,83.22426,91.895996,39.312294,68.78811,39.48287,50.99591,41.890793,83.509865,92.070244,50.452137,74.42655,48.375954,54.620205,114.4869,70.90156,93.05437,78.21946,99.951546,91.81593,77.00332,84.149216,75.189,82.49109,93.54474,65.917656,66.184204,39.273872,80.90706,67.34983,61.15844,61.614964,75.440956,43.073483,41.455772,34.49558,88.7545,55.395283,51.219208,33.35961,85.84035,91.98438,55.39535,50.702583,97.23008,66.86345,77.636024,112.62308,93.69812,31.657722,98.16151,84.12043,91.35714,76.778755,86.63547,71.11668,48.85088,53.18462
2096,31.940935,34.822124,81.6852,84.83251,83.373344,51.6516,82.42007,33.57517,84.47674,65.5763,39.242695,63.484806,69.83409,77.52043,61.028095,82.762115,50.362873,85.01405,51.031242,99.087654,78.79634,55.799297,65.34374,70.63604,43.000725,98.506935,93.96902,84.94732,54.114857,84.51358,84.67082,75.45624,67.00267,80.90561,63.61982,96.21039,86.604195,51.573746,38.39922,105.9388,61.983463,77.29018,53.046856,82.01938,50.147522,31.820202,27.538246,73.86277,61.01238,35.01847,31.09647,97.071846,63.94484,86.748116,50.11124,82.75102,76.749985,41.3809,85.81219,78.460815,45.64878,90.71338,89.081436,70.684616,66.83799,107.51339,96.980286,56.005386,48.144695
2097,70.41377,43.70769,98.04136,80.2104,77.00026,71.63686,57.86242,35.356724,77.47621,48.28681,23.910892,91.956154,39.709995,73.391106,18.869413,85.542244,74.478516,80.31107,56.002636,98.814514,73.3327,52.402145,84.36215,69.749374,45.844513,96.49803,84.04239,89.034515,57.330124,93.524666,84.699776,80.58955,65.45963,91.79956,73.42757,84.60016,51.10135,55.892693,41.50771,104.73885,67.832596,61.402435,54.18562,75.722725,59.49986,39.763603,24.212498,63.746666,52.633114,37.57469,31.357178,95.010956,61.02577,56.094604,34.257385,102.14842,66.84556,51.548088,66.86101,67.2253,43.002808,102.15612,96.96581,75.28984,83.72933,77.97435,66.3385,41.663692,40.06441
2098,49.675274,43.28669,102.02848,75.19448,63.605446,74.41284,62.751892,47.70272,91.71485,69.38081,51.14655,106.45476,52.401176,82.12996,61.06089,35.747204,33.526604,77.75899,33.165733,70.40316,80.66025,51.10365,81.673775,66.54545,46.934113,93.713776,76.039696,75.75456,53.24665,90.879456,88.03446,94.983894,64.72065,93.52222,68.84415,71.60693,85.07439,80.06155,38.278885,98.74634,64.75919,89.60426,26.570261,89.513535,58.92024,38.69353,24.997593,69.645325,38.706223,37.896004,28.21348,85.50998,66.53987,65.01038,52.13125,93.05069,70.34008,68.08172,85.60388,99.75835,70.070305,97.72784,82.79924,69.81073,52.852337,87.56191,103.100525,78.5241,52.5976
2099,65.878975,40.804047,88.399864,66.89716,70.853775,44.17346,45.882305,40.826828,78.81025,86.41997,61.49661,84.95106,70.749504,58.451202,44.597412,73.4052,36.50455,68.26859,38.64602,99.406876,75.2815,43.411385,87.27779,65.72537,53.259525,103.38946,87.7723,71.67502,44.958878,92.40866,83.79985,82.84424,57.212402,98.87696,40.719784,82.898735,37.935234,68.235634,41.29277,106.575806,78.02871,71.47797,46.446934,61.445915,49.43347,36.98685,25.330078,78.765495,70.235634,61.398243,32.63649,83.196014,50.23922,66.67554,44.496765,85.44165,68.45872,51.733963,102.62386,63.00711,49.46441,75.16188,85.440926,80.57834,61.487873,110.92519,70.80983,73.396866,46.711746
