year,ACCESS1-0_rcp45_r1i1p1-days_tmax_abv,ACCESS1-0_rcp85_r1i1p1-days_tmax_abv,bcc-csm1-1_rcp26_r1i1p1-days_tmax_abv,bcc-csm1-1_rcp45_r1i1p1-days_tmax_abv,bcc-csm1-1_rcp60_r1i1p1-days_tmax_abv,bcc-csm1-1_rcp85_r1i1p1-days_tmax_abv,BNU-ESM_rcp45_r1i1p1-days_tmax_abv,BNU-ESM_rcp85_r1i1p1-days_tmax_abv,CanESM2_rcp26_r1i1p1-days_tmax_abv,CanESM2_rcp45_r1i1p1-days_tmax_abv,CanESM2_rcp85_r1i1p1-days_tmax_abv,CCSM4_rcp26_r1i1p1-days_tmax_abv,CCSM4_rcp45_r1i1p1-days_tmax_abv,CCSM4_rcp60_r1i1p1-days_tmax_abv,CCSM4_rcp85_r1i1p1-days_tmax_abv,CESM1-BGC_rcp45_r1i1p1-days_tmax_abv,CESM1-BGC_rcp85_r1i1p1-days_tmax_abv,CNRM-CM5_rcp45_r1i1p1-days_tmax_abv,CNRM-CM5_rcp85_r1i1p1-days_tmax_abv,CSIRO-Mk3-6-0_rcp26_r1i1p1-days_tmax_abv,CSIRO-Mk3-6-0_rcp45_r1i1p1-days_tmax_abv,CSIRO-Mk3-6-0_rcp85_r1i1p1-days_tmax_abv,GFDL-CM3_rcp26_r1i1p1-days_tmax_abv,GFDL-CM3_rcp60_r1i1p1-days_tmax_abv,GFDL-CM3_rcp85_r1i1p1-days_tmax_abv,GFDL-ESM2G_rcp26_r1i1p1-days_tmax_abv,GFDL-ESM2G_rcp45_r1i1p1-days_tmax_abv,GFDL-ESM2G_rcp60_r1i1p1-days_tmax_abv,GFDL-ESM2G_rcp85_r1i1p1-days_tmax_abv,GFDL-ESM2M_rcp26_r1i1p1-days_tmax_abv,GFDL-ESM2M_rcp45_r1i1p1-days_tmax_abv,GFDL-ESM2M_rcp60_r1i1p1-days_tmax_abv,GFDL-ESM2M_rcp85_r1i1p1-days_tmax_abv,inmcm4_rcp45_r1i1p1-days_tmax_abv,inmcm4_rcp85_r1i1p1-days_tmax_abv,IPSL-CM5A-LR_rcp26_r1i1p1-days_tmax_abv,IPSL-CM5A-LR_rcp45_r1i1p1-days_tmax_abv,IPSL-CM5A-LR_rcp60_r1i1p1-days_tmax_abv,IPSL-CM5A-LR_rcp85_r1i1p1-days_tmax_abv,IPSL-CM5A-MR_rcp26_r1i1p1-days_tmax_abv,IPSL-CM5A-MR_rcp45_r1i1p1-days_tmax_abv,IPSL-CM5A-MR_rcp60_r1i1p1-days_tmax_abv,IPSL-CM5A-MR_rcp85_r1i1p1-days_tmax_abv,MIROC-ESM-CHEM_rcp26_r1i1p1-days_tmax_abv,MIROC-ESM-CHEM_rcp45_r1i1p1-days_tmax_abv,MIROC-ESM-CHEM_rcp60_r1i1p1-days_tmax_abv,MIROC-ESM-CHEM_rcp85_r1i1p1-days_tmax_abv,MIROC-ESM_rcp26_r1i1p1-days_tmax_abv,MIROC-ESM_rcp45_r1i1p1-days_tmax_abv,MIROC-ESM_rcp60_r1i1p1-days_tmax_abv,MIROC-ESM_rcp85_r1i1p1-days_tmax_abv,MIROC5_rcp26_r1i1p1-days_tmax_abv,MIROC5_rcp45_r1i1p1-days_tmax_abv,MIROC5_rcp60_r1i1p1-days_tmax_abv,MIROC5_rcp85_r1i1p1-days_tmax_abv,MPI-ESM-LR_rcp26_r1i1p1-days_tmax_abv,MPI-ESM-LR_rcp45_r1i1p1-days_tmax_abv,MPI-ESM-LR_rcp85_r1i1p1-days_tmax_abv,MPI-ESM-MR_rcp26_r1i1p1-days_tmax_abv,MPI-ESM-MR_rcp45_r1i1p1-days_tmax_abv,MPI-ESM-MR_rcp85_r1i1p1-days_tmax_abv,MRI-CGCM3_rcp26_r1i1p1-days_tmax_abv,MRI-CGCM3_rcp45_r1i1p1-days_tmax_abv,MRI-CGCM3_rcp60_r1i1p1-days_tmax_abv,MRI-CGCM3_rcp85_r1i1p1-days_tmax_abv,NorESM1-M_rcp26_r1i1p1-days_tmax_abv,NorESM1-M_rcp45_r1i1p1-days_tmax_abv,NorESM1-M_rcp60_r1i1p1-days_tmax_abv,NorESM1-M_rcp85_r1i1p1-days_tmax_abv
2006,0.0034171303,0.09877436,0.0,0.0,0.0034171303,0.0034171303,0.0,0.0034171303,0.0069822315,0.0,0.0,0.0,0.21462505,0.0,0.0,0.59660095,0.0,0.0034171303,0.0,0.0,0.0,0.0919401,0.0,0.0,0.0,0.0,0.5764866,1.9195867,0.0,1.84984,0.0,0.0,0.0,0.0,0.0,0.0,0.0034171303,0.10560862,0.10901643,0.3709449,0.017076332,0.0068342607,0.0,1.6560513,0.0068342607,0.0,0.0034171303,0.0,0.0034171303,0.0,0.0,0.0,0.0,0.0,0.0,0.020493463,0.062121343,0.013668521,0.0,0.0,0.09535723,0.0,0.0034171303,0.0,0.0034171303,0.0034171303,0.24536058,0.0,0.0068342607
2007,0.09535723,0.0,0.0,0.0,1.2018296,0.42304748,0.0,0.013668521,0.0,0.0,0.0034171303,0.0,0.0,0.0,0.010251391,0.39108074,0.0,0.0,0.0,0.0,0.0,0.0,0.0,0.0,0.0034171303,2.6006136,0.0034171303,0.0068342607,1.0812069,0.0,0.0,0.0,0.0,1.104383,0.72447497,0.0,3.334059,0.0034171303,0.09535723,0.0068342607,0.0,0.0034171303,0.0,0.0,0.0,0.0,0.0034171303,0.0,0.0,0.0,0.0,0.0,0.0,0.0,0.0,0.0,0.0,0.0,0.0,0.0,1.5803726,0.0,0.0034171303,0.0034171303,0.0,0.0,0.0034171303,0.0,0.09535723
2008,1.5039488,0.0,0.0,0.0,0.0,0.0,0.010251391,0.0034171303,0.0,0.0034171303,0.0034171303,0.0,0.0,0.0034171303,0.0,0.0,0.023910593,0.0,0.0,0.0,0.0,0.0034171303,0.6936548,0.0,0.0034171303,0.10917372,0.0068342607,0.0034171303,0.0,0.11243356,0.010251391,0.0919401,1.9613812,0.19413158,0.0,0.0,0.017076332,0.0919401,0.0034171303,0.0,0.0034171303,0.102191485,0.0,0.0,0.0,0.0,0.0,0.0,0.0034171303,0.0,0.0,0.0,0.0,0.0,0.0,0.0034171303,0.8357041,0.12625006,0.0,1.4797082E-4,0.0,0.0,0.21112326,0.0,0.0068342607,0.0,0.0,0.09877436,0.0
2009,0.28583905,0.0,0.09877436,0.09535723,0.0,0.020493463,0.0,0.0034171303,0.0,0.14722718,0.023910593,0.0034171303,0.0,0.0068342607,0.0068342607,0.0068342607,0.0,0.0,0.0,0.0,0.6234231,0.0,0.0,0.0,0.0,0.0034171303,0.0,1.0485276,0.05528708,0.010251391,0.0034171303,0.0,0.0,0.0,0.0919401,0.326526,0.0034171303,0.027327724,0.0,2.6423504,0.0,0.0,0.0919401,0.0919401,0.0034171303,0.0,0.0,0.0,0.0,0.0,0.0034171303,0.0,0.0,0.0,0.0068342607,0.042991012,0.0,0.0,0.0,0.0,0.0034171303,0.010251391,0.0068342607,0.0,0.0,0.0,0.0,0.010251391,0.0034171303
2010,0.0,0.11243356,0.0,0.0,0.0,0.0,0.020493463,0.0034171303,0.30314803,0.0068342607,0.102191485,0.010251391,0.0068342607,0.0919401,0.0068342607,0.0,0.0,0.0,0.0,0.09535723,0.0034171303,0.35297328,0.0,0.0,2.4898088,0.0,0.21120793,0.0,0.0,0.0,0.0,1.0272429,0.0,0.0,1.6299841,0.48337847,0.0034171303,0.0,0.0034171303,0.0,0.0,0.0,0.0068342607,0.0,0.0,0.21353613,0.0,0.0,0.0034171303,0.0,0.0,0.0,0.0,0.0,0.0,0.0919401,0.0068342607,1.1091897,0.102191485,0.0,0.0034171303,0.43305692,0.0,0.0,0.0,0.0,0.0034171303,0.0,0.0
2011,1.2541956,5.1440625,0.0,0.013668521,0.115850694,0.013668521,0.099574596,0.0,0.0068342607,0.4996078,0.0034171303,0.0,0.0,0.056650218,0.80687696,0.0,0.0,0.0,0.0,0.0,0.0,0.0,0.0,0.0,0.26876274,0.0068342607,1.9237499,0.0,0.47328436,0.0,0.0,0.0,0.0,0.010251391,0.023910593,0.41257277,0.040986925,0.0034171303,0.57190144,0.0,0.017085653,0.017076332,0.53178453,0.35728568,0.0,0.0,0.0034171303,0.0034171303,0.0,0.010251391,0.017085653,0.0,0.35701275,0.0034171303,0.0,0.0,0.0,0.0034171303,0.0068342607,0.013668521,0.0034171303,0.0,0.0,0.020493463,0.0,0.0,0.0,0.0,0.8135542
2012,0.14517318,0.010251391,0.0034171303,0.0,0.35160083,0.0,0.0,6.344203,0.0034171303,0.4128687,0.5547497,0.0,0.0,0.0034171303,0.0,0.0,0.0,0.020502781,0.0,0.0068342607,0.0,0.5215892,0.0,0.0,0.5202273,0.0,0.21568048,0.0034171303,0.0,0.0,1.4982882,0.0,0.072363414,0.023910593,0.10560862,0.0,0.020493463,0.15746926,0.8786378,0.0,0.0,0.0,0.0,0.0,0.0034171303,0.0,0.0,0.0,0.0,0.0,0.36085078,0.0,0.0,0.0,0.0,0.0068342607,0.10560862,0.0,0.017085653,0.010251391,0.0,0.0,0.0,0.0034171303,0.0,0.0,0.1838802,0.53780925,0.09535723
2013,0.19769669,0.027475694,0.7243777,0.017076332,0.14318773,0.6355619,0.010251391,0.0,0.0,1.683122,1.1925083,0.23551752,0.013668521,0.0,0.010251391,0.0,0.0,0.0,0.0,0.0,0.0068342607,0.0,0.017085653,0.65678394,0.28493446,0.0,0.0,0.8789354,0.0,0.59922916,0.0,0.0,0.0,0.0034171303,1.9019723,0.0,4.8574,0.0,0.0,0.37095422,0.0,0.0,2.395131,0.023910593,0.0,0.0,0.0034171303,0.0,0.0,0.0,1.2383559,0.0,0.0,0.0,0.7079456,0.017076332,0.36426792,0.0,0.017076332,0.10210683,0.0,0.0,0.7496816,0.0,0.0,0.18023975,0.013668521,0.5446435,0.09877436
2014,0.0068342607,0.0,0.0,0.0,0.0,0.0,0.0,0.0,0.037569795,0.6466117,0.0,0.0,0.0,0.0034171303,0.0,0.010251391,0.0,0.0,0.0,0.0,0.0068342607,0.0034171303,0.0,0.0034171303,0.36768505,0.013668521,0.0,0.0,8.450183,0.21804218,0.0034171303,0.08161337,0.0,0.5753186,0.18729733,0.10225481,0.0034171303,0.0,0.0,0.0,0.6261964,1.6693798,0.38979268,0.0068342607,0.0,0.0,0.0,0.0,0.0,0.0034171303,0.32023367,0.0,0.0,0.0,0.0068342607,0.017076332,0.0,0.0068342607,0.0,0.0035651012,0.57356715,0.4996078,0.027327724,0.0,0.0,0.10560862,1.479303,0.0034171303,0.0
2015,0.115850694,0.09535723,0.0034171303,0.0,1.2017504,0.0,0.5354057,1.22167,0.19086243,0.0034171303,0.32912335,0.010251391,0.0,0.5280671,0.0,0.0,0.0,0.0,0.0,0.0,0.0,0.0,0.0,0.023910593,2.8167186,0.0,1.2138666,0.0,0.0,0.0,0.0,0.023919912,0.0,0.0034171303,0.0,0.0,0.0068342607,0.0,0.0,0.50040805,0.0,0.0034171303,0.0,0.0,0.09877436,0.0,0.0919401,0.0068342607,0.0,0.0,0.0,0.0034171303,0.0,0.0068342607,0.0034171303,0.020493463,0.0,0.49801332,1.3270588,0.5855793,0.0,0.0,0.42281485,0.0,0.0034171303,0.0034171303,0.0068342607,0.0034171303,0.22200629
2016,1.3468846,0.0,0.5064328,0.0,0.0,0.040986925,0.3515162,0.017085653,0.0034171303,0.0,0.0069822315,0.0,0.0,0.0034171303,0.0034171303,0.6764211,0.50961727,0.0,0.0,0.0,0.0,0.0034171303,0.0034171303,0.0,0.6192746,0.45771646,1.1898367,0.0,0.0,0.6946876,0.0,0.010251391,0.20073321,0.0,0.0,0.0,0.3607028,1.2570965,0.08161337,1.1916966,0.30315733,1.4797136,0.0,0.0,0.9750322,0.0,0.0068342607,0.0,0.0068342607,0.0,0.0,0.0,0.010251391,0.0,0.0,1.5837567,0.5603323,0.77293706,0.0034171303,0.0,0.0,0.0034171303,0.0,0.0,0.0,0.0,0.0,4.7525673,0.0919401
2017,0.23566549,0.51157045,2.3266628,0.18365689,0.0034171303,0.0034171303,0.40192237,0.42637995,0.010251391,0.102191485,0.0,0.020502781,0.0,0.0,0.0,1.5171627,0.0034171303,0.91710895,0.0,0.0068342607,0.09535723,0.034161985,0.0,0.0068342607,0.23959878,3.4975748,0.0,0.0034171303,0.27331993,4.3436165,0.030744854,0.0,0.0,0.0,1.4797082E-4,0.0,0.0034171303,0.027327724,0.0,0.0,0.0034171303,0.0034171303,0.0,0.0,0.80350554,0.0,0.0034171303,0.0,0.0,0.0,0.0034171303,0.0,0.0,0.0,0.0,0.09877436,3.0546422,0.0951246,0.0,0.013668521,0.0,0.0,0.0,0.0,0.0034171303,0.0069822315,0.0,0.5481481,0.28243124
2018,0.42256382,0.77293056,0.0,0.0034171303,0.0,0.37778848,0.2790048,3.1793818,0.0,0.20096585,0.63614136,0.4594772,0.0068342607,0.047821186,0.4296491,0.0068342607,0.0034171303,0.0,0.0034171303,0.0,0.0,0.0,0.5158948,0.0034171303,0.5089183,2.7508495,0.0,0.0,0.0,0.0,0.0,0.0,0.0,0.0,0.0068342607,0.2653456,0.0068342607,0.28948882,0.023910593,0.3907198,0.0,0.0,0.22828425,0.0,0.010251391,0.0,0.0,0.0,0.0,0.0034171303,0.0,0.42281485,0.0,0.96379036,0.17355347,0.102191485,0.29289663,0.020650754,0.0,0.10560862,0.37754652,0.0,0.0,0.0,0.0034171303,0.013668521,0.0,0.2892562,0.24235179
2019,0.010251391,5.29814,0.0068342607,0.010251391,0.756591,0.0,0.0034171303,1.3740484,0.0,0.037569795,0.0034171303,0.0,0.0,0.0034171303,0.020493463,0.010251391,0.0068342607,0.0,0.0,0.26876274,0.0,0.013668521,0.010251391,0.023919912,2.9447088,0.0068342607,0.0,0.044404056,0.0068342607,2.4243107,0.0,0.0,0.31891212,0.013668521,0.16801658,3.1882591,0.0,0.030744854,1.1306125,0.09535723,0.3607028,0.020493463,1.3728647,0.0068342607,0.0,0.0034171303,0.58956385,0.0,0.0,0.0,0.9121806,0.0034171303,0.0,0.36085078,0.0,0.0,0.023910593,0.0,0.0034171303,0.46237943,0.0,0.0,0.0,0.0,0.0068342607,0.030744854,0.0,0.0,0.047821186
2020,1.9293742,3.5712545,0.030744854,0.0068342607,0.0,0.0,0.1734055,0.0034171303,0.0034171303,1.8016689,0.0,0.60839164,0.0068342607,0.0034171303,0.027327724,0.33389288,0.0,0.0034171303,0.0034171303,0.0,1.442607,0.5717616,0.0034171303,1.5456791,0.46631145,0.39501277,0.0034171303,0.0,0.11926782,0.51327634,0.0,0.4962,0.0,0.0,0.030036533,0.0034171303,0.2756603,0.053799156,0.017076332,0.2203704,0.0,0.0034171303,0.5824461,0.0,0.2997309,0.0,0.0068342607,0.0,0.0,1.9077381,0.023910593,0.0,0.22884054,0.0,0.0,0.0068342607,0.44246417,0.8445453,0.0,1.2240636,0.0,0.0,0.0,0.0,0.0,1.007308,1.6920601,0.0,0.0
2021,0.0,0.0034171303,1.273514,0.0034171303,0.0034171303,0.09627401,0.027337043,2.9033558,0.3166444,0.31573695,0.18707402,0.0,0.0,0.0919401,0.09877436,0.11424725,0.0034171303,0.0034171303,0.0034171303,0.0,0.0,0.0068342607,0.10560862,0.36768505,0.0034171303,0.5686509,0.0034171303,0.0,0.0068342607,0.0,0.0,0.49369317,0.0,0.0034171303,0.0034171303,0.7744965,0.036156755,0.0,0.0034171303,0.0,0.0,0.0034171303,0.09877436,0.0,0.102191485,0.44305727,0.0034171303,0.0,0.09535723,0.0034171303,0.0,0.0,0.0,0.0034171303,0.0034171303,0.31687987,0.0034171303,0.3242731,0.09535723,0.0,0.102191485,0.0,0.0,0.010251391,0.0,0.0,2.5856304,0.0,0.020502781
2022,0.0,3.089923,0.010399362,0.0034171303,0.0,0.0,1.8835847,0.010251391,0.0068342607,0.11926782,0.017076332,0.89438796,0.23908262,0.0,0.0034171303,0.0,0.0,0.0,3.3960414,0.16998836,0.0034171303,0.0068342607,0.0034171303,0.0,0.101250544,0.0,0.0068342607,0.0,0.11927714,0.7233552,0.0,0.0,0.0,0.0034171303,0.0,1.1487607,0.0034171303,0.0034171303,0.0,0.78039646,0.0,1.6350387,0.0,0.0034171303,0.0,0.0,0.0,0.0,0.0,0.37095422,0.0068342607,0.5584628,0.0,0.0,0.0068342607,0.20438297,0.0034171303,0.013668521,0.16772065,0.19761203,0.0,0.0068342607,0.0,0.0,0.0,0.0068342607,1.0552937,0.020493463,0.0069822315
2023,0.0,0.11259085,0.020493463,1.083457,0.0,0.0068342607,0.10902575,0.5040292,0.013668521,0.0,0.09877436,0.0034171303,0.0034171303,0.0034171303,0.0,0.4625367,0.0,0.0,0.0034171303,0.0,0.0068342607,1.8575759,0.62892497,0.11477109,0.0034171303,1.145679,0.0,0.0,0.027327724,0.2163872,0.0,0.29585782,0.19071446,0.0,9.716874,1.275105,0.0,0.39143836,0.63253486,0.0068342607,0.0,2.564273,0.0,0.3858168,0.0,0.010251391,0.0,0.0034171303,0.0,0.017085653,0.0034171303,0.0068342607,0.0034171303,0.0034171303,0.0,0.09877436,1.2201046,0.09877436,0.020493463,0.010251391,0.72843903,0.0034171303,0.09877436,0.0,0.4568603,3.0460982,2.0305884,0.0,0.5299857
2024,0.0,0.09877436,3.4710646,0.0,0.0,0.60207516,0.0,1.0446527,0.0,1.1616161,1.898554,1.2191656,0.0,0.0068342607,0.60228866,0.04845282,0.0034171303,0.0034171303,0.0,0.0,0.0,0.013668521,0.0034171303,0.017076332,0.6030546,0.0,0.0,0.0068342607,0.0,0.4761959,0.0,0.0068342607,0.10560862,0.0,0.10901643,0.0034171303,0.0071302024,4.260672,1.101396,0.0,0.027475694,0.0034171303,3.113285,0.0068342607,0.027475694,0.3813536,0.13976128,0.0068342607,0.0,0.0068342607,0.0068342607,0.0,0.28875062,0.030754173,0.0034171303,0.73962206,2.66907,0.023910593,0.0034171303,0.42623198,1.4184688,0.0,0.45344317,0.0,0.020502781,0.06363245,0.0,0.017076332,0.010251391
2025,0.0,2.4126716,0.6575839,0.030744854,0.0,0.18707402,0.95440584,0.10560862,0.46280965,0.0068342607,1.0292772,0.0,0.0068342607,0.12610207,0.0,0.0034171303,0.0,0.0,0.0035651012,0.0034171303,0.010251391,1.1773072,0.041144215,0.10233946,0.16367188,0.4944874,0.013668521,0.0,0.0,0.0,0.0,0.10560862,0.0034171303,0.0,0.0034171303,3.4801269,0.0034171303,0.0,0.10901643,0.5807156,0.19413158,0.19071446,0.72270304,0.35386857,0.0,0.0,0.0,0.0,0.0,0.0,0.0,0.10560862,0.0,0.11926782,0.0,0.7063097,1.9350846,0.0,1.4797082E-4,0.2724758,0.0034171303,0.0034171303,0.0,0.38047776,0.4664501,0.023919912,0.0,0.0,0.0
2026,0.0,0.027327724,0.0068342607,1.7098619,0.0034171303,0.0034171303,0.47569722,0.0034171303,0.030744854,3.4637966,0.0,0.37095422,0.0034171303,0.0919401,0.0,0.0034171303,0.0068342607,0.4068786,0.0034171303,0.0,1.2078596,0.35743368,0.4673762,0.11586001,0.0919401,0.09877436,0.0034171303,0.60866827,1.1139615,0.0034171303,0.2790141,0.010251391,0.0,0.0034171303,0.544583,0.0,0.0034171303,0.0,0.0,3.1598094,0.0,0.0034171303,0.25675046,0.0,0.0,0.0,0.0,0.0034171303,0.0,0.010251391,0.0,0.0034171303,0.35728568,0.0034171303,0.38825387,0.0,0.0068342607,0.0068342607,0.06552915,0.0,0.0,0.0034171303,0.0,0.0,0.0,1.0168389,0.09535723,0.0,1.9707743
2027,0.5285714,0.47973803,0.85092485,0.010251391,0.0,0.0034171303,0.86158895,2.6943033,0.023919912,1.4656554,0.010251391,0.017076332,0.0,0.0,1.1877238,0.46921366,0.08844763,0.0,0.0,0.010251391,0.0,0.0,0.0,0.0034171303,0.0,0.0,0.0,0.0,0.0,0.6981389,0.8623739,0.26192847,6.0076394,0.0,0.5010958,0.5285714,0.419555,0.46280965,0.0068342607,0.0,0.020493463,0.0,0.4159899,0.0,0.29296926,0.0,0.35052407,0.0,0.0,1.2359003,0.0068342607,0.0,0.0068342607,0.28384554,0.023910593,0.66633636,0.0,0.12872623,0.017085653,0.0034171303,1.6214696,0.0,0.0034171303,0.0034171303,0.0034171303,0.010251391,0.8226808,3.4864647,0.0
2028,1.7066495,0.7549226,0.1608957,0.8834522,0.0034171303,0.8249361,0.0034171303,0.0034171303,0.0034171303,0.25160173,0.061480388,0.0068342607,1.0046216,0.0,0.0034171303,1.0303768,0.010251391,0.6028036,0.320149,0.030744854,0.3274576,0.0034171303,3.0574934,0.0034171303,1.747559,0.19754872,0.42916545,0.0,0.0068342607,0.0,0.0,0.0,1.4203682,0.0,0.0,0.0,0.030744854,0.0034171303,0.0,0.18729733,0.83839643,0.56614125,1.8271635,0.0,0.0,0.0,0.44872952,0.0034171303,0.0,0.0068342607,0.0,0.09877436,0.21097529,0.013668521,0.0,1.6448745,0.0,0.25615895,0.0,0.42637995,0.38482186,0.0,0.0,0.0068342607,0.0,0.0,0.37777916,0.718049,2.363722
2029,0.0068342607,0.0069822315,1.7187746,0.013668521,0.20437366,0.0034171303,0.0,0.7762844,0.0034171303,0.034309957,0.44687343,0.0,0.36085078,0.0,0.0034171303,0.0,0.0,0.0034171303,0.36753708,0.57889295,0.0,0.0,4.319583,0.0,0.666327,0.0,0.0,0.0,0.0,0.59345967,0.0034171303,2.8071976,0.0034171303,0.0,0.0,0.36411995,4.7296066,5.8301272,0.56945115,0.05496071,0.14232212,0.8952429,2.6342747,0.26819158,1.9411981,0.0,0.40588647,0.27559698,0.0,0.010251391,0.808958,0.013668521,0.0068342607,0.10560862,0.0068342607,1.4797082E-4,0.020493463,0.96185166,0.10902575,1.3574752,0.0034171303,0.0,0.2892655,0.09877436,0.0,0.09535723,1.0625659,0.45355037,0.0
2030,3.6386187,0.7210431,0.5924647,0.0,1.3458272,0.9128239,0.0034171303,0.7610307,0.023910593,0.09877436,0.102191485,0.0,0.024058564,0.07804827,0.023910593,0.0,1.3248173,0.0,0.0,0.010251391,0.0,0.0,0.39741632,4.238292,0.29181704,0.0,0.0068342607,0.0035651012,0.017085653,0.0,0.0,0.0,4.6617246,0.2588371,0.072363414,0.122684956,0.0034171303,0.7597551,0.09877436,0.0034171303,0.0069822315,0.017233623,0.0034171303,2.0235884,0.0035651012,0.0,1.342802,0.4164338,0.0,0.9685379,0.0034171303,0.013668521,0.35728568,0.0034171303,0.023910593,0.0034171303,3.131888,0.010251391,0.0034171303,0.013668521,0.0034171303,0.0,0.0,0.34413496,2.7090726,0.0,2.9898381,0.0,0.36696595
2031,1.615117,0.010251391,0.0068342607,0.017085653,0.28265455,0.3994284,4.4805503,0.017076332,0.79950505,0.479886,2.3728795,1.3729692,1.1111437,0.0068342607,0.0,0.0,0.09535723,0.0034171303,0.0,0.24941868,0.0068342607,0.0,0.83687407,0.36085078,1.6084379,3.7206504,0.0,0.0,0.6341707,0.010251391,0.0034171303,0.0,0.0068342607,0.0034171303,0.0035651012,0.029489705,0.22378752,0.0,0.5517132,0.04503569,1.955268,0.0,0.08161337,0.0034171303,0.0068342607,0.0,0.6637755,0.0850305,0.0,0.6969146,2.2525175,0.8729404,0.003713072,0.06894629,0.42219254,0.8822167,0.0,0.0850305,0.0,0.0034171303,0.09877436,0.0034171303,0.0,0.0,0.0,4.041733,0.0034171303,0.0,0.0034171303
2032,0.52682894,1.8955172,0.20779079,0.28271788,0.0,0.5650765,0.0,6.318052,0.2790048,0.91814184,0.017076332,0.115850694,0.023910593,0.0,0.48014033,1.3693928,0.29267332,0.0,0.0,0.7086632,0.0034171303,0.0,0.0,0.96977097,0.3052529,0.020493463,0.8391965,0.0,0.034161985,0.61964726,0.0,0.0,0.0,4.4996223,0.013668521,1.0787821,0.0,0.35743368,0.24940935,0.0068342607,4.2988863,0.079197675,0.0919401,0.0068342607,0.010399362,0.3029154,0.0,0.0,0.0034171303,0.0919401,0.0,0.0034171303,0.0,0.017076332,0.20779079,0.1045197,0.1838802,1.8635869,0.0,0.18729733,0.0068342607,0.0,0.0,0.0034171303,0.0,0.20437366,0.040996246,0.5817952,0.0
2033,0.3068611,19.119291,5.409171,0.4756489,0.50793,0.0,1.5544615,0.017076332,0.44610313,0.0068342607,1.6154863,0.10902575,0.0034171303,0.20329405,0.0,0.0,0.0,0.027475694,0.0,0.085390985,0.22122668,0.6706851,0.8307152,1.231464,0.0919401,0.0034171303,0.0034171303,0.0,0.0,0.17355347,0.0034171303,0.42816117,0.0,0.7371201,0.09535723,0.35401654,0.06006735,1.8019042,0.09877436,0.0,0.0034171303,1.3478012,5.5014286,0.7016193,0.09877436,0.11586001,0.0,0.0,0.0,0.0,0.31530952,0.041282866,0.8580431,0.0,0.034152664,0.0034171303,0.0,0.0,0.09535723,3.3638532,2.152939,0.0034171303,0.0034171303,0.0034171303,0.0068342607,0.6636275,0.122832924,0.0034171303,0.0
2034,0.4902732,2.5506203,1.0083095,0.0068342607,0.8695403,0.0,1.7251248,0.12951921,0.0,1.7288495,0.6721182,0.013668521,0.017085653,0.0034171303,0.037588432,0.0034171303,0.09877436,0.26876274,0.0,1.1804043,0.5731988,0.16381985,0.57497025,0.83063054,4.540248,0.0,0.11243356,0.0,0.0,0.0,0.2892562,0.0068342607,0.0,0.30974966,0.0034171303,0.0034171303,0.06489752,2.6362379,1.1980127,0.22225955,0.27232784,1.7752583,1.0716447,0.0814654,0.044413377,0.14550662,0.7006997,0.0,0.0,0.22145931,0.0,0.010251391,0.0034171303,0.020641433,0.0034171303,0.0,0.020493463,0.44586915,0.4868049,0.71719795,1.4850509,0.0,0.0,0.0,0.0,3.713103,1.0425963,1.6585332,0.30656514
2035,0.09877436,1.0367663,3.1155653,0.8180808,0.35672387,0.0,0.0034171303,0.0,0.5141326,0.55140525,0.4179191,0.13634415,1.7563775,0.0,0.27574494,0.57458967,0.09877436,0.0,0.0,0.24394754,0.32063267,0.0,0.020493463,1.9059807,0.38717425,2.9594163E-4,1.8329608,0.0034171303,0.66385084,0.0,0.0,0.0,0.0,0.559159,0.0034171303,0.37459466,0.8512088,0.0034171303,0.010251391,5.0543957,0.5514778,0.6817366,0.40867198,0.0,0.51559526,1.2096089,0.0034171303,0.46631145,0.41449267,0.0,0.0068342607,0.032739624,0.0034171303,0.9785567,0.36361438,0.017076332,2.8466823,0.29110053,0.102191485,0.0,0.42066443,0.0,0.0034171303,0.0,0.0034171303,0.27915278,0.0,0.0068342607,2.3355944
2036,4.3628497,4.7335744,5.7063904,0.2963864,0.027327724,0.38738272,0.72497076,2.263126,0.20437366,0.0,5.583869,0.11243356,0.2997309,0.0,0.70434153,0.20779079,0.0,0.0,0.023910593,0.0,1.5718948,0.0,0.0919401,0.13635348,0.37110218,0.0,0.0,1.7706193,2.265224,0.0,0.0034171303,0.79200816,0.0,0.2425844,0.0,1.3546233,1.7818096,2.0729063,0.0,0.54564774,0.017076332,7.305513,2.2658024,0.0919401,2.4779606,0.030744854,0.09280697,0.0,0.0,0.0,0.13526456,0.023919912,0.93985826,0.6812204,0.59645295,0.0,0.4700152,6.0373,0.0,0.73783416,1.9456089,0.0034171303,0.0,0.0,0.0,0.0,0.32760558,1.3370091,3.9639435
2037,0.0,1.2657005,3.4679494,0.24172014,1.0833603,0.0035651012,0.0,2.591537,1.4797082E-4,0.6798108,2.4787023,0.010251391,0.0,0.0,3.914724,0.013668521,0.44922578,0.010251391,0.0068342607,0.0034171303,0.0068342607,0.56186783,0.57524323,0.44040734,0.0068342607,0.0,8.69665,0.21120793,0.07173178,0.0034171303,0.0,0.0034171303,1.7782524,0.0,0.9852099,3.3866687,0.079188354,0.0,0.0034171303,0.09877436,0.0,3.0102563,3.0308266,0.0034171303,0.0034171303,0.10210683,1.104289,0.0919401,0.0,0.18729733,0.38461342,0.0,0.0034171303,0.5774706,0.09535723,0.0068342607,0.0,0.098846994,1.9665635,0.0034171303,2.7331634,0.0,0.19048183,2.1414552,0.0,0.45264292,0.13976128,0.0,0.5149029
2038,2.2857995,3.979106,0.36389664,0.010251391,1.0143116,0.31338456,0.21439242,0.87155807,0.36768505,0.4959674,1.5968522,0.0,2.6128356,0.4765535,0.023919912,0.020502781,0.010251391,0.0068342607,0.0,0.0,0.0,0.5729037,0.69009894,1.7121067,0.09535723,0.0034171303,0.11919249,0.0,0.0,0.0,0.013668521,0.0034171303,0.0034171303,0.0068342607,0.0,1.1114172,0.0034171303,0.0,1.2993362,1.6666752,0.38390508,0.38134426,2.6072607,0.34378666,1.9251362,0.45606005,0.0034171303,0.0,0.0,0.0,0.59605396,0.1474051,0.30547622,0.0,0.09535723,0.0034171303,2.323522,0.9098189,0.0034171303,0.959085,0.8254322,0.0,0.0034171303,0.0,0.030744854,0.6293505,0.0068342607,0.020502781,0.1045197
2039,1.3316295,6.105876,2.662319,0.0,1.2543017,0.36426792,0.5374408,0.0,0.017085653,0.24627575,0.93755716,0.0,0.21986482,0.0034171303,2.181076,0.0034171303,0.0,0.0,1.771024,0.0,0.06552915,1.0366197,0.2928213,0.0,0.11243356,0.9522644,0.31572762,0.0,0.26876274,0.0034171303,3.417629,0.0034171303,0.0,0.0,0.0068342607,0.39158633,0.0068342607,2.6044424,5.8185267,0.0,1.6579309,5.684491,0.0,0.010251391,0.0,0.040986925,3.1014702,0.0034171303,0.0034171303,1.5810204,0.0,0.017076332,0.3270586,0.65366274,0.010251391,0.09877436,0.18821411,9.038102,0.0068342607,0.26876274,0.027327724,0.0034171303,0.0034171303,0.0068342607,0.21120793,0.010251391,5.4080777,0.013668521,0.20037562
2040,1.0136628,2.7560806,0.10560862,1.7112024,0.013668521,1.4852307,0.09535723,1.3474207,0.0034171303,3.2648914,3.4923317,0.0,0.091864765,0.0,0.020493463,1.4360445,0.0068342607,0.29289663,0.13477138,0.4213269,0.0,0.39757362,0.3847614,0.8314775,0.11600798,0.0,0.08161337,0.0034171303,0.29181704,0.24600154,6.231736,0.6293406,0.0,0.0,0.604641,7.7846212,0.020493463,1.5394678,1.0039659,0.0034171303,2.794103,3.153407,3.8753734,1.219456,0.0,0.13976128,0.020502781,0.19226287,0.0919401,1.1240325,0.20685916,0.0068342607,1.6105844,0.0,0.11243356,0.35728568,0.12269427,0.030892825,0.49118838,0.10560862,1.0971162,0.2689107,0.0034171303,0.017076332,0.0034171303,0.105523966,4.3667274,0.0069822315,1.1140393
2041,2.633225,11.573968,0.17682263,0.38717425,0.51072484,0.46295762,0.07578055,0.92097616,0.064906836,0.6365836,3.6590672,2.9995275,0.31316677,0.0034171303,1.6783873,1.1781921,0.2578247,0.0,1.4167372,0.0034171303,0.10225481,0.6815588,0.08532644,0.0,0.19442753,0.0,0.08056081,0.0034171303,1.3809013,0.0,1.5191278,0.030744854,0.0034171303,0.0,0.0034171303,0.0,2.679253,0.4731364,0.0,1.027149,0.0,1.2159269,0.6397754,0.0034171303,0.010251391,0.010251391,0.5432635,0.0,0.28598702,0.30314803,0.098689705,0.09535723,0.7191044,0.0,0.10902575,0.0,0.0,0.20756748,0.11243356,0.20096585,0.0,0.0,0.030744854,0.0,0.010251391,1.4210118,0.84027904,0.017233623,2.175317
2042,1.2288672,2.8953626,0.0034171303,0.0068342607,2.7739975,0.0,1.9161975,4.744823,2.2646167,3.261742,5.3582773,0.64489937,1.6055992,0.10560862,1.7545922,0.027327724,0.036156755,0.0034171303,1.4797082E-4,0.0034171303,0.44586915,1.6302092,0.27559698,1.3948618,6.333073,1.9702036,0.0,0.0,0.61039734,0.41450197,0.0,0.07819624,0.45967633,0.0034171303,1.1612352,0.0,0.0,0.0,0.7132166,0.0068342607,0.48352644,1.0209644,0.4731364,0.017085653,0.07871401,0.013668521,3.1549413,0.020493463,0.017085653,0.17682263,0.37436202,0.0,1.7251786,0.0034171303,1.2724108,1.2041028,0.90136087,0.031040795,0.0,1.1519088,0.3274576,0.0034171303,0.0068342607,0.0,0.5994725,3.4794152,1.3222344,0.83745545,0.96749103
2043,0.013668521,3.993906,0.0034171303,0.030744854,0.0919401,1.6456013,0.0068342607,6.712564,0.020650754,2.407868,1.5119677,0.0068342607,0.93282163,3.2229807,2.131209,0.7001314,2.2005482,0.0,1.8316611,0.0,0.32324442,1.2691685,0.010251391,0.40915564,1.0854129,1.1842895,4.3392997,0.027327724,0.0,0.28948882,5.8256817,0.0,0.0,0.0,1.9356748,0.0034171303,1.1509701,0.0,1.1369872,0.15542458,3.2095883,2.2249646,0.0068342607,0.0068342607,1.3993683,0.5215892,2.5132122,0.040986925,0.29632306,0.0,2.1439471,0.0069822315,0.013668521,0.0,0.6571646,0.24591689,0.0,1.4952884,0.27574494,0.0034171303,2.3459325,0.0,0.0,0.0,0.013668521,3.0082052,0.4174917,0.20095652,0.0068342607
2044,0.40758306,1.1649858,0.6224212,0.0068342607,0.0034171303,0.0035651012,0.0034171303,1.7102056,3.40859,1.2602704,0.4304628,0.0034171303,0.36959234,0.10560862,0.32022434,0.0,2.4241865,0.027327724,0.0068342607,0.09892233,0.0034171303,0.13849622,0.36790836,0.5381843,0.9282555,0.0,0.09535723,0.010251391,0.75204474,4.172592,0.010399362,1.8700075,0.0,0.0,1.6064093,0.0034171303,2.9197192,0.0,18.792248,0.0,0.0,0.6746505,1.0091337,1.1561533,0.0034171303,1.0526806,0.72781676,0.9637297,0.18038774,0.039573886,0.40853333,0.6341707,1.2988399,0.5004641,0.0068342607,0.0,0.0,1.1844897,0.0034171303,0.0068342607,0.3432033,0.0,0.57191074,0.5413743,0.11586001,0.0068342607,0.0,0.47569722,0.017085653
2045,2.5240068,5.3802137,0.0035651012,0.23552684,0.32597902,0.0,0.0,0.27582029,0.0034171303,0.0,3.78466,2.4406588,0.0068342607,0.1295099,0.11941579,0.95999247,0.043138985,0.0,0.010251391,0.0,1.0393062,2.7308762,0.0,0.7443108,4.4542665,1.286944,3.8167248,0.0,0.0,0.0919401,0.0068342607,0.0,0.0,0.23185867,1.6739273,3.598415,0.6013593,0.020502781,0.28249457,0.0,7.0318756,0.22138397,3.246721,0.95229375,1.1293572,0.19413158,2.126384,0.0,0.3617769,0.6135293,2.8404016,0.017076332,0.38333395,0.11243356,0.6740929,0.091864765,0.16310176,4.5210905,0.0,0.0034171303,0.62967527,0.0,0.0,0.10902575,0.0034171303,0.05480342,3.4470766,0.020493463,4.53737
2046,6.2245307,5.8418903,1.6250424,0.42552608,0.0034171303,0.092088066,1.2581313,6.6911426,0.7796169,3.1347327,2.1175022,1.9778825,1.1402955,0.32255256,0.013668521,0.49037,2.1881797,0.030744854,0.0,0.0,0.0,1.3574958,0.020493463,4.4984193,5.869713,0.024215855,2.457858,0.0,0.020493463,0.010251391,0.78477633,1.6224934,0.0,0.05138629,3.4030957,0.8059399,0.023910593,2.3820903,1.2165745,0.017076332,1.6195807,5.0818286,11.622464,0.28583905,1.4994256,0.5038719,0.61078864,0.9998645,0.13526456,1.1129291,1.0617752,0.7112781,1.2757982,0.010251391,0.102191485,0.0034171303,0.0,1.9133154,0.023910593,0.8337968,0.10902575,0.0,0.09877436,0.0034171303,0.65343946,0.0,6.954786,0.5857179,1.1702082
2047,3.063009,0.49703765,1.01278,0.22820891,0.0068342607,0.6497793,0.45264292,3.8917708,0.3066378,1.3518634,0.1636812,0.4051795,0.017076332,0.0068342607,0.013964463,2.0100377,4.260532,0.37117752,2.4042368,0.0,1.5950266,1.4502304,0.20111382,1.8363491,0.22805163,0.040996246,0.0034171303,0.0034171303,0.23170139,0.0,0.037569795,0.0,0.40510687,11.576875,3.1025076,0.28265455,0.8261486,2.1160479,0.010251391,0.0,3.2948532,5.697972,8.293456,0.010251391,0.37095422,0.5193119,8.137505,3.2449577,0.5007694,1.6813483,0.12966718,0.0,1.8988171,0.30314803,0.53866553,0.8755205,0.3607028,1.011408,1.2322984,1.0561635,1.0096527,0.0,0.0,0.14722718,0.0034171303,0.18722199,0.6593448,0.0,0.5158544
2048,11.553766,10.784054,0.0,6.8662715,1.920966,3.0922751,0.0068342607,0.36746174,0.49697164,0.3056242,5.245654,0.79789215,0.115850694,0.0,0.61595064,0.09535723,0.43306625,1.4797082E-4,0.010399362,0.27582029,0.020502781,2.2099986,4.1999145,0.0,1.555467,0.013668521,1.4797082E-4,0.39144766,0.0,0.0,0.0034171303,0.0068342607,0.0034171303,0.5343168,0.0068342607,0.7609657,2.7646961,1.9745022,4.092542,0.0,0.91336817,0.020493463,2.1137235,0.38717425,1.3096844,1.2650038,1.1038146,0.30889335,0.0034171303,0.0034171303,6.553041,0.0,0.42623198,0.0034171303,3.1277683,1.8870894,1.4292021,0.68114775,0.054646127,0.18016443,6.463234,0.0,0.013668521,0.918945,0.0068342607,0.023910593,2.1849232,2.057096,19.79544
2049,2.832653,15.946887,0.0,4.426146,9.397376,1.7154486,0.9922252,1.0047444,0.38368177,2.63223,1.0308675,1.2013779,0.0034171303,0.010251391,0.0068342607,0.87768024,0.22735262,0.0,4.8817515,0.3570624,0.6863149,1.0099293,4.423318,1.5163054,7.9862514,0.6410897,0.76610565,0.33866653,0.36176756,0.0068342607,0.1838802,2.8724513,0.22828425,7.218907,0.0,0.013668521,1.8552498,0.44586915,6.413531,0.83680737,2.5971055,5.3518696,4.020717,0.4664501,0.0,0.0035651012,1.5941882,0.27531472,1.2524318,4.5574365,2.4416564,0.0034171303,0.17284366,0.0,2.7857394,1.6436205,0.09535723,1.7779588,1.9025509,0.027327724,0.45888695,0.0,0.013816493,0.64923114,0.09877436,0.0068342607,0.17128575,0.0,1.6648672
2050,10.525061,6.9346123,0.0034171303,0.92876065,4.084611,1.6028767,2.8128636,1.7717716,2.7300687,1.7349374,0.5162847,0.09877436,1.9520875,0.013668521,0.56165934,0.023919912,0.030892825,0.020493463,0.0,0.0034171303,0.15022396,0.52883404,0.6584894,0.13661818,5.1449876,2.6774833,1.4797082E-4,0.0068342607,1.4965632,0.06894629,0.0069822315,0.0,0.0069822315,0.0,0.43919218,0.6033412,0.072363414,1.7631443,2.939591,0.26185313,1.4673194,1.1991626,0.6102695,0.29305393,1.581519,0.2758929,4.2125673,0.0034171303,0.52516365,0.102191485,5.093417,0.020493463,0.44905365,0.013668521,0.33389288,0.0,3.0937998,0.8489715,5.2304235,2.2156253,0.56804854,0.77251965,0.0,0.14381005,0.0034171303,1.9782332,0.0,0.2821583,0.7695981
2051,1.2140127,6.857216,0.0,0.122842245,2.042677,4.0706453,0.92769367,4.5069566,0.68129575,0.0921607,2.2765896,0.0034171303,0.6704121,0.0,0.62378067,6.1798368,1.1840248,0.0,1.2317635,0.60566664,3.3740358,0.7879677,2.6974444,0.3259697,3.7995596,0.0,0.0,0.681396,1.0832579,2.6540852,0.0,1.842727,0.34818372,0.21803287,0.0,2.272366,0.50251937,0.10793683,3.7118704,0.8597804,1.6427801,0.8775954,8.628285,0.13635348,0.5605798,1.6580211,1.6143295,0.4985861,0.04845282,0.19071446,1.6065909,0.58549464,4.1168475,4.0221663,1.6083468,0.35734618,0.023910593,0.0068342607,3.5376372,0.6331758,2.7307277,0.49847886,0.0,0.0,0.023910593,0.18721268,2.8273702,3.169652,1.2904599
2052,7.1061563,12.596751,0.0,3.2192926,5.753346,2.7482636,7.372779,0.09877436,0.086031936,0.19413158,0.9738211,0.0068342607,0.0,0.17682263,0.7862508,1.5322558,0.78612965,0.0,2.4115255,0.5523852,0.19704314,2.734885,0.10233946,0.41051877,1.3223302,0.10210683,0.19845618,0.30621687,13.415599,0.010399362,0.0,0.4023214,2.291893,0.0,0.0034171303,0.41272074,1.1481475,0.49719495,0.452924,0.5637146,0.9268633,2.1090415,4.787796,0.10560862,0.0,0.43847814,4.1024694,0.3607028,0.629127,0.5879075,0.0850305,0.0034171303,2.5631313,0.09535723,0.11586001,0.0068342607,1.9371797,0.56841826,0.729927,1.2115567,0.3052529,0.0,0.9406604,0.26207644,0.0068342607,0.0,0.0034171303,1.8069291,0.7837858
2053,13.370008,9.382708,3.0304523,0.11926782,1.0454568,3.7855449,0.38490936,7.215853,0.034309957,0.56556076,2.2499583,0.0,0.030744854,0.8823432,10.554973,3.8424048,1.5340124,0.0,1.2083124,0.017076332,0.7576229,1.9547731,1.1634587,0.0034171303,13.124556,0.0034171303,0.0034171303,0.0,2.1049507,0.017085653,0.0,0.17250091,0.4053395,0.0,1.301298,1.7034364,0.39400852,3.8608315,10.11037,0.30656514,0.09877436,0.36753708,2.2206829,0.0034171303,1.4744554,0.5488004,0.927234,0.5787357,2.0635796,1.0741559,2.914013,2.4868567,3.037066,0.010251391,1.9740404,0.010251391,0.8545411,2.5406215,0.10560862,0.27559698,2.987613,0.102191485,0.0,0.0,1.2030232,0.63703156,1.9117078,0.010251391,1.176052
2054,0.11259085,7.799486,0.15234089,0.29623842,0.67009485,6.3271604,0.77408,2.7650356,0.4687876,1.0209084,2.594884,0.0,0.3939992,0.11926782,0.6032872,1.2714103,2.1176004,0.0,0.0068342607,0.91252196,0.037569795,7.4331284,10.33446,1.4366764,0.20095652,0.928168,1.0058852,0.0,0.7951085,0.0,3.2010672,3.4021964,1.6238197,0.0,4.6357994,0.0,1.5914527,0.8133309,0.7302929,0.900344,0.0068342607,0.4993752,17.957092,0.6023463,0.35386857,2.3028195,4.528912,0.59736043,0.0,0.0034171303,1.8777974,1.6168842,0.0034171303,0.0,3.4202328,1.0500543,0.2653456,0.46813408,0.25282648,0.7123763,0.12887421,0.0068342607,0.0,0.0,0.75284547,0.023910593,0.42281485,0.020493463,8.135237
2055,2.5824614,13.425417,0.20603938,0.07173178,0.308818,3.2845283,0.0034171303,6.007517,0.5958213,6.3388996,2.883937,0.0068342607,0.0034171303,0.0068342607,0.56798804,0.0068342607,1.2295482,0.09877436,0.78631246,0.12966718,0.9938475,0.54843324,6.432886,0.27923742,8.534207,0.0068342607,0.48679557,2.1548057,1.3167125,0.6710841,0.102191485,0.0068342607,2.010162,0.6603491,3.935878,0.0,0.6335265,0.44330832,4.1970134,0.0068342607,1.0111569,0.4645507,3.8724222,0.010251391,0.4191744,0.10575659,3.7146194,0.0,2.3953319,0.6567933,4.495625,0.0034171303,1.2402122,0.29283062,0.20671119,0.3310227,0.80524135,1.4722483,0.0,2.220565,4.9041934,0.013668521,0.8579292,0.78622645,0.53866553,1.9942124,1.0761172,0.5141233,2.6799076
2056,0.5477768,25.82171,1.3503196,6.019321,0.6327209,2.3168294,3.3033175,6.2500157,0.6771988,0.193626,4.6767254,0.0,3.4288623,0.010251391,4.284407,0.9163652,4.0233774,0.0,0.0,0.030744854,0.63871837,1.8979542,0.28242192,2.2359173,3.7684398,0.027327724,0.0,0.10210683,8.137779,0.0,0.0,0.0,12.2782345,0.0,0.5053173,0.29296926,6.2846775,1.1354669,2.8974192,0.0,6.1950655,0.020493463,0.030744854,0.18729733,1.0138571,0.6858927,10.3538475,0.37117752,0.1534298,0.3225619,1.6213957,0.0068342607,3.5800745,0.46630213,4.0672364,0.017085653,1.4980017,1.7916573,0.0034171303,1.8064234,3.6273363,0.0034171303,0.35743368,0.2653456,0.0,0.0,1.6571425,0.36411995,2.179072
2057,1.8007466,8.267893,0.0,5.8700004,0.09144384,1.1762561,1.4458245,0.36988032,1.509797,0.0034171303,2.9615586,0.0068342607,0.115850694,0.21462505,5.89217,0.7770093,1.5789458,0.43941683,0.36753708,1.389525,6.067085,0.6261964,0.47854584,1.6958404,2.5591455,0.0068342607,0.0035651012,1.9614726,1.4322065,0.0,0.0,0.21463437,0.20779079,0.0,6.02304,0.5705247,2.4271655,2.8622673,2.7421956,0.2653456,1.3908558,0.09877436,2.7353377,0.1838802,1.2908794,0.023919912,4.9441414,0.0071302024,0.0,1.3708231,9.714482,0.0,0.013964463,0.0,0.28583905,0.0068342607,0.26136664,0.29644972,0.27923742,0.0,1.1247824,0.0,0.0,0.0068342607,0.0034171303,0.45264292,4.088165,4.963271,14.346622
2058,7.3191524,17.523462,0.0,2.4399376,0.013668521,1.1648555,3.9830809,2.3124776,2.9187312,0.46915743,8.526207,0.0,0.20096585,0.023910593,1.2059001,0.50898546,1.8884178,0.10902575,2.1114204,0.032739624,4.601471,10.526513,1.8281132,2.343857,11.428072,0.0,0.35695648,1.4301487,8.71496,1.4667237,4.850524,0.7626885,0.5446435,0.0034171303,4.659978,0.4961907,0.10640886,0.87111026,15.351293,0.57515574,2.9284303,2.2479317,9.074241,0.0919401,1.7995286,0.7698585,3.0242817,0.09535723,1.1545194,0.8443232,5.5103602,0.0068342607,0.507531,0.99373347,0.0068342607,1.5880926,0.0,6.009502,0.0034171303,2.2857366,4.177288,0.0034171303,0.102191485,0.0,0.8326253,1.325101,0.027327724,0.66298765,4.938056
2059,5.4228315,21.105991,0.0,2.0316656,0.5548466,8.256671,0.0,2.5102499,0.6000181,2.548089,8.82513,0.0,1.8117557,1.498291,0.66001034,2.0773802,2.1104367,0.24419633,0.023910593,0.36176756,1.0162619,0.27206194,1.842408,0.7699419,9.140188,0.0,8.680686,0.47904187,2.6651816,1.5085925,0.0,0.0,2.0693038,0.9851895,11.543459,0.40350345,13.325297,3.6083815,7.9287353,0.18729733,3.1766512,4.7895017,0.43169352,0.30548555,4.697929,0.2527418,8.394349,0.010251391,3.8350248,1.8246139,5.0117054,0.0034171303,0.010251391,0.58898705,0.5477768,0.66243273,0.0034171303,7.1973805,0.0068342607,0.11586001,0.0,0.0,0.27217984,0.12363316,0.0,0.0034171303,2.918533,1.8830918,2.658984
2060,10.596155,27.554356,0.0068342607,6.856265,1.0198953,4.2733283,0.55816686,0.8308027,1.1546403,0.1872853,8.084785,0.0069822315,2.3302906,2.3738077,2.1269808,0.0,5.4179897,0.56171983,0.1734055,0.102191485,0.0034171303,2.7842739,0.4023214,1.651064,15.126242,1.0544916,0.0034171303,2.496131,0.0,0.11927714,0.0,0.0,0.5142899,0.0,0.050529994,0.0068342607,4.2360716,0.37777916,16.181885,0.013668521,0.5316124,4.8889303,7.3631883,1.2904365,0.1734055,0.7828953,14.614412,0.21462505,1.0881469,0.35728568,1.9030781,0.0,0.09535723,0.0,2.0279696,0.57624465,1.0674601,20.548367,0.010251391,0.0,3.1766372,0.0,0.0,0.0034171303,0.5283674,0.37436202,4.4279776,1.0615667,0.030744854
2061,10.136637,4.6205626,0.16088638,0.4754315,1.557119,1.4797082E-4,1.1938552,3.077955,3.803286,0.5430709,7.1881413,0.3303129,3.1549098,1.3441486,3.2565598,0.990728,1.0421218,0.10560862,0.9818998,0.020493463,0.49270755,1.6353354,2.581318,4.1566687,7.0797873,0.16359654,0.23575015,0.81777155,4.3384705,0.0,0.030744854,0.0,1.2743703,0.0,5.620016,0.0034171303,1.0319313,0.53751165,0.14859964,2.8105438,0.06906359,5.7945127,17.47178,0.07819624,4.0215044,0.10226412,13.862829,0.060633417,0.39828193,0.013816493,13.229873,0.20096585,0.09877436,0.054655448,3.8506606,0.41107553,0.17456423,10.114282,0.9796314,0.37095422,3.8216367,0.3067131,0.0,0.5488702,4.862102,0.61288834,2.2564287,0.9402991,0.96524155
2062,8.69923,24.582047,0.0034171303,1.6105952,3.1708088,0.017085653,0.42281485,8.645431,5.4850554,2.2839756,3.6016548,0.017076332,0.013668521,0.133075,1.6451796,1.303693,4.6410346,4.6228466,0.8285136,0.0034171303,2.7346895,3.5181582,0.0069822315,0.010251391,0.948328,0.23170139,0.0068342607,0.0034171303,2.6706488,0.0,0.0,0.0,0.4640344,0.0034171303,9.258726,0.0,1.3474206,0.0,2.7947276,0.054655448,11.113475,0.36441588,12.878801,0.09535723,1.5847262,3.1248245,10.469612,0.0034171303,1.2291366,1.1922584,2.9364402,0.020493463,0.010251391,0.68012387,0.6140213,0.0,0.044413377,9.708788,1.217618,1.5421319,0.98135865,0.34453395,0.0034171303,1.8382668,1.3036968,0.0,0.08844763,5.4586024,11.920144
2063,2.3952303,5.201925,0.29181704,0.6497494,5.2919006,9.223301,1.4880583,0.88250047,0.88590956,3.7779462,2.5564446,0.010251391,1.3232498,0.2855661,9.473735,4.455612,11.613283,0.0,0.26549357,0.122684956,0.20359,1.9970243,1.1382493,7.724577,12.655331,3.5467083,2.1465068,0.42281485,0.5339811,2.9075952,4.567762,0.0,0.3917343,0.0,1.3209908,1.9962882,0.56130177,6.3251977,7.7894745,0.19427955,0.70149994,3.8178873,11.845239,0.0,3.9070117,3.7802768,12.206336,0.563305,1.3850118,3.2258189,2.5221965,0.37777916,1.2063189,0.76699054,0.4554796,0.010251391,0.0068342607,4.207535,1.3102189,0.0034171303,2.755594,0.0,0.0068342607,0.0814654,1.0925487,0.0,2.9914212,1.1436764,18.878704
2064,15.8746195,21.271301,0.2995076,3.4445465,5.423448,7.0295005,0.44943425,2.7353895,1.6854619,7.1866636,5.880636,0.0,0.20779079,1.373016,2.3934646,0.0,9.277434,1.3060387,11.913626,0.81284016,1.413415,6.2501016,0.017076332,1.1931497,31.031048,0.0,0.0068342607,0.5650765,5.387369,0.0,0.47051948,0.0,1.8677841,0.0,1.7910967,0.0,2.2201433,5.5082626,6.7972608,0.81611043,0.71554697,5.0014987,4.516264,0.52173716,4.0102825,0.6877614,19.16316,0.72938,2.229169,1.3758419,3.6535308,0.0068342607,0.4398912,1.4720632,0.3301771,0.0034171303,0.66980463,14.800388,0.0,2.4605405,5.859189,0.09535723,0.044404056,0.0,2.6448052,0.9210608,3.4056838,1.1838455,0.6096285
2065,2.2456527,8.630863,0.0,2.083896,4.1196494,4.8972864,0.4156542,4.7705894,0.40510687,0.30491948,12.576387,0.0,0.8281616,0.8984367,1.5532378,1.2079887,0.34653804,0.11926782,0.0068342607,0.4569675,0.68114775,9.250339,13.215637,5.632453,26.10803,0.020493463,0.11926782,0.037588432,10.7542095,0.0034171303,0.013816493,0.0,6.059713,0.0,5.550881,3.2131138,0.47502542,0.7075368,2.7315893,1.1404573,3.97369,0.9292569,11.052561,0.010251391,5.2231207,1.9011377,9.058318,0.1734055,4.3686647,0.21121724,24.263239,0.017224304,1.6123775,1.8086787,3.2185426,0.0,0.06552915,3.1791275,0.023910593,2.5381382,12.507105,0.41107553,0.35160083,0.0034171303,0.37095422,0.017085653,1.5108576,0.0034171303,0.19413158
2066,11.982926,27.610428,0.0034171303,5.264073,2.64954,0.86380327,0.027327724,3.8926306,0.7049638,1.4995058,3.2683494,0.0,0.09535723,3.0495174,0.1969678,4.0238776,1.1112535,0.09528189,3.6398873,1.6131346,1.1139293,6.4934077,0.020493463,0.017233623,22.196697,0.0034171303,0.3231452,1.200722,1.3887099,0.0034171303,0.017085653,0.7043805,1.1179482,0.0,4.834486,0.0034171303,0.65337616,4.4287515,5.3215055,0.60669506,7.750073,10.250123,6.2523193,1.0771792,0.19071446,1.7965186,4.6316805,0.4731457,9.285058,2.5339937,4.854778,0.0,1.0579981,3.4990711,1.7634826,0.0,0.09877436,7.33966,0.0,2.9781146,4.761512,0.010251391,0.30970293,0.0,0.4935831,0.0,2.5293975,2.4376273,9.9517975
2067,0.28948882,8.714205,0.0069822315,1.2938747,10.890018,4.143785,2.0010226,1.7511752,0.2778002,0.6812231,5.7305183,0.0814654,1.1498332,1.4613471,16.304144,1.6790137,5.027835,0.8428674,0.40106338,2.764554,1.1697521,16.14115,0.96106493,5.9449525,8.093121,0.010251391,0.0,1.5432807,10.099636,0.44905365,0.0,0.0,0.7142836,0.18721268,2.3767378,0.58471364,12.633081,0.39770204,4.211668,0.0034171303,4.2631173,9.952182,26.63514,0.0034171303,3.592074,0.7375989,7.504557,0.30657446,0.5442844,0.46289432,4.2761855,0.010251391,0.056650218,0.0068342607,3.5264335,0.0,3.0954287,9.881158,1.1182414,0.6705036,2.0717,0.0068342607,0.102191485,0.023910593,1.4944636,0.0034171303,2.9560637,0.52159977,4.346415
2068,7.2631936,20.031116,2.2100508,1.1930205,1.3553787,0.5304787,0.013668521,11.2621,0.13308431,0.017076332,7.056286,0.013668521,1.762541,0.27559698,8.362577,0.0068342607,4.7661266,0.0034171303,5.615725,0.0068342607,4.471082,9.52608,3.032316,0.045183662,27.317575,0.13509832,1.1083419,0.27217984,6.513281,1.167326,0.0034171303,0.0,5.4154215,0.09535723,5.3055415,0.90175635,0.4019317,2.7091186,24.831217,0.0,0.60534304,24.946024,8.574342,0.0034171303,3.5584497,4.487447,4.4532514,0.99347043,1.8218786,1.0891511,10.373694,0.0068342607,0.3029154,0.9740225,0.5770993,0.0,0.29661775,7.474586,0.30889335,4.793626,7.633404,0.0034171303,0.33202416,0.08488253,1.5771736,0.0,9.650656,0.0034171303,7.206636
2069,7.661165,11.975128,0.0,3.143665,0.6084048,9.197265,0.42431337,5.693138,0.5354057,3.1638958,6.432813,0.08881743,3.383395,0.023910593,7.668168,0.0,6.8081555,0.010251391,0.047978476,0.013668521,0.5142494,3.7968328,3.7773335,4.5673337,33.815857,0.0,0.6500025,1.4455724,1.0037296,0.0034171303,5.7538433,6.091372,0.0068342607,0.48913312,19.219173,0.18729733,3.1019127,0.072363414,19.074932,0.04845282,2.236375,13.283473,14.413894,0.0034171303,1.8186982,0.26245555,10.9156275,0.28948882,0.034161985,5.9303465,23.064426,0.09877436,1.5525136,0.0,10.58339,0.0069822315,0.5534725,6.5501685,0.0034171303,1.129927,8.346961,0.010251391,0.0919401,0.11150193,0.61139995,0.6551572,6.0149703,0.0,17.486105
2070,19.440613,21.472319,0.0068342607,2.7934113,1.7405404,21.090815,0.0,14.284321,0.0069822315,0.031198086,14.950313,0.023919912,0.024058564,0.056650218,10.624779,0.7955733,4.5383177,0.10560862,1.3167206,0.746709,5.2388253,2.7714572,0.46444398,12.550067,13.092707,0.0,5.6405487,1.2998443,5.878534,0.017076332,0.010251391,0.0068342607,0.79059184,0.010251391,0.0034171303,1.0277382,1.333296,0.3607028,12.968983,0.0,0.0034171303,8.805268,35.198093,0.0919401,2.3547006,11.005299,17.6546,0.19754872,1.8512107,5.9193225,10.239915,1.4092644,0.66311264,0.92171437,7.0338564,0.5523655,1.9207802,4.765012,0.0,1.147154,5.60312,0.0034171303,0.0034171303,0.0034171303,3.8303123,0.115850694,1.364665,0.013668521,15.142233
2071,4.062396,14.921321,0.0034171303,0.6570864,9.678473,2.6593041,0.43506807,14.757706,0.0034171303,0.0034171303,16.033245,1.8718454,1.0401258,1.8990856,14.179794,0.19413158,2.6857615,0.0034171303,4.7683992,0.59267825,3.727738,1.9735626,3.10813,4.540646,29.224205,0.0034171303,0.26641035,2.1149771,6.9658237,0.16431284,0.0,0.11926782,26.565598,0.23170139,0.0,1.2897375,0.39158633,7.068015,9.959709,0.034161985,3.5234637,2.2510266,40.981903,1.1256844,1.8683699,2.3176057,12.689159,0.33213213,0.0068342607,2.6723607,4.010903,0.0,0.6809998,0.95670444,4.456843,0.0,0.0068342607,13.636512,0.0,4.242475,6.140888,0.0,0.0034171303,0.0,0.4179098,0.0,0.28265455,3.9262092,8.454281
2072,16.715012,14.720537,0.032739624,0.7443846,1.334273,1.2058693,1.434885,1.5797365,0.60641986,6.0347524,8.797113,0.10560862,1.3225638,0.5284235,9.884111,1.7572569,4.94288,0.010251391,2.2510278,1.1301943,4.18264,17.466398,0.6089202,10.351585,27.963358,0.0,0.1984655,1.0520707,0.5737755,0.36753708,0.57530653,0.8173318,33.35748,0.8232027,3.6461291,0.53889817,4.450624,0.5343075,29.58231,0.10901643,0.3261363,19.733448,22.996284,0.0,0.479039,0.8215299,17.175226,0.0,5.1789412,3.3530233,16.736647,0.12625006,0.3270586,0.013668521,8.519851,0.0034171303,5.573003,7.070003,0.6126247,3.491437,0.6821273,0.0,0.017076332,0.102191485,4.9459515,0.017085653,1.5316527,0.54807276,13.105296
2073,8.176271,10.869537,0.0,0.037579115,8.786154,18.145586,2.0985386,8.845189,0.010399362,1.3936685,32.6116,0.5352484,0.5685541,0.027327724,2.8487196,0.9418538,5.904922,0.0,1.3759396,0.10793683,1.3705922,11.962823,5.150122,2.3723176,61.1031,0.34135878,0.010251391,1.1358339,1.1032699,0.04503569,0.20755817,0.26192847,2.5323994,2.1630726,22.524107,0.0068342607,0.8351059,4.135861,10.319533,1.7580845,1.4797082E-4,3.115612,37.532307,0.40867198,3.4090211,7.498279,24.282223,1.3110756,4.4397163,2.249675,12.675104,0.102191485,0.11586001,1.3164219,12.5779295,0.29865128,0.39523607,1.4802921,7.7616887,0.013816493,10.958001,0.0,0.0,0.39143836,1.940156,0.0034171303,5.866091,0.11591401,5.446535
2074,5.6937294,19.690022,0.47646886,0.65794265,0.5897667,15.247301,1.5850488,5.5355587,0.14039291,0.19754872,21.339012,1.4356834,4.3541083,0.70538473,9.54149,2.147961,18.840796,2.9822116,8.5970745,1.0922389,0.06006735,11.094789,0.9548749,4.3462243,25.179361,0.0034171303,0.22538084,0.31245846,10.269008,0.0,1.17703,1.2148234,6.967971,11.263871,13.148711,1.1104778,2.72928,10.190181,9.882922,0.010251391,1.9375882,5.909232,18.483156,0.017233623,2.5979846,6.8786893,21.345453,0.0,5.473692,1.9599156,8.68123,0.10917372,1.3421369,0.752741,5.4847507,0.0034171303,0.013668521,3.5349138,0.7072831,0.030744854,21.07276,0.0034171303,0.0034171303,1.1760335,7.3309855,0.0,1.2583133,0.5546018,2.058389
2075,0.3984299,32.38088,0.0,0.15335447,2.0888402,3.7778125,6.436732,2.8286462,0.09535723,4.867071,5.609605,0.0,2.3628833,1.5771999,11.982366,1.1274279,2.9885886,0.0068342607,4.4589252,0.9710356,0.09535723,12.333822,2.796491,25.19643,60.760593,1.6514655,4.757271,1.4240979,3.1722033,0.28242192,3.9091403,0.091864765,4.4059787,4.2260923,0.58237344,0.0,1.3263761,2.354655,15.570841,0.020502781,3.8420537,0.92429245,13.941145,0.0068342607,3.6453185,9.441295,22.262238,0.09877436,4.513695,7.5136447,17.958662,0.0068342607,1.2823204,2.327371,3.352751,0.020502781,5.8699436,4.2168384,1.5559512,1.1036199,16.461823,0.0034171303,0.5215892,0.13293634,0.65362245,0.39174363,9.586274,1.787754,9.516137
2076,2.0567746,25.582766,0.013668521,0.0034171303,3.0213976,6.55582,7.554689,5.3384523,0.71578413,1.35017,18.53891,0.0955052,1.7693683,1.1228224,7.157687,0.09877436,18.406897,0.6103809,6.437427,0.0,0.71581334,3.5990686,3.8913882,53.29232,22.673203,0.68461317,3.5922582,0.2892562,22.227648,0.0,0.0034171303,0.0068342607,16.531836,2.0208058,0.099574596,0.5496978,1.0018765,3.0662677,10.221476,0.6881604,3.653435,4.6135473,40.681934,1.1706073,0.2892655,10.50177,24.116362,0.09535723,0.19754872,2.0980334,19.671309,0.0,0.7753528,1.4781625,10.893068,0.017085653,1.3353301,7.2847085,0.47519165,7.8551836,10.668342,0.0068342607,1.0348095,0.010251391,0.4594772,0.010251391,1.672223,1.4510722,3.433327
2077,2.7666922,32.3954,0.0,1.359141,2.1774454,16.58482,15.308353,2.8257096,0.0035651012,7.761463,11.954994,0.0,1.8621964,1.6525543,10.234583,1.3501289,3.22529,0.12951921,0.6200314,0.30314803,5.6059494,11.348329,0.0,7.55078,29.006487,0.539644,0.0034171303,1.2037246,15.56473,0.0,0.76048267,1.231316,10.005492,0.7404985,0.3607028,0.0,2.0642655,1.3181304,24.793232,0.0034171303,4.203462,5.7975473,25.783272,3.685751,1.6485875,11.421473,33.736443,2.2265155,0.023919912,0.6016476,16.18258,0.0919401,0.5049774,0.36085078,6.9934115,0.19071446,0.0,17.069506,0.0,0.010251391,7.670518,0.0034171303,0.38112095,0.24549596,5.1094303,0.0,0.23170139,6.409871,6.911995
2078,9.5102,21.049744,0.6613505,1.037593,1.4287909,7.2097106,4.140869,11.908583,1.0452766,4.486967,20.958662,0.05186995,1.3600329,0.0034171303,7.3796973,0.0,6.173345,0.5989498,3.8528109,0.013668521,0.10917372,18.16412,0.19442753,22.635208,25.009718,0.0,0.67917573,0.6027475,14.4078245,0.0034171303,0.0034171303,0.0,0.0919401,0.0,2.8631396,2.6760056,0.49244452,7.555941,14.136549,0.030892825,8.9423065,4.7106524,34.894337,1.647222,0.21462505,1.2495418,12.221632,1.6269298,2.56867,3.3603451,24.720322,0.105523966,2.0374904,2.0305848,13.512054,0.0,0.6810603,8.646575,0.0,2.6561909,1.6897103,0.0,0.0,0.43457735,2.5778592,0.11235823,0.0068342607,8.158484,9.829878
2079,13.29288,20.786406,0.0,0.7089377,0.0,17.844358,0.11491907,17.102198,1.4526359,1.2647599,12.887372,0.33429188,2.048301,7.8328714,9.153659,0.0068342607,2.0433044,0.55816686,2.449608,0.0068342607,1.183611,23.634584,0.1045197,2.446439,27.07218,0.017085653,0.010251391,7.2010355,2.652501,0.0,2.3855214,0.4296491,12.898884,0.7721698,2.452674,0.710162,1.2591435,2.8420167,20.96511,0.0,1.610092,4.7886453,3.9457238,1.1021694,2.613197,3.7590423,62.09631,0.30314803,0.6918702,2.241349,17.88871,0.34003723,0.8543327,0.0034171303,11.506838,0.013668521,4.3296523,17.52779,0.19071446,1.219937,2.5542197,0.0,1.0203733,1.2299892,0.7488253,0.034161985,5.7973766,3.7548518,24.346874
2080,2.3862357,23.8039,0.19754872,0.3475614,0.09535723,20.828758,4.1703725,13.467123,7.3744745,1.2130927,19.173723,0.0068342607,0.5667729,10.156031,5.016819,3.4719927,10.215814,0.80080247,3.1876245,0.0,4.4923167,8.429963,1.163226,18.125301,5.7395577,0.19413158,0.0,3.876183,5.1665063,0.3471041,0.20095652,0.0,2.0096517,2.9941702,4.838586,0.38660818,16.119015,0.3993116,14.869185,0.0068342607,1.3343911,3.5563462,32.126553,0.0,0.017085653,3.8444111,48.11333,0.22437087,1.6698817,6.141523,24.311579,0.0,6.8576503,0.18707402,6.0482397,0.0,0.30598423,15.210731,0.0,7.574155,14.557611,0.27559698,0.5547497,0.0034171303,0.6636275,2.186127,0.41664633,4.9064684,6.492093
2081,6.0255833,44.136974,0.9131642,4.9829392,4.74757,23.686386,0.9438225,8.822035,0.09877436,2.1052103,25.559582,0.0068342607,1.1418135,1.9417678,13.481639,0.26549357,4.6357126,0.0,6.855929,2.7500808,2.0178175,8.428467,2.9724348,7.062803,46.148823,0.0,0.0,8.438035,20.139917,0.023919912,0.6658401,0.0034171303,3.084148,0.0,0.84272754,0.017224304,0.11244288,7.374823,4.2631,0.26192847,1.6094325,4.4690013,37.193577,0.9330266,0.95783,1.3497131,20.999922,0.0034171303,1.839499,0.27247432,29.204058,0.20437366,3.6622283,1.4126353,6.525154,1.3313572,0.255312,9.82982,0.88362205,0.034309957,19.425875,0.0068342607,0.08829966,1.5168618,0.1292959,0.0034171303,0.12081624,4.376363,1.6207676
2082,6.1399026,26.582342,0.0068342607,0.24196209,0.0658251,25.978935,8.21712,15.598592,0.08119244,1.2012917,17.550491,0.010251391,0.64869684,3.2047582,6.832472,1.8650279,5.011197,2.315237,7.0658455,0.0034171303,1.3248463,11.682935,1.4828182,9.835269,20.994316,0.0,4.6128316,2.8131957,10.185056,0.0034171303,5.026317,0.5788083,6.53629,0.4731364,1.4806677,0.0,5.9246225,7.878857,15.278566,1.108631,3.1346478,13.681635,35.22249,0.22643417,0.8944726,9.809509,36.338448,0.0034171303,0.83357555,3.5926602,46.33627,0.0,0.9801632,3.7342613,6.432972,0.44586915,0.010251391,11.305152,0.0,0.303296,7.845414,0.0,0.020493463,0.030892825,0.5446435,0.14381005,3.5130475,7.8638463,3.4626508
2083,20.047342,48.5037,0.19071446,3.3212934,7.0052667,12.339773,1.2198133,24.77776,0.017085653,2.401223,18.731184,0.0,2.5154989,3.9209254,6.375313,1.5426673,17.776468,3.2101178,2.0380995,0.44928628,1.9653909,4.4727926,5.1371045,8.006757,62.88011,0.023910593,7.9247866,1.5859325,3.811825,0.0,0.0,0.020493463,12.53421,0.22486712,10.748666,0.0,2.2172546,9.710853,12.053711,0.4287928,0.61203206,3.7306573,38.103737,1.6295497,2.1825013,2.1230934,38.248962,0.09877436,1.1742477,1.4106308,46.01119,0.0068342607,0.87552756,1.7049731,9.300365,0.0068342607,0.13635348,23.441963,0.0068342607,4.5089664,16.148369,0.0,1.0475583,0.0034171303,0.72938,0.13976128,4.8818417,3.2113292,16.539915
2084,4.841065,18.51647,0.0,0.29382274,0.0,20.234713,1.5420066,8.045599,0.0,0.48353574,26.675333,0.0,0.2934777,5.948127,6.9535694,0.41194114,22.721155,0.0034171303,5.590722,0.0068342607,0.64683497,7.087656,6.9514647,31.399748,47.341125,0.0,0.25761607,1.45438,3.101915,0.0,0.0,0.7362049,1.6524875,2.576213,1.9440149,1.031587,0.023910593,9.381002,22.443716,4.940766,8.309657,11.518117,34.053722,0.1769706,12.289537,5.194143,12.236888,0.18729733,2.8387177,8.631519,31.780804,0.30547622,0.8651514,0.010251391,12.132742,0.0,0.010251391,29.585794,0.0068342607,0.5758955,7.2362623,0.0,0.09535723,0.0,0.6863996,1.1687669,0.10210683,4.070084,13.795498
2085,12.817858,36.677162,0.0,11.834752,4.738118,34.525204,0.017085653,11.760984,1.0987903,0.027632985,22.688107,0.0068342607,0.42537704,1.4797082E-4,4.9847455,2.3942153,6.3231444,0.0,19.44615,1.2704414,0.27559698,21.14941,4.1797805,7.9704447,38.785675,0.09535723,3.7828271,0.9190055,4.2553134,0.0,3.1495428,0.115850694,17.318064,0.0,8.811166,0.0,0.45620802,8.244898,38.225727,4.125315,6.2137814,6.028127,32.551792,0.0,4.6631703,2.5155747,52.953835,0.0034171303,4.420084,2.4983175,43.74826,0.0,0.39828193,0.6422685,18.4961,0.0,0.37528813,35.078472,0.0,3.1408558,11.040262,0.0034171303,0.013668521,0.40874732,0.66823876,0.4312419,1.542706,18.054073,15.114273
2086,18.858547,43.837845,0.122757584,1.6665415,0.17824624,32.833317,1.1016412,17.451216,0.0068342607,0.48801762,13.116096,0.0034171303,1.4186378,2.1825783,17.776571,7.6159267,11.970952,0.31369534,5.9166474,2.4782476,0.10901643,21.560202,1.988063,11.564826,60.352406,0.0,0.0034171303,10.727243,1.6436192,0.0034171303,0.0,4.711699,1.3031766,0.0,5.505508,0.19413158,0.7111965,3.9085097,25.506496,0.10560862,3.181821,7.463835,33.32393,1.123089,7.845757,2.7137494,54.487526,0.73506486,2.2463396,3.1127791,36.92561,0.102191485,0.7998099,3.5097482,19.186174,0.30506745,0.38924327,25.82633,1.559728,0.5027923,6.3118677,0.0,0.1838802,1.2388358,8.794829,0.0068342607,7.4760947,0.22160728,15.912734
2087,25.669846,65.034386,0.0,3.633954,1.186631,13.939662,1.6787323,29.90714,0.09877436,3.667295,27.849905,0.0,0.41194114,3.8776085,26.139688,1.1355524,9.507178,0.42979708,0.5028153,0.023910593,0.30889335,15.68225,2.0468698,26.027021,14.095715,0.4229628,0.5248023,0.73983985,1.1280841,0.0,1.8995322,9.302725,7.416374,0.0,20.09791,0.5670196,0.013816493,1.1581756,16.484957,2.8020456,1.0268819,6.486638,32.81413,0.102191485,1.4041419,12.028611,45.906002,3.9091237,1.492836,5.606092,63.140503,0.18722199,1.5895725,0.37437135,15.636898,0.31408358,1.506768,33.638863,0.0,0.3279754,26.47226,0.2527418,0.47973803,3.456288,6.9326653,2.6176813,3.2393265,1.6924815,5.104999
2088,7.0312047,60.56585,0.30959716,3.167681,1.2707248,26.32913,2.5872939,40.79857,0.0,6.1213884,31.600185,0.6177867,0.41108486,0.09877436,7.7938166,0.37436202,19.69487,0.31756753,4.7696347,0.19746406,0.36441588,42.136547,1.4797082E-4,21.196291,44.54292,0.0069822315,0.6854202,1.6331156,8.032648,0.0034171303,0.0035651012,3.766488,2.6023002,0.0,31.761951,1.7528926,6.566114,3.1011086,19.290413,1.9531258,3.7063656,21.093433,67.69634,1.0159986,2.1482162,14.316239,57.539646,0.013668521,0.017085653,8.447858,50.51391,0.09528189,0.16025475,1.7381611,6.7109528,0.37436202,0.1906298,28.890583,0.48936576,0.5999306,8.569552,0.0,0.0068342607,0.24576892,2.5017304,0.122684956,1.1253421,5.1725745,12.890494
2089,2.8389997,53.428226,0.0068342607,1.4364334,0.10726502,41.61181,1.0957799,16.984976,0.2689107,0.0,14.817357,0.051247638,0.96896946,0.12625006,9.850033,4.138545,8.897128,0.42979708,11.590566,1.5853931,4.5428033,25.13647,0.0068342607,0.54492706,29.193058,0.0,0.0034171303,0.10560862,17.153366,0.0,0.0034171303,0.0,3.6983495,0.0,1.4536424,0.0034171303,0.64609677,1.8726692,32.68051,0.0,4.548584,0.22175525,33.185078,0.010251391,8.857317,6.45125,52.682793,0.0,2.5373063,4.6687884,27.69755,0.0,0.0,3.471435,14.710298,0.0,0.0068342607,14.368065,1.4797082E-4,0.0035651012,10.5212965,0.0068342607,0.010251391,1.2482566,0.19390827,0.020493463,1.3125129,1.8252847,26.060911
2090,6.876801,53.296978,1.5869484,0.11941579,0.28636762,46.20949,4.467085,27.422264,2.3805478,0.0068342607,42.418407,0.7643846,0.5479248,0.6271885,7.819237,0.38803986,28.528555,2.0499313,4.2574325,0.027327724,0.37315905,31.29626,3.8138974,6.9459534,68.531815,0.0,0.010251391,1.5760651,4.988784,0.0,1.7736216,0.22145931,1.9256054,0.0034171303,10.8294325,0.0034171303,3.0341246,9.335746,30.983587,0.0,0.6587429,19.065802,32.098743,2.47631,7.101424,9.621751,77.91278,0.0,1.3536257,7.219363,35.197926,0.0035651012,1.6620407,1.0953732,2.4108415,0.4287928,0.18729733,9.819437,0.0068342607,0.29422173,39.034134,0.0034171303,0.0,0.43647406,1.418171,1.2276684,3.7397683,2.132945,45.902374
2091,0.983884,56.74816,0.0,0.1608957,5.6289835,25.023605,4.474109,27.115053,0.7807746,0.0,45.056496,0.0,0.68092716,1.0645121,22.3781,1.2209492,7.534288,0.0,11.58805,0.9614804,4.6012597,27.81237,6.4567733,4.2352014,28.478027,0.0034171303,0.0,0.0034171303,6.483632,0.3109177,0.0034171303,15.2603445,2.0373223,10.291714,14.550902,1.1742477,11.18532,0.682685,40.653843,0.0,8.13052,16.146029,24.319508,0.70220023,4.653438,18.723167,30.405605,0.15405212,0.979632,4.073536,76.161255,1.4464014,4.351112,2.2517924,2.0130732,0.0,0.83604246,13.830405,0.12951921,1.0927823,15.6989,0.0,0.0,1.7956768,3.021819,0.037579115,3.6636107,1.8147271,23.538618
2092,7.2355165,37.562584,0.3276149,0.6258579,2.7153614,35.797726,2.15663,21.399279,2.5912285,0.14328335,17.274385,0.0068342607,0.9726155,13.065274,15.2809105,0.1384308,7.9296865,0.5642445,2.896873,2.1135688,0.10560862,31.764088,1.124846,7.721192,54.504665,0.0,2.255941,2.2219079,6.3592014,0.0,0.0,14.837177,20.246788,0.43571743,2.4475887,0.19623649,5.391982,2.7025805,45.359104,0.09877436,2.693275,19.899727,37.73555,0.4204972,1.0885758,3.3361921,60.136574,0.0,5.53152,2.5062056,49.685177,0.52010125,0.102191485,0.641005,16.927618,0.14488296,3.8781576,31.351706,0.30634183,3.1568427,9.168064,0.0,0.0034171303,0.0,1.944631,0.58597827,19.421057,1.3457444,12.204696
2093,9.030089,49.375557,0.473369,0.19652312,2.1362364,32.512943,2.63537,11.214894,0.27559698,5.165652,45.72042,0.8472706,4.559103,2.905874,24.203596,0.30314803,32.72374,0.5107155,8.011561,0.8109841,16.007856,29.40825,1.3265667,7.6867437,52.22695,1.1944045,0.010251391,3.1672754,43.83558,0.0034171303,0.0034171303,6.101395,40.723324,0.46245205,8.166416,0.36526003,2.3713458,2.1699016,55.63592,0.0034171303,7.303023,3.1841218,19.339466,0.0034171303,5.9830813,2.0008547,54.626423,0.0,3.2262583,11.556809,61.080017,0.45626852,0.013668521,4.238374,13.348789,0.010251391,2.8980742,9.111445,0.0,0.7482883,33.8142,0.0,0.5574586,0.27559698,4.2202516,0.09877436,3.3500538,3.2255297,7.1304564
2094,1.6779071,91.89191,0.0034171303,1.1419489,3.1044652,27.666254,0.1296765,39.1371,1.2157711,0.013668521,33.769203,0.0,0.67751,6.6066804,37.708717,2.2471497,21.883413,0.50364864,15.961343,0.0035651012,1.9614931,37.865616,8.576662,10.660932,72.43637,1.6849835,0.87892604,0.77619976,23.613268,0.0,0.09877436,2.802086,8.040369,0.13634415,3.073189,5.948466,0.5317653,3.2350755,40.202522,0.0034171303,12.09779,1.162804,42.45933,0.0,0.93854326,18.700577,55.859947,0.37437135,8.642042,2.544907,64.998245,0.020502781,0.6340228,0.21121724,16.719833,0.09535723,0.4057385,22.228468,0.19404693,0.68108445,35.302307,0.75585157,0.0,0.36768505,7.01721,0.0,19.997538,0.2268712,39.09702
2095,15.899133,48.60147,0.10560862,0.20809606,3.2176135,32.261974,2.9700956,19.433987,0.034161985,0.48207554,45.25655,1.6873568,0.19404693,6.6907945,34.56548,0.10560862,21.326635,0.6053161,40.053116,1.3722614,5.5933986,34.019344,4.1576896,5.8340592,65.10698,0.0,8.456636,0.09877436,7.3104763,0.0034171303,0.0,0.13293634,32.219063,0.1091644,1.7339643,0.0,0.9693364,1.3936933,29.449837,0.8899264,2.1586986,0.010399362,43.162094,0.048600793,5.4921284,7.6580944,60.241493,0.50251937,3.861597,9.239451,56.61092,1.2304695,0.74189913,0.6845016,20.84178,0.13976128,0.45952836,50.79252,0.08161337,0.9594414,27.010948,0.0,0.21542528,0.37109286,2.870432,0.487605,4.895384,8.258712,26.217169
2096,18.94936,59.59205,0.19746406,0.0069822315,3.8568203,35.941864,6.257996,54.20603,4.2420955,0.0068342607,39.13273,0.7072738,0.26549357,1.3669585,32.742466,0.29290596,16.58923,0.0034171303,12.912257,0.39174363,0.66407144,26.618101,5.8429723,13.28802,56.56568,0.24195278,0.010251391,1.2772291,36.59273,0.0,0.0034171303,0.93139964,18.467358,0.0,4.670609,0.35386857,4.269017,7.9158115,32.471268,0.2892655,1.6525726,15.16245,54.43565,0.07819624,1.764963,6.563823,51.356213,2.2706954,5.0412636,4.208132,79.41616,0.026471432,4.395358,3.6222756,10.736941,0.0,2.7208796,23.427513,0.09513392,0.8212411,32.01513,0.0068342607,1.173994,0.0,4.839514,0.0034171303,0.11927714,0.48303017,18.153868
2097,2.993295,48.47627,0.6171242,0.0,0.55437595,37.353924,1.2890873,22.67577,1.216475,0.98406094,39.984253,0.020493463,0.59231955,1.7018406,7.7307115,0.122600295,19.2445,3.5170815,0.5959147,0.0068342607,6.581307,20.531765,3.307322,1.5251992,84.47488,0.0034171303,1.3768216,5.3922544,15.223903,0.0,12.161225,3.6131434,0.7721899,0.0,9.288674,3.4757593,0.98696256,21.636948,46.292877,1.3675354,0.2892562,26.273735,41.496,0.25624362,0.83392113,3.0020514,70.26591,0.794065,5.3188906,2.3664618,68.03527,0.064906836,3.3366418,3.7385192,15.731614,0.0,2.8636208,15.278888,0.11926782,1.1142046,23.16097,0.102191485,0.0,1.2803735,1.9752166,0.0034171303,0.1397706,3.5788002,30.22557
2098,19.282963,49.341366,0.09535723,2.7231584,0.40904325,28.827312,1.6987478,24.645094,0.86905664,1.3018279,41.287506,0.0034171303,2.9894443,5.759968,11.896526,0.023910593,20.615307,8.470207,9.640194,1.9174321,8.525835,38.940105,0.30656514,7.8016305,40.07322,0.010251391,0.0,9.394093,5.7009892,0.0034171303,0.0919401,0.74675226,12.362559,0.0919401,1.7090354,0.4800218,1.2447386,6.4751754,36.763416,0.3412741,0.5064328,3.7801864,33.047962,0.0,2.4696903,10.002793,67.865585,0.027327724,0.8500944,4.8706336,63.991467,0.0,0.7658823,4.352379,22.87484,0.0,0.27574494,34.766888,0.0034171303,2.4031165,17.101406,0.0034171303,0.0034171303,0.023910593,6.36695,1.0865291,4.2561183,1.2629758,29.053486
2099,2.8327057,61.08003,0.28242192,0.32208997,2.1365523,12.754139,4.6324544,29.705511,0.10110257,2.1058097,11.86371,0.023910593,0.18023975,13.045821,15.817593,0.39144766,25.051634,4.228784,17.734753,0.020502781,7.095401,33.11534,0.6456103,10.022946,51.9501,0.0068342607,0.5113378,11.166659,59.278687,1.1243834,0.0,1.9285367,26.015581,3.0487165,14.082056,0.09535723,9.039349,5.2021623,11.26319,0.5045855,5.3882627,8.574641,40.6632,0.53662086,8.113317,11.477928,74.68909,0.46289432,0.37451932,9.918271,49.252277,0.31572762,2.064362,10.737069,57.43984,4.0941114,0.010399362,25.534626,0.09877436,4.5676465,35.088734,0.26549357,0.09877436,0.11983959,10.72163,0.37465796,0.35728568,1.7358799,25.14924
