year,ACCESS1-0_rcp45_r1i1p1-days_prcp_abv,ACCESS1-0_rcp85_r1i1p1-days_prcp_abv,bcc-csm1-1_rcp26_r1i1p1-days_prcp_abv,bcc-csm1-1_rcp45_r1i1p1-days_prcp_abv,bcc-csm1-1_rcp60_r1i1p1-days_prcp_abv,bcc-csm1-1_rcp85_r1i1p1-days_prcp_abv,BNU-ESM_rcp45_r1i1p1-days_prcp_abv,BNU-ESM_rcp85_r1i1p1-days_prcp_abv,CanESM2_rcp26_r1i1p1-days_prcp_abv,CanESM2_rcp45_r1i1p1-days_prcp_abv,CanESM2_rcp85_r1i1p1-days_prcp_abv,CCSM4_rcp26_r1i1p1-days_prcp_abv,CCSM4_rcp45_r1i1p1-days_prcp_abv,CCSM4_rcp60_r1i1p1-days_prcp_abv,CCSM4_rcp85_r1i1p1-days_prcp_abv,CESM1-BGC_rcp45_r1i1p1-days_prcp_abv,CESM1-BGC_rcp85_r1i1p1-days_prcp_abv,CNRM-CM5_rcp45_r1i1p1-days_prcp_abv,CNRM-CM5_rcp85_r1i1p1-days_prcp_abv,CSIRO-Mk3-6-0_rcp26_r1i1p1-days_prcp_abv,CSIRO-Mk3-6-0_rcp45_r1i1p1-days_prcp_abv,CSIRO-Mk3-6-0_rcp85_r1i1p1-days_prcp_abv,GFDL-CM3_rcp26_r1i1p1-days_prcp_abv,GFDL-CM3_rcp60_r1i1p1-days_prcp_abv,GFDL-CM3_rcp85_r1i1p1-days_prcp_abv,GFDL-ESM2G_rcp26_r1i1p1-days_prcp_abv,GFDL-ESM2G_rcp45_r1i1p1-days_prcp_abv,GFDL-ESM2G_rcp60_r1i1p1-days_prcp_abv,GFDL-ESM2G_rcp85_r1i1p1-days_prcp_abv,GFDL-ESM2M_rcp26_r1i1p1-days_prcp_abv,GFDL-ESM2M_rcp45_r1i1p1-days_prcp_abv,GFDL-ESM2M_rcp60_r1i1p1-days_prcp_abv,GFDL-ESM2M_rcp85_r1i1p1-days_prcp_abv,inmcm4_rcp45_r1i1p1-days_prcp_abv,inmcm4_rcp85_r1i1p1-days_prcp_abv,IPSL-CM5A-LR_rcp26_r1i1p1-days_prcp_abv,IPSL-CM5A-LR_rcp45_r1i1p1-days_prcp_abv,IPSL-CM5A-LR_rcp60_r1i1p1-days_prcp_abv,IPSL-CM5A-LR_rcp85_r1i1p1-days_prcp_abv,IPSL-CM5A-MR_rcp26_r1i1p1-days_prcp_abv,IPSL-CM5A-MR_rcp45_r1i1p1-days_prcp_abv,IPSL-CM5A-MR_rcp60_r1i1p1-days_prcp_abv,IPSL-CM5A-MR_rcp85_r1i1p1-days_prcp_abv,MIROC-ESM-CHEM_rcp26_r1i1p1-days_prcp_abv,MIROC-ESM-CHEM_rcp45_r1i1p1-days_prcp_abv,MIROC-ESM-CHEM_rcp60_r1i1p1-days_prcp_abv,MIROC-ESM-CHEM_rcp85_r1i1p1-days_prcp_abv,MIROC-ESM_rcp26_r1i1p1-days_prcp_abv,MIROC-ESM_rcp45_r1i1p1-days_prcp_abv,MIROC-ESM_rcp60_r1i1p1-days_prcp_abv,MIROC-ESM_rcp85_r1i1p1-days_prcp_abv,MIROC5_rcp26_r1i1p1-days_prcp_abv,MIROC5_rcp45_r1i1p1-days_prcp_abv,MIROC5_rcp60_r1i1p1-days_prcp_abv,MIROC5_rcp85_r1i1p1-days_prcp_abv,MPI-ESM-LR_rcp26_r1i1p1-days_prcp_abv,MPI-ESM-LR_rcp45_r1i1p1-days_prcp_abv,MPI-ESM-LR_rcp85_r1i1p1-days_prcp_abv,MPI-ESM-MR_rcp26_r1i1p1-days_prcp_abv,MPI-ESM-MR_rcp45_r1i1p1-days_prcp_abv,MPI-ESM-MR_rcp85_r1i1p1-days_prcp_abv,MRI-CGCM3_rcp26_r1i1p1-days_prcp_abv,MRI-CGCM3_rcp45_r1i1p1-days_prcp_abv,MRI-CGCM3_rcp60_r1i1p1-days_prcp_abv,MRI-CGCM3_rcp85_r1i1p1-days_prcp_abv,NorESM1-M_rcp26_r1i1p1-days_prcp_abv,NorESM1-M_rcp45_r1i1p1-days_prcp_abv,NorESM1-M_rcp60_r1i1p1-days_prcp_abv,NorESM1-M_rcp85_r1i1p1-days_prcp_abv
2006,3.7434175,9.014399,8.586464,8.5066,6.438648,4.9912,7.35558,5.7600584,6.985507,7.494889,13.871593,7.630693,7.4190784,15.3620405,7.687118,7.656113,6.605506,5.6714506,8.978149,4.880789,4.2023168,3.4895086,6.772131,5.5843277,11.138346,4.5726414,5.041607,8.177411,2.0919185,6.5733466,9.229531,10.073314,10.486615,2.7258787,10.965241,4.0043263,5.06502,3.8936353,4.7357116,8.978183,7.0051703,2.9886463,7.4155498,4.852733,7.749881,5.7440815,11.455659,6.587482,9.407397,7.3500648,8.043396,2.1625803,6.3715014,3.7977083,7.64307,9.018622,6.1045766,5.4072814,9.411364,9.566475,5.3221517,4.925729,5.46328,5.166662,5.5880675,7.3533845,7.816612,5.277576,10.9944105
2007,8.87163,11.918656,10.471457,7.8492675,6.247965,4.161747,8.918669,3.3954325,7.64376,2.922113,6.51178,4.8306518,5.074655,13.176812,6.0073442,5.638592,5.4381886,8.879304,9.661761,4.387154,3.2933748,10.147032,7.6512966,6.082491,7.8634343,5.2187104,4.9800825,6.0084476,7.871096,3.2846253,8.36986,6.4834213,13.23586,6.080796,7.3349743,7.8164883,4.173386,7.448317,7.933001,7.811496,6.8915334,2.348644,5.9879017,6.405529,5.700761,7.8161197,7.974641,5.586745,7.702067,6.8960767,8.398143,7.0423985,6.3966136,5.1217,4.5279226,9.995069,5.722802,6.254453,14.323731,9.837622,8.665144,12.761367,6.6337247,8.019309,8.680212,7.9427032,6.5003586,9.343496,5.910574
2008,6.123219,6.5705605,9.359929,7.671655,7.770518,9.017027,9.561026,7.1527057,5.2472706,4.4303336,8.031178,4.471371,7.6976323,5.317426,5.297067,6.499603,7.0044913,7.641554,9.44911,6.8206334,13.76625,8.089865,6.20094,6.123029,8.726893,2.5284727,3.0336506,7.1794972,7.427689,9.509553,7.3382373,6.439837,8.514873,8.231787,7.0045724,4.0912786,9.462172,4.465369,15.0453415,6.4488072,5.7275825,5.421795,5.6488695,6.9683423,7.0385356,9.374021,3.546691,9.492219,6.212399,4.7074685,9.883767,5.6966224,6.203716,6.2219,5.4915495,2.8980792,7.4025617,8.5044565,12.22222,6.2495055,10.824879,6.015633,6.5724926,5.4559917,5.1437902,5.477681,7.870712,9.59067,7.541843
2009,6.338007,6.4317174,6.00274,5.842113,9.556141,5.1408954,12.75377,9.404134,5.4112854,8.08548,9.404894,7.4343977,8.274199,2.1120377,9.666309,6.16312,4.9049363,5.865908,6.7101054,6.8414803,5.3288436,8.234755,6.598752,12.827887,13.641351,6.306436,8.849837,7.1812067,8.656496,5.317749,5.761442,5.2332296,7.5431924,9.857168,9.364956,6.331868,2.219073,10.054711,7.1971145,9.75451,4.2256503,7.2734385,6.1529765,2.8283057,8.737713,8.791986,6.359978,4.3245068,2.258601,5.153159,7.508976,8.150072,5.093241,6.316899,5.8304505,3.6835325,5.08963,10.6112175,10.808594,4.9622087,6.332556,6.471291,8.086209,4.861916,5.4434485,11.580241,5.3630676,11.099037,12.924863
2010,6.6238127,5.9014616,5.758445,2.959617,7.639913,11.495677,7.6737742,10.661034,5.327614,7.60453,8.78475,15.376337,14.704459,9.436015,10.381785,5.3438215,5.4629817,4.3552322,8.750684,3.6446872,5.227281,3.6848037,3.9195762,7.6922092,4.8593726,8.459839,5.2832694,9.635261,4.4221807,6.753364,9.718629,6.075401,4.8856044,5.7380896,4.68389,4.591214,6.243362,6.694883,7.3091187,5.471545,11.221295,5.300615,6.3295846,6.779572,5.8112035,9.884144,10.657174,9.226885,4.403423,10.537352,5.407206,13.069976,9.905814,8.537414,9.638205,9.193181,8.368314,4.7078867,9.091758,7.938654,4.867139,4.6178875,2.9681058,8.565088,4.838509,9.492347,7.775805,8.336263,11.418718
2011,4.8639812,2.4185438,7.845425,8.132061,5.788804,3.678219,13.590063,5.1050496,6.9728904,3.5896564,7.663484,7.9112,3.5822775,9.603807,5.4339056,7.7524333,7.7028956,6.264673,8.689539,4.4441853,9.6550865,5.84042,8.937541,7.148162,6.6710978,8.256726,2.18749,3.9142485,8.668357,14.570966,7.0604143,12.790982,8.895816,5.063854,4.3950906,6.6324935,4.971276,6.0462394,4.7860746,11.136962,10.015029,8.187564,2.6089737,4.1544785,9.148231,5.2375712,10.792408,5.989848,9.001954,3.9355183,4.302972,9.186996,6.436853,7.4379334,4.4470096,2.4036186,10.10121,6.156869,7.253558,7.4353814,8.093392,4.1543274,8.421721,9.912501,7.2860975,6.7189407,7.956578,5.718584,2.9724011
2012,6.811126,6.75583,5.0758266,7.177981,4.8621454,7.992001,2.4074025,5.0130963,8.47835,7.451938,5.337888,9.150894,3.2302098,7.1993003,4.141747,5.740109,5.575988,7.2303257,6.82028,6.6572213,14.199592,8.606591,5.04305,7.982376,5.9748244,5.0681977,3.5068307,6.418668,6.6895285,7.1169724,4.244462,11.520135,5.452327,8.391954,3.4490106,4.298606,6.03428,7.833814,3.1812973,6.698877,8.707709,6.7446494,3.1531072,9.372688,11.384186,4.1764884,12.581753,7.9200153,7.264614,6.147135,6.015381,5.098509,7.2204666,9.765959,6.768053,8.285766,8.995819,9.714385,7.3335023,9.644017,8.35249,6.8432293,6.170876,8.41392,6.5989056,5.7297707,7.2508907,3.6579168,4.7294083
2013,8.075471,3.4781363,10.03901,11.358429,2.7041929,7.276271,3.8624349,8.362324,7.1503963,6.3464937,3.725176,3.3774917,6.76087,6.9334183,6.8928804,11.461036,6.6404443,12.043693,5.2157583,9.470744,16.976313,9.291114,7.914176,1.6233106,9.59464,5.9166317,8.166914,5.9542885,8.948056,2.3041704,6.562055,3.5321572,5.1039066,3.369756,9.170852,7.743397,8.444168,7.653963,3.911151,6.145391,7.711676,4.165035,5.979979,9.921694,2.461651,6.8708134,6.169162,7.40489,7.673486,7.6265254,3.3715942,5.3632703,5.1611776,9.898595,4.7080703,9.482587,8.278154,11.179304,7.1627316,4.704242,9.0057535,8.975062,8.634558,6.205852,6.3713174,4.976033,8.863873,6.772851,5.715812
2014,9.321304,5.4786096,3.4449778,5.1080613,7.473995,9.196311,5.7682815,3.7482429,4.6204743,4.4481025,2.8301697,9.610003,4.8368664,8.463874,9.228922,4.492264,6.8391747,9.935753,7.464609,3.026447,5.343217,3.7633374,10.724786,5.4752655,4.380049,16.212587,5.834203,7.7723475,12.899545,5.5892243,8.1213665,4.179563,9.063458,6.7211113,3.500908,7.7725105,4.402572,8.895966,4.039165,2.1324174,5.472054,5.511864,5.350001,10.022566,3.983142,15.780869,8.267191,8.527188,7.594162,7.248214,6.7097015,9.407872,11.542753,3.807547,7.5125957,9.828512,7.5157323,5.45983,14.368862,5.987661,11.774169,3.966128,10.220601,5.224078,4.399849,5.208005,8.991138,6.3277526,3.457751
2015,6.3704185,8.375662,3.5311832,6.728526,3.6147265,6.136042,8.1360655,5.9561906,4.781415,8.675371,10.3152,11.220023,5.2008777,6.5771966,11.502447,6.149483,4.278408,6.9081063,9.284804,6.0616326,4.891571,6.2231145,7.8965974,8.436122,6.489795,13.004195,6.2788944,6.3569927,6.8476806,13.335652,10.046763,3.7421362,13.795549,4.5224133,6.354583,2.981604,11.261574,6.9097867,8.599301,4.3444324,9.131841,15.73301,3.8992212,8.923182,5.1142206,6.1360855,8.507339,5.7349997,6.394914,4.474174,6.816573,8.387681,13.001287,5.4225006,2.1792068,15.842954,10.112508,11.323638,12.316864,8.814536,7.00344,4.792706,7.0593953,9.319576,5.2302346,9.643946,6.765245,7.317391,13.525768
2016,7.438641,6.3609533,10.236124,5.912907,13.244572,5.2482367,5.7856393,14.541519,7.1654015,10.272522,9.156792,7.373818,5.7614284,6.8522763,7.386201,10.397665,7.603217,4.9103055,8.302105,8.664352,5.5694127,1.616839,10.687194,5.2183576,12.846727,7.717156,10.823925,6.545396,7.4413657,5.5434475,8.817771,4.915293,7.8345094,3.1891787,11.400874,6.6450443,3.5011928,6.7084203,8.272665,3.4485855,4.3783145,5.440432,9.032199,10.305045,6.596771,13.272694,11.524222,6.4017606,7.4412446,7.3477993,5.642517,4.2021456,9.7665205,5.7397375,4.301307,3.7205985,14.877361,6.381756,10.848122,6.096262,7.643084,8.344414,6.4008727,3.3558464,6.916159,12.575551,8.4482765,10.442135,9.450332
2017,9.316584,4.203869,11.215116,9.1396055,8.901029,5.612375,4.5367546,7.806941,9.253268,6.221702,2.7516677,5.7668467,6.654349,10.191125,4.0382624,6.9209924,6.5312796,4.921926,8.564606,8.55299,15.215167,9.611885,6.9521694,7.4055495,7.7347503,1.9744979,7.3221993,6.410215,6.400261,8.557003,9.099685,15.053212,5.262988,8.247255,8.166399,11.698303,3.5695398,11.602247,13.164517,6.794008,4.637759,7.83466,8.848253,6.0871673,11.126526,4.6388187,9.08097,8.473874,3.700756,7.015145,5.3984194,9.83191,3.857314,7.9463515,7.2232833,3.8881738,7.3681674,1.3576177,14.759568,11.248574,18.920553,14.264249,6.628186,6.9983916,6.255281,12.034167,7.6628428,13.6871605,6.4101
2018,7.0506,7.760726,3.578982,9.270599,5.4576306,6.903205,8.895988,2.774276,10.008494,6.989015,6.388256,6.4846797,10.031858,7.063445,9.540208,11.281413,11.466524,7.377364,7.227678,8.459151,7.442547,10.340588,3.6026528,9.748837,5.501741,3.8968003,8.522332,8.774123,5.613463,9.412948,8.491262,12.726012,8.97563,9.866765,5.5769897,12.195693,3.4316695,6.6275983,8.9458275,5.6336207,4.218542,5.611463,9.148172,8.583074,7.8181605,7.1204867,12.016715,10.428748,4.5351152,9.945371,6.2592297,7.7816505,9.706795,6.183017,7.9862413,5.050507,4.0350466,7.2651854,10.18742,11.804087,4.419159,4.959951,7.5253267,6.5405693,8.979503,5.242869,9.927721,14.285531,7.0504956
2019,7.6784906,4.5625224,9.674614,6.4076023,11.101046,8.443849,10.175635,6.096517,10.434029,6.9084506,8.6163,7.518438,6.3153515,8.794889,10.909063,3.295423,4.444847,12.172046,4.58165,7.353669,6.3032336,6.0722694,6.545777,4.230583,3.5902169,5.027858,6.412061,6.6852813,3.8998978,3.5041163,10.084919,7.6437383,8.391696,5.4111056,3.4170933,10.002727,7.683205,9.864024,4.5175953,4.285517,3.4101195,5.09825,8.967487,9.662369,5.1412,7.997338,6.5735,8.251035,3.5900636,7.8195786,10.145048,11.978588,8.032339,8.950566,12.06458,8.414,6.899544,6.908657,9.130269,7.949785,11.787358,7.383026,6.2880816,5.0894,10.550059,8.273643,7.194535,4.973367,11.641591
2020,4.8738465,4.06429,5.769382,10.453759,4.8459625,9.948364,13.784516,5.397306,5.7953787,12.135712,4.456474,4.8917847,3.5909433,5.6200666,8.355996,9.989516,9.979617,9.439382,4.4062767,8.11403,8.306884,9.546227,11.955112,6.2456074,6.716694,6.335991,13.68838,12.014258,5.6601477,10.127438,5.8811326,6.2757688,8.949382,5.270914,4.790831,2.851465,7.868163,8.063193,6.3356533,5.0557976,8.576579,4.8849454,5.424961,6.4488325,3.7909994,5.4756637,9.820716,11.7241,7.935793,6.878519,5.251252,7.736238,4.736249,5.25087,5.8396945,8.432343,13.929072,10.233825,7.8625784,3.6113813,10.685329,4.0127006,4.316833,6.810471,5.5389175,15.880617,12.20308,6.275583,4.5884247
2021,8.430794,5.2928777,5.8544436,13.169082,7.012378,4.5016828,6.5074553,4.8333416,2.3875258,8.345343,7.713642,4.4805675,6.815018,11.724006,7.5385528,6.9170737,8.302026,4.83022,9.230564,13.9273615,6.5683327,7.220969,6.8024383,7.6435957,13.255283,4.9543033,12.405966,7.3861804,8.268084,4.2791743,11.589061,2.545831,8.151637,6.631434,4.3732605,3.8263495,7.4820094,4.320131,6.034457,7.074724,2.7186313,7.9311395,3.426562,6.5338864,4.74809,5.0906096,8.448773,12.075952,7.042715,4.197537,6.175908,7.630087,8.004724,8.11987,6.62736,9.136133,11.361919,7.3961253,5.059846,10.193232,8.756776,6.9395037,8.675409,5.8017945,7.262797,9.112983,6.9317813,7.4253163,9.035357
2022,6.46853,6.4666543,7.4598775,12.435076,4.568074,6.778309,4.8894362,10.947388,4.593658,11.699307,6.9913216,2.807971,8.28744,5.0160966,8.168474,8.229981,12.106616,10.241552,5.549874,10.240276,6.2847824,2.824435,7.297024,8.108572,9.044935,8.108249,5.301141,6.8415995,6.7654767,8.816266,7.1783843,7.690044,8.150137,4.6968894,9.072207,7.0570416,5.896376,12.997384,7.9153085,7.789276,8.724592,8.049558,13.459463,6.2151613,9.866737,6.3601623,9.500822,5.0615315,8.66505,11.7130375,7.1324496,8.634126,8.42346,7.194533,10.05953,2.4680002,5.8296313,10.543192,3.5854855,4.1747165,5.9715514,11.067861,9.801886,7.495295,7.783146,5.3061886,17.959114,13.1053295,6.4798355
2023,5.9138913,12.303044,4.6748033,6.9305577,8.564708,7.635052,12.686905,9.354446,9.333431,6.3362384,5.642434,5.7694707,7.01157,5.3941875,7.684568,8.360342,4.1962247,8.671764,4.5764313,12.964007,10.850579,5.925597,6.8446393,5.2552757,11.159244,6.752513,7.972504,5.24322,9.6154,11.157047,4.1432114,2.775502,5.394737,10.918486,7.3019342,13.404396,8.075641,11.027262,7.933418,5.4357786,4.608376,8.479392,7.5813594,5.2034855,5.8742757,6.568318,11.967119,8.109984,6.5404916,9.715782,8.823241,9.623725,4.796702,2.283171,17.36958,6.6273465,8.860044,4.460336,2.5055606,6.1867566,5.6067953,7.3265624,5.1217427,8.013069,4.695905,7.365699,10.711807,8.914831,10.927875
2024,6.4790597,8.168356,9.233032,6.413109,7.039579,7.045487,4.2052627,10.066744,2.7972133,7.951753,11.83361,9.025881,5.685695,9.956962,7.2451634,6.6089516,5.7893095,11.551045,10.092482,12.1179905,8.149519,7.899066,7.883012,4.369376,9.22836,10.512049,15.753652,5.762975,10.50033,6.240209,6.557643,9.019454,11.966689,6.9769893,4.499889,10.760913,7.758891,11.291677,3.5432818,4.5466623,4.659854,10.926116,10.314456,7.167305,11.282034,7.2085786,8.644771,8.395563,5.53644,9.061386,1.8875879,3.8935628,4.15711,3.0604324,9.49214,6.176288,6.2624173,10.062992,7.569892,3.9903288,12.378795,9.050878,3.1871896,10.15993,6.4569416,7.702598,7.049054,7.4026327,8.973896
2025,3.968984,4.9931145,8.326519,4.9065585,8.263375,5.9915876,7.397833,7.154433,6.846801,8.243474,7.719189,10.4800205,6.610893,8.507859,9.954481,2.907593,11.463847,10.878121,10.003326,5.0175996,5.0421276,5.872236,6.3495526,10.57677,6.767904,9.697785,5.01425,5.346523,10.281091,5.2498345,6.8882403,5.120074,10.741079,6.6076946,7.6724033,5.8947735,10.569966,6.088288,9.199131,9.875515,7.859702,2.9291687,7.137873,8.440151,7.7697845,6.1781926,5.9364057,8.361559,8.4401245,6.0737643,8.832634,2.2636082,6.79813,6.933974,4.6663465,6.6607776,14.805549,9.224692,5.826497,7.916684,7.971863,7.6642365,7.8402896,3.0562282,5.6932654,9.83903,5.4976587,10.753098,3.2626517
2026,7.605849,4.921355,7.450763,6.1807113,4.9657516,7.034759,4.436823,11.588856,6.515986,5.2847266,7.260608,4.7323947,4.374644,11.4534235,11.598954,5.3714952,9.954713,7.9195323,10.740062,5.870215,11.783319,8.75748,7.9249167,9.194128,6.519769,15.095902,6.916228,5.6099434,7.006295,6.249165,6.7624416,5.6600513,7.3360834,3.5854545,7.195601,8.37544,5.0776405,9.942924,5.4477806,7.9691644,8.021991,4.1574025,6.7001877,9.181666,14.258366,10.949855,6.4683666,9.143652,6.7550936,10.004362,9.602632,8.983054,8.689272,4.2333736,7.0296354,11.36267,5.509395,6.0914173,7.494501,8.291486,7.1871376,4.093962,5.5568485,4.6702123,5.5155234,9.765559,6.6999345,8.92638,5.8059025
2027,12.381759,7.645346,1.5940598,5.817425,5.581655,7.6942406,11.591482,8.892155,9.295618,5.614438,13.506097,2.64124,13.674752,7.458274,6.616832,12.604546,7.600587,5.6754885,7.063653,5.524426,4.20125,11.370452,6.3731246,9.813554,11.903528,6.1338267,7.0266275,9.20055,6.855833,7.1960216,6.7451243,9.839574,3.442407,10.58729,10.559083,12.85219,7.8440986,5.0346813,9.778268,5.830553,4.4461565,11.349485,2.1849873,15.756937,9.591869,7.7094207,8.285267,4.18954,11.916159,5.7003717,6.0294724,9.464042,8.616786,5.6506343,10.790216,7.5043926,8.244824,6.5304203,7.747524,6.17603,6.3344483,7.408526,3.2343361,4.402968,5.839965,7.159261,12.741606,11.766413,12.494922
2028,8.894753,6.483498,15.1122875,5.1382146,9.554515,9.35379,7.3226995,10.009805,11.296968,8.8881,7.7617545,10.278529,5.924111,5.91938,7.646497,9.946282,7.971909,4.2085547,5.32868,10.658824,8.045912,10.284878,5.7974224,10.612218,8.659971,4.881786,5.273045,5.298882,9.63946,8.830607,4.9437103,12.419799,6.8412356,7.2778735,5.9840455,7.521858,6.2453613,4.0468516,5.665017,6.005017,7.2678227,6.8914585,4.922752,7.0766644,7.5502825,6.1377854,9.884467,4.068656,6.685491,3.9099483,3.1865535,7.6515193,2.5948265,11.060207,7.850596,11.951768,7.015868,5.3558483,8.796244,7.4366727,7.5762525,9.451808,2.2859428,6.567074,11.409356,8.905104,10.9525585,13.92503,7.687876
2029,6.9959426,11.086407,7.1037874,8.663001,9.40684,9.204461,6.6886015,13.297919,13.458646,12.057517,7.16722,9.889781,4.1384444,12.083901,5.6125197,12.274098,9.839921,4.444817,9.750457,5.455121,8.709261,9.091788,9.894332,7.9736595,9.3062,6.146285,10.452867,6.1939206,10.7228365,8.176354,5.622211,4.528859,6.280365,6.0666957,7.0125012,7.0183706,5.403597,6.5317507,4.240006,9.309506,9.232459,9.206076,5.4165683,9.112542,8.320429,6.8387356,9.174859,8.894554,5.709115,13.103467,8.722542,5.677034,7.170625,12.035343,10.9646435,5.528868,9.226412,7.896084,6.573666,3.4763312,11.266983,7.234299,5.7319965,9.876499,5.7554455,8.428705,6.321623,9.360299,7.090443
2030,5.381563,3.611669,7.7909703,5.4800196,3.230488,5.9391947,5.486651,8.394152,8.319999,9.537412,9.721721,10.900908,5.720176,8.730421,8.012148,4.377294,7.695826,5.233411,9.79474,9.595046,1.778321,6.8277783,13.043502,4.8305855,14.448707,3.843276,12.7972145,5.206423,10.789161,7.3127236,6.4925942,5.9155135,8.489755,4.6954117,4.0554776,1.5599179,5.105993,7.035707,11.5473385,8.328308,11.031801,5.6867337,12.442301,9.0181055,8.452327,10.337465,7.99919,7.997558,7.668352,7.815381,11.044769,5.8375683,10.194025,9.504109,3.589134,11.764632,6.6294336,8.103968,5.704421,6.350456,10.436165,7.8271255,6.4894433,6.1632843,8.159689,6.10149,7.5250235,10.512733,11.625638
2031,8.659556,7.00708,5.4191194,7.8874855,9.72664,8.551318,6.8421636,13.43584,9.807661,7.4207096,13.955075,4.744491,8.824777,9.90723,6.7687383,4.930353,9.735352,6.6462064,8.659739,4.8278885,7.4516826,4.3803287,4.874365,4.301211,3.183268,4.9641533,10.9897,8.5942335,5.219242,8.866465,5.6427717,9.010538,8.922848,4.8485503,6.612858,9.766751,4.640078,6.89407,10.922573,9.01402,7.388149,7.7448115,3.7643876,8.034026,8.183445,5.1510873,8.967406,10.465566,11.088771,4.148663,5.3587403,4.0815735,9.103694,9.057911,3.5022645,6.9019775,7.6328363,9.881724,9.519844,10.903359,9.074474,4.471458,8.367586,4.932226,4.791668,5.7269926,8.076081,10.478627,4.6854544
2032,6.364293,8.439508,10.827289,8.084463,7.1638393,5.2181163,5.8654466,12.113431,6.274526,4.9040713,11.62785,6.752079,9.681675,6.60276,10.165441,5.479131,6.823613,9.817893,10.6198435,10.758797,9.501788,8.210804,9.100101,7.6847143,6.7502975,10.103262,12.311461,12.273574,6.3553,3.9431577,6.340969,6.16785,7.14681,6.4676256,3.9589922,7.7578473,11.015434,13.722205,12.964008,3.894568,6.4165955,1.2069027,6.8871846,9.174614,10.309623,7.0833626,7.491625,8.934296,11.179411,6.6586785,13.70066,8.429668,14.64162,7.3653383,12.929294,8.447129,11.217426,6.8405585,11.109906,7.338912,6.0352306,7.3152413,6.096075,5.3515363,5.9994354,11.240207,11.305417,14.84458,14.090674
2033,8.465334,9.361483,9.421585,4.3724933,13.752334,7.211058,6.8305564,11.985558,10.965046,3.886707,6.9170446,4.883622,7.3060174,7.3318825,9.467512,9.314873,7.134012,5.307379,7.9876533,5.6187,8.425771,13.042798,6.1966243,8.675518,8.625374,9.817069,4.3135424,5.9428473,7.6665,10.032274,7.831948,2.6568966,3.3019812,12.372331,7.679691,12.235099,6.1143007,4.287996,4.1037226,10.619124,11.128828,7.5878415,4.356667,7.676722,7.558685,3.1946507,11.056594,5.3284755,4.762639,3.871871,7.4677086,4.529223,7.119664,8.611562,8.73298,5.484303,15.918833,16.242348,4.5599895,4.200272,4.9987893,4.765955,7.139489,8.934786,9.216965,13.922264,8.618398,10.407918,7.268322
2034,16.297432,6.9435635,8.707747,9.449539,8.411534,9.445522,12.26652,5.8830543,18.284863,5.4328446,6.594725,8.155506,10.52461,6.4207635,7.308832,6.8129387,6.493501,5.909515,8.639161,8.325281,8.44006,8.821562,6.238335,12.100207,7.212878,7.417017,12.742736,7.513657,6.7683325,5.3409066,10.50234,4.857059,2.886804,6.119562,4.7211046,9.286864,8.759023,4.4840975,7.323522,11.589415,14.876724,9.459313,5.008246,6.750274,8.164474,4.7094765,7.8465657,9.789017,7.2761297,9.417634,10.080453,4.2890677,5.288457,5.406178,12.113931,7.783503,7.089031,8.411105,6.2115965,8.464092,4.8828096,8.239629,6.3566165,6.640197,8.1722555,6.5974593,3.5605612,6.508094,13.612168
2035,9.2678175,6.845718,5.979205,7.1761928,10.837385,5.975231,11.322623,8.985201,2.9257495,4.08319,17.451664,5.3250637,3.221672,16.9442,3.9907422,6.2537246,6.9837503,4.2300396,7.9851403,7.639328,6.608131,4.399215,10.4572935,11.647813,10.535734,4.3057375,8.285281,5.7091246,4.954527,14.612624,8.293402,5.5917,6.8005476,3.358811,3.9957078,5.3791943,2.998726,6.128449,9.319388,3.8261046,3.1363323,5.3214283,3.978766,8.282707,10.409623,8.867447,7.9266977,5.879631,14.1260195,9.575388,8.08586,11.123482,4.6009054,7.9517527,5.2527204,8.948955,4.338501,5.891685,10.504112,4.3706255,4.6549377,7.340948,8.13226,4.0620036,9.985396,14.388208,7.54743,7.298677,11.066207
2036,10.033545,4.61246,5.755468,7.1480184,11.553293,4.617053,8.867693,4.705776,6.8960276,4.952488,4.133879,7.137373,4.4512405,9.233751,2.8380756,6.6176786,3.8867517,8.419417,10.541709,9.202981,7.1088843,13.701282,10.343997,7.4967885,6.9989567,10.499998,2.9130151,6.9635587,4.019907,11.152141,10.240697,3.9321296,11.07693,2.6448061,4.3779416,4.371323,6.478806,5.5203576,4.8077884,0.38600513,6.750248,2.4398503,5.65582,4.490501,9.226381,5.2160583,10.526876,9.294517,4.6837344,7.712068,10.386896,8.685229,8.579913,9.091074,7.152227,8.794067,9.035328,3.4178543,8.286242,5.3046045,8.042179,5.5061307,8.503901,10.084575,9.744681,8.98446,10.698831,7.64385,11.051358
2037,7.270167,7.5226264,7.0894294,5.733303,5.4598045,7.5674324,11.774836,3.8062809,8.22133,9.554217,7.863066,7.026537,4.3643346,8.189866,5.865346,6.2032275,3.4960442,8.718332,5.6345,7.648388,9.157907,10.107464,4.8179927,6.983462,7.880299,7.2491903,3.576598,9.442489,7.3791604,6.1280236,8.271366,7.1794543,5.608937,6.4954185,9.90767,3.5118387,8.626752,7.725655,4.9438725,5.825273,6.117463,4.7532945,5.4231176,7.446416,7.191695,10.749261,8.658721,5.247938,7.206631,9.223643,8.367146,5.2710977,8.681567,3.505538,11.898409,9.118017,11.840226,11.988861,7.302836,8.908251,8.297535,5.533197,5.578711,8.272194,4.77851,8.866276,12.972876,10.514979,3.5524821
2038,6.267588,8.525182,11.857366,10.798054,2.8730414,10.040902,10.547587,2.353669,10.796424,5.0962706,2.0193374,4.0595436,9.906861,5.362622,7.7765284,4.879591,10.716339,4.875775,9.081291,8.210598,6.5458603,8.268963,4.76682,5.404882,10.840657,3.9764826,5.5684776,5.3550067,5.0775223,7.2990932,8.19778,5.6451807,11.911158,7.8959746,8.540421,6.550637,5.1132364,9.8082,10.182924,6.063756,9.034989,4.672594,3.863134,7.6271257,6.4091473,13.151003,8.338988,7.257554,8.434901,5.25224,5.3885527,8.221002,6.3425255,7.199728,5.2549148,6.205259,4.9598365,7.0831213,6.82689,6.622411,6.4790735,7.219603,5.106609,5.3941846,9.61569,6.5798326,6.412384,13.080456,4.9334145
2039,9.033369,4.890659,6.198954,9.858544,7.132465,9.232096,6.213568,11.163303,9.919412,9.145333,3.9537003,7.3409524,11.15525,11.614554,2.656537,3.0720527,6.603355,8.908343,4.441193,7.556144,5.096351,8.362631,1.9071825,16.507788,7.471206,10.494823,11.97368,5.679981,5.0254993,3.982718,3.9215856,10.454422,11.679114,7.6188865,6.0514545,12.143033,11.983629,5.6058583,3.997674,5.8831744,9.047458,4.297377,9.829054,8.481552,6.950592,7.743603,5.3190007,9.580175,8.207126,8.161422,6.5199084,5.979992,4.302492,11.96109,6.5480084,7.1971135,5.9620323,6.663748,8.675789,7.0838532,5.793095,9.279674,5.112571,8.687397,5.8142853,13.213868,6.660772,4.2283497,4.882932
2040,7.923541,7.1242795,9.6152315,4.210079,9.333914,6.9666133,8.465915,10.751251,11.358298,12.000416,4.376631,10.91649,8.988556,9.941666,4.8224483,14.374944,9.70037,6.836008,3.3124905,7.222129,13.632575,14.553126,5.4496164,6.0274167,7.9507966,11.3977165,4.806222,5.9133162,10.269611,8.013648,2.1390717,8.816921,7.6146874,7.9379244,5.3346972,10.561644,11.611172,6.7192125,7.682074,4.8515124,7.601829,5.3317432,9.657296,8.845221,9.199947,5.7389436,3.1015074,7.8448095,5.457945,5.3708706,9.472173,9.909204,9.070924,8.950297,7.9960055,5.3430285,7.7554836,7.033967,5.8245664,6.3158545,13.020661,5.4607134,6.2373323,8.840999,5.8078847,6.160182,9.687564,10.470736,7.4683766
2041,7.861232,6.627108,7.0330296,6.225819,9.55867,5.9019465,9.068683,4.7750654,6.3436866,4.8699374,15.958554,2.1662319,9.206089,6.4018226,5.0173297,7.3743305,7.641712,6.68675,9.241135,8.462111,9.883146,11.891135,15.447368,11.977948,11.717094,5.2744513,9.446837,12.082013,7.60263,15.640839,7.744964,11.980558,8.526855,7.882484,7.9079456,5.4397283,5.238442,5.459629,6.0100484,4.056837,6.598544,5.6704845,3.7968862,10.342706,8.414168,13.44712,10.577299,9.946034,6.4521456,7.915254,7.3144283,13.005204,5.993444,7.350583,5.3106766,6.245476,2.8348336,7.900294,11.690034,13.380239,13.396308,8.224739,7.5706,9.968998,6.04653,9.268239,8.025297,8.977711,7.8279886
2042,11.582714,7.3218446,4.238302,8.423348,6.18849,8.343139,5.0433793,3.8613968,3.1977851,5.315993,9.133123,4.712999,8.602915,7.7490697,9.512106,8.007316,6.3955393,10.338282,9.424314,12.85282,15.345575,5.448381,10.695563,12.704933,4.6977873,4.923253,6.2459064,10.881011,6.601533,6.364541,8.740823,12.8781,5.227591,6.2681155,7.682932,7.620122,8.96852,4.3593564,5.378797,7.8296237,2.3576517,10.7393,6.1188917,7.118779,9.610554,5.5060916,8.075629,8.446385,11.942385,9.208427,4.68373,7.7799425,8.843801,10.33045,13.636861,9.664658,7.878719,12.980334,10.760683,7.917472,9.579279,6.920065,5.935366,9.810652,8.535186,16.732275,6.0279694,15.45521,4.423526
2043,13.641382,7.048182,5.388676,9.880817,17.023518,7.374351,6.906515,10.999845,11.36485,10.18864,8.234474,4.6339226,3.48659,13.034698,4.9322505,5.862927,3.0818465,11.742108,6.2108884,11.432534,8.641188,6.518378,7.990554,5.4943023,6.534073,5.284271,4.309283,5.5866127,8.50658,4.3258495,6.5472856,3.8563626,10.003743,5.37806,4.9509115,7.1819158,4.052709,6.4057674,6.9851613,4.971925,5.293044,6.3874145,7.209676,5.0191326,5.948217,7.7775545,5.682106,5.943164,5.482463,7.348968,10.521248,3.1165257,12.253013,11.38503,10.091853,9.704347,8.113811,16.007963,6.385633,9.716723,13.062493,3.9555776,10.691883,9.869163,7.657565,9.736274,7.5585327,6.428188,11.029476
2044,5.588683,9.278376,4.515963,6.3455153,4.887853,9.701582,5.223263,12.113983,7.7548137,11.875353,2.9221714,9.02413,6.4184165,7.0922213,12.685518,4.4866266,6.6455956,8.931083,2.0285158,4.4414783,9.559425,8.910811,4.6896133,8.53298,13.20147,7.5993786,7.3540564,10.224054,7.2285614,5.0190854,4.4799647,3.871473,9.928908,10.127012,4.641582,7.9861383,11.595472,10.775723,13.784857,8.390252,8.972527,7.8325806,9.8076315,5.4606757,11.006343,14.857242,9.663482,8.997399,6.384915,10.050065,7.8699055,5.493698,9.357868,11.531303,5.9935517,8.552953,14.619416,8.933445,4.9684987,6.1795683,8.811524,13.311603,6.0677104,6.6974006,7.746123,14.014785,11.129274,7.2187943,13.901527
2045,7.372836,5.9426804,8.02248,10.346908,9.515703,10.418104,8.293912,11.365933,3.8683212,6.40137,12.177009,7.8506713,10.421911,7.489922,9.639875,6.1573195,11.457864,7.2070947,6.998422,7.230082,4.4464293,9.318586,8.246358,4.1990786,7.8980265,7.096738,4.646529,8.270024,6.3451567,7.322217,11.246139,5.480737,9.9130535,6.470366,4.799349,5.462074,11.533763,7.3549647,11.183474,6.2090454,3.6764054,5.3087063,3.288342,8.455244,8.742239,5.409363,7.1965747,8.018175,7.286773,5.802249,8.702335,9.5479355,7.008962,4.741169,6.6922145,6.3523073,7.5826373,6.297122,10.226486,5.5376,8.944067,2.8459935,6.262793,6.8262568,10.202575,8.699163,4.7560296,11.103693,5.398521
2046,5.403874,9.259724,1.7838959,4.803506,5.4986653,4.9100814,3.5365393,9.073248,5.8097396,9.107581,3.0944884,14.976738,3.8811762,4.5459886,7.9192953,10.728537,9.7495775,7.546261,10.985685,6.7281137,4.9500823,12.990984,7.724049,9.081225,7.108104,7.234318,3.7045631,11.662001,4.4063506,6.826564,5.484958,6.7847996,6.98404,6.4583564,6.6172924,3.917455,5.326425,13.149409,6.3275185,5.056527,3.8171346,7.3286653,4.9268594,10.57598,7.9737625,11.05979,8.620863,2.4845772,5.5498996,3.712592,10.07445,7.132997,6.1451526,4.8398056,10.108166,7.8120418,7.0012164,10.163952,8.835229,11.831057,7.1408725,3.9848104,5.52931,7.7895575,9.374512,12.140858,5.8915467,18.326143,9.895368
2047,5.21799,7.1564755,7.250157,5.5198436,9.172235,7.3452535,11.598697,12.447109,13.5067625,8.00178,14.06092,11.765188,10.577706,9.305582,8.940536,9.667154,3.9813702,5.0384126,5.062677,5.0775743,4.1974907,9.185175,12.278812,7.001923,10.183795,8.620778,6.1938133,6.345974,13.537092,8.978918,5.4269857,11.362257,7.9161806,4.3169265,7.535479,4.0572634,6.848064,13.268965,3.6995347,4.2051706,5.780279,4.010543,11.919412,7.377415,5.0435615,10.522234,12.466741,11.935204,6.910308,7.6895533,10.062899,8.954193,6.611434,4.891836,5.75019,6.8879533,7.1753197,13.805681,6.590674,8.008382,9.841115,4.955492,10.435731,6.8057957,12.382971,14.631321,7.1398163,13.296318,11.664711
2048,9.610493,7.800788,10.919102,8.1733265,9.833096,9.585437,6.1062703,11.724433,12.188239,3.276181,10.684633,3.910997,6.9609733,9.642572,7.770809,5.9688993,4.400418,6.771815,10.092002,3.6511967,9.698037,10.227304,10.547233,9.970171,8.66357,4.0425324,10.441307,6.514232,8.234298,10.33519,7.991196,3.9053664,9.744977,4.747537,12.356689,9.636949,6.0727034,3.060182,7.352365,6.912971,4.509243,8.356211,5.28858,9.898379,9.828306,10.92647,13.924367,2.4926112,13.991471,7.2230196,7.7694006,8.816225,10.047277,10.921916,7.7727113,7.4414563,8.480816,11.422761,8.55814,5.382592,4.860175,4.8463683,8.278197,4.8775415,7.894438,10.761636,13.411211,12.644928,5.008924
2049,7.414098,8.833388,7.9903417,5.791439,5.046831,12.348468,4.966683,9.043327,6.1206064,10.541406,8.12594,7.14246,10.341809,8.803713,7.129821,10.712141,8.901696,10.760863,5.3400884,4.363045,18.239735,8.045986,8.113811,8.594557,8.579856,6.3048987,4.7971687,6.8997,9.047394,4.829844,4.6257343,6.626992,9.653243,0.6976543,9.257522,8.752879,7.8541455,11.251492,8.43104,13.112599,11.399026,3.7850177,4.1306224,12.084226,4.544234,7.898915,5.740869,6.8700714,11.316099,3.8200743,5.975061,8.140056,6.171558,7.773741,6.245875,6.959498,11.848553,7.422783,12.136166,7.292599,4.8688045,7.264363,6.2897735,3.443753,7.638978,6.135349,7.570752,9.649522,10.61627
2050,5.733231,6.020396,5.9855657,9.819504,6.141351,7.658034,6.6147766,6.066223,8.41697,5.570571,11.060145,9.983624,3.5063722,11.875761,9.379106,5.7312255,2.8534691,10.820726,8.585172,2.014241,16.156643,8.161543,5.9866767,9.448259,10.876102,10.213881,15.228728,6.9551516,8.596522,8.000633,5.261657,6.5004797,10.364787,3.9627998,5.295629,2.8218448,7.58082,7.107876,8.593754,8.427794,11.389741,8.113196,8.868903,5.506018,8.614461,8.396825,5.7126794,9.310629,9.52779,8.107781,6.5174255,6.251249,4.697896,5.422894,6.7078876,6.823924,4.0658913,8.127149,2.5449488,10.197029,9.19754,4.9183326,6.4812517,6.326621,6.1420736,11.027983,9.81685,6.196674,8.257104
2051,12.607411,6.2223086,7.9772406,4.860866,4.377984,11.351637,10.85373,13.165774,5.387091,9.182807,6.8800154,1.9827993,3.3320494,7.494196,4.796493,5.42009,8.421851,10.483912,4.747322,6.6530833,11.8749895,7.4613304,3.9300117,6.415457,10.57485,13.231458,7.6378875,4.9616632,8.329958,5.9935966,6.9831038,6.070934,7.299064,7.264575,4.465447,2.6756003,8.747392,14.490665,5.569122,5.989695,5.197704,3.9234161,13.798877,7.79983,9.996914,12.828994,10.079825,6.243898,13.702796,2.107589,10.6447935,5.826708,3.5235634,5.7128816,6.968057,10.521116,13.051735,10.524299,8.070561,14.981605,7.631406,7.1759844,7.285724,5.9271283,6.4539433,9.735665,17.28766,9.297008,10.15733
2052,7.6458154,5.9916563,8.121446,5.4963627,3.7498574,5.659848,11.145758,15.224187,7.215316,11.070008,6.986258,8.5182085,12.847025,6.0771413,9.868869,3.577998,10.831082,2.632967,7.3043942,11.306588,12.864713,8.757045,12.274383,14.656041,7.7927365,8.169165,8.662466,7.619036,11.849343,7.25788,13.916594,5.1239877,6.028141,9.864866,3.7707067,9.032068,10.731612,10.935444,5.8354006,6.134349,9.339633,6.9230676,9.436294,9.693818,9.101507,9.319752,7.430801,6.664093,9.076791,6.2432656,11.37528,5.1045895,5.566538,4.016963,5.543283,8.580185,4.8772807,10.858169,8.016153,8.590032,6.153027,5.2842617,9.695827,6.8993783,4.6035004,7.74876,5.568492,11.653795,11.580073
2053,5.5833316,11.26623,11.168331,6.7327757,9.385529,8.476945,6.2911897,6.998537,6.2813926,10.701354,10.357414,9.743722,10.395704,3.6575427,5.243027,10.764031,7.8617196,5.3023376,8.472251,11.785465,6.036066,12.911375,7.245481,16.266474,15.274107,7.600508,8.956865,4.4968753,13.027296,5.635415,11.846082,7.4891047,8.235073,5.9205174,4.120382,9.483208,8.383283,9.068001,12.913995,6.5680947,5.765281,2.8241904,10.864282,9.119144,7.44185,9.99389,8.129174,9.514996,6.5117164,4.3857794,7.4906893,6.7786736,12.708546,8.146511,9.110717,12.63022,7.9397616,6.262764,11.180539,7.9030275,13.284582,9.281073,6.1193132,5.325568,8.922874,9.214196,8.511929,3.1534452,14.741707
2054,5.6177907,5.500927,6.9728675,12.567961,6.9061813,7.345313,8.038847,2.3108065,5.744826,2.6484222,4.727185,8.094284,11.743888,10.539268,6.613689,6.155787,3.2251356,6.864776,10.566513,11.554774,16.127718,7.421172,7.4496703,3.5713468,3.7985795,6.661657,9.464305,6.1501203,10.622011,1.3294026,9.0040245,5.785564,13.180907,7.9726143,3.6882968,3.4606533,5.047167,11.136875,10.8922415,6.7549615,7.7746353,12.0916815,7.8013315,10.884565,4.7334905,9.237552,12.616948,11.422016,5.0753775,12.286681,7.4082675,11.557478,14.116162,9.166258,5.7479205,9.295599,13.71604,8.587816,9.63569,11.375468,15.467185,7.3272038,5.785098,8.434738,5.275308,9.747844,5.7969785,5.9889736,11.033957
2055,8.313181,7.858873,8.391008,10.241735,7.5010786,5.732668,9.133833,6.647324,5.9078918,3.5904088,7.925794,8.47452,8.325881,8.659504,10.721358,9.012552,10.650345,13.559542,8.275923,10.881753,12.685314,9.55892,11.310894,11.373459,9.471905,4.15854,9.988721,5.5990944,5.3189716,11.155437,8.063209,7.254155,6.038377,4.912479,5.491708,6.465151,8.204868,5.877347,6.9381227,11.416403,4.574056,6.507935,8.200835,11.316859,9.262209,6.158363,7.04943,8.968394,8.53629,6.6980176,7.4318056,8.839896,8.139917,13.027374,11.492205,5.744345,6.6415567,11.926564,11.369672,7.0404253,6.2220416,6.8368077,13.947114,9.387089,9.836686,6.169254,9.379573,11.167212,9.24271
2056,8.335952,11.649138,5.959481,5.1422815,13.217366,9.1915,3.2501955,9.792245,5.7851295,16.887112,4.5425463,7.283107,12.519175,11.178246,11.879667,8.478217,5.0791726,5.9522395,4.0702934,12.273608,8.923781,13.076192,8.750954,11.6810255,3.355337,11.258829,4.922639,8.272251,11.188059,11.675551,12.156535,3.5010087,10.675472,3.3184454,6.216098,4.0927305,4.7174935,5.599375,12.921373,10.009212,4.017652,6.3401155,10.553502,10.34684,8.750197,5.9864326,7.3363943,4.8631773,5.6548877,8.463706,13.699447,5.050899,5.900993,1.5461274,8.199446,9.643275,4.1009784,6.0409083,9.491779,6.375585,7.20851,5.7917333,6.711794,7.2909465,8.138453,5.930968,12.43597,5.3479877,5.9493127
2057,5.2865825,6.9570374,2.9631028,5.953554,8.719253,6.9556737,12.224719,10.063136,7.299084,3.9691298,10.507122,9.67543,4.400046,5.463832,7.0882716,15.828094,10.690212,4.5850797,9.592873,10.434579,9.457444,9.534385,7.499137,6.191889,8.670571,17.287502,8.350088,5.3689733,8.145702,7.939755,15.228536,5.94209,10.422174,4.578997,5.7611046,6.529012,7.925559,4.071778,9.75129,7.248013,7.5909977,4.9231386,3.9109516,7.2347975,5.8988028,13.635132,9.593918,7.789226,8.611057,6.768268,2.6569183,4.124955,7.326831,7.5308,6.1281886,5.2644215,10.567294,8.245464,10.624972,7.2759523,6.146043,6.6912713,5.503119,9.791463,10.183519,6.128378,4.2600555,7.2446933,6.72625
2058,9.184005,6.3953605,12.095152,6.452023,5.6060123,7.6923633,8.474559,11.53555,15.6637335,2.5403204,11.2823105,7.3497734,7.7626176,8.437732,4.5591135,16.800516,7.876025,3.6887555,8.811004,17.088968,7.007726,7.4553576,12.623231,12.233862,10.533758,7.1318917,8.16809,6.211466,4.0371985,5.055149,3.1947386,4.2534876,8.162663,6.2035747,8.057692,7.6045375,5.9516416,13.087897,10.644755,2.186278,6.3526783,8.498048,12.375591,12.299993,5.0446362,13.089116,9.451541,9.226045,3.272372,7.5593615,8.163694,1.8236991,9.729965,7.5546165,12.400527,3.2115457,8.365552,5.2644486,12.18698,8.655958,3.4776568,5.381368,5.521784,8.441336,5.1650705,5.170697,8.601124,4.8184004,14.91557
2059,11.559294,7.7439375,5.0814743,5.608436,6.8797493,12.031322,16.077503,5.183675,11.599642,5.8837132,5.727868,7.726274,7.541175,8.745708,10.856046,7.792849,5.3597317,10.456951,11.538576,7.2081547,11.995318,8.604062,10.174097,4.512616,12.434678,3.274401,1.9332249,5.5460653,5.4418926,6.047468,6.975904,5.7946863,6.4045115,7.797904,9.27172,2.1747725,4.3314376,7.892211,8.030785,6.689135,7.6343145,7.0498867,10.047603,7.249696,8.427024,8.100688,10.368253,7.840043,5.6466556,8.764664,5.3949013,6.544802,9.678302,6.089071,3.4179227,7.3520346,7.0563617,15.483399,13.640434,14.61806,12.36643,7.351063,6.039855,6.3377643,6.7856216,12.704526,5.136637,9.562757,8.22922
2060,8.310961,2.6572452,11.796257,7.080087,6.2436304,13.567351,10.114347,7.287217,7.6043706,15.283848,8.201287,7.5624824,9.637588,10.774449,6.909983,6.3330646,6.409078,10.527629,11.247688,10.738271,10.191502,7.5344915,8.681701,10.4500265,6.813047,6.622842,6.4272747,10.632592,11.042328,7.202502,9.194983,6.6225905,2.8543684,11.982022,4.2512565,4.2752414,10.183786,4.2608066,6.4273715,7.8568234,4.645684,2.479699,8.707827,9.128945,13.224964,11.883122,11.835418,8.945228,9.193666,11.698188,11.147411,4.78867,9.27341,7.841891,12.257495,8.196481,9.495852,7.701612,4.0656304,8.05974,13.5473585,6.2726746,10.781,10.816886,9.55367,10.637046,13.280592,11.820396,11.814997
2061,3.159913,9.430948,6.1721807,10.453669,7.6914635,10.753416,11.109552,9.794252,9.999492,21.676569,8.151601,6.3458524,8.551439,8.638658,7.1496577,14.208452,6.398897,8.940443,2.9776084,6.956535,12.831775,8.955813,5.4283347,7.413952,12.712098,8.6588745,7.7321987,14.498051,6.9698496,9.006252,8.113836,10.999186,9.617641,7.4164553,6.4212046,11.555683,4.5508065,8.32739,5.9275846,5.141389,17.167982,5.425985,3.6435733,6.715609,6.0135255,9.642099,8.732912,6.044414,7.82079,8.406114,7.5291896,9.433601,5.0343213,8.265062,6.9110003,12.214751,6.268562,4.435222,11.28748,11.146923,3.514609,8.896556,6.4505625,8.758158,10.175969,6.220219,9.691598,9.517231,9.612211
2062,5.442988,9.999203,10.3486,10.976362,10.156532,12.316975,12.060323,13.949457,4.5769324,9.378434,11.900749,9.264082,7.5548596,9.691264,7.5608478,4.802135,8.220163,8.26313,4.2880096,7.2182574,11.970171,10.077201,13.611074,11.71734,20.107668,12.8138275,14.038537,6.3162036,7.1042113,7.252296,8.311157,8.300296,6.0645013,6.1588173,4.8889637,11.80629,10.917841,11.853276,6.048251,5.9408865,5.715298,5.0176287,2.2850466,5.8754196,4.585689,6.006736,8.462403,9.477943,5.682177,9.471228,8.638894,8.8134365,5.4745903,8.228127,9.987712,14.245425,7.591751,4.443419,6.570776,11.835442,15.30326,6.882305,5.434296,8.679042,11.094729,9.764953,8.094161,9.2657,5.9601007
2063,9.309973,6.445751,8.743814,9.176759,3.617409,8.747023,10.7141285,12.255194,6.595328,7.9238296,13.882385,7.176407,11.88201,8.884864,9.082754,9.593333,5.2587357,3.575539,5.361079,14.47333,10.477051,9.569437,13.620175,7.862927,8.461524,8.230894,7.333912,9.005578,5.155585,7.4936695,4.9754915,8.988463,11.840866,8.431218,6.376058,5.064233,12.1654005,6.731177,10.316887,11.09911,3.0570254,9.534462,9.9452915,6.436041,13.026983,7.3590755,8.172136,10.910318,8.132212,7.204078,9.2037115,8.031326,9.255392,3.532643,9.874622,11.765034,9.297875,15.828619,4.687693,15.857963,8.260596,6.8683963,6.5580926,10.543573,10.452234,5.6724944,8.196967,8.530662,7.62484
2064,4.702436,3.8062983,10.3126335,8.922529,7.459446,7.744037,10.867195,15.181885,6.1293545,8.210043,6.2313285,11.30887,17.911871,5.827157,11.606124,15.915323,7.120464,5.7004585,8.515319,7.4122486,8.960655,10.278286,5.9157624,7.4058166,6.8211703,8.417992,12.886578,8.2463875,3.3969185,9.887949,6.947492,9.538602,13.491985,5.955048,6.6216755,11.141605,6.4669576,9.684116,7.83059,11.746022,9.022567,5.652168,4.9208016,11.217706,12.98888,8.774337,8.191945,8.073913,5.1008744,9.094242,11.275486,11.245728,9.081367,6.5594397,11.341627,10.655761,6.554512,4.542694,9.828275,3.9451845,10.733999,6.470073,4.916548,2.740578,5.3366694,7.971752,7.2231536,14.812748,5.728392
2065,10.161983,14.973414,11.402846,6.563166,2.0311463,13.43073,12.155147,5.503185,6.460839,8.014955,2.0891721,8.902497,7.2145896,7.72498,5.8845744,8.153742,5.3613977,8.934938,6.5823846,5.9818044,9.276226,8.842069,7.6937795,9.7022295,9.262165,5.9057636,7.7615867,9.032959,8.661776,8.904142,4.602426,6.176917,4.7150826,4.3461776,6.79061,11.043321,8.4336195,4.5146003,7.713136,8.308509,6.0092216,4.969547,6.5196905,12.207511,8.789908,3.898261,9.770669,7.4032044,7.6223087,8.449722,5.8534985,8.5557995,6.565952,5.8889537,8.180331,6.506438,8.956608,9.481248,9.397126,3.2597568,9.441445,8.607193,8.0442705,4.4358783,7.073901,11.208071,3.7453125,8.150555,10.432289
2066,5.5058417,8.4127865,7.6411767,13.550956,6.474184,8.965889,8.710466,12.641065,13.354999,6.6544676,2.7596202,7.0340643,10.912441,9.869529,6.8114505,8.874827,6.834598,3.386293,13.036726,9.736861,6.405585,6.493649,7.7741446,9.563326,7.8616905,8.65663,8.234577,7.6512103,4.210983,5.168254,6.39222,10.513334,10.671421,8.835278,6.733918,18.520468,4.7621107,7.649543,8.066095,4.2931757,6.0705504,9.13074,10.259155,5.2178097,8.2302065,4.5906234,13.339759,4.6158156,9.623707,9.152293,9.254051,7.30527,5.803603,12.676501,11.920152,9.611873,8.882155,11.592124,8.16354,9.350943,15.137224,6.4166837,5.714176,4.9862676,6.6662846,7.5482574,10.936851,7.3474364,14.705211
2067,5.634169,3.7658014,10.846747,5.6995306,7.456592,7.844408,6.0593605,13.796465,13.979179,8.338168,8.354435,4.8297534,3.8088646,13.643734,8.5062275,11.971134,5.381014,6.760717,8.325864,9.574901,12.172602,8.08534,11.371249,8.574021,12.087497,7.4112363,8.856821,13.161197,8.835725,4.9684176,4.7023253,11.56142,8.980862,8.323448,6.39739,8.198753,6.9695296,9.899035,5.176026,6.8703103,6.536296,9.118124,6.3358135,6.772918,3.1332614,12.701245,12.275238,9.294037,9.113821,2.0159042,7.8439407,3.2020767,5.600538,6.8896627,7.637789,8.613176,8.293461,8.052739,3.2962081,11.751811,5.911433,5.190534,7.5941625,10.0495615,9.587608,12.426681,5.424664,9.061848,10.906721
2068,6.5979924,7.729552,4.913668,11.843507,10.130214,8.844356,7.215416,7.5566397,10.308575,11.855647,13.656696,9.990886,7.6983337,7.691964,8.6254635,7.25699,4.606726,11.71232,5.280696,6.817125,5.443324,5.50343,8.61544,4.4359975,13.496659,11.871435,9.222969,7.848831,8.897072,5.767796,5.1738286,7.0955215,11.174936,8.034703,4.8749475,8.320169,4.9796643,13.954174,7.1040416,7.531021,6.8219414,6.758678,6.0033474,3.4266613,4.945058,10.492527,9.280716,6.480825,6.97327,6.6220236,6.6894045,7.869938,6.8215566,7.065587,6.01662,11.134164,11.010985,7.2624655,13.346909,10.5249405,7.2577224,11.043629,9.381154,6.3880944,11.687563,12.008495,5.9609256,6.832502,7.659939
2069,6.7015185,5.2222347,4.290162,4.909977,9.611924,10.346985,10.998773,8.147818,9.138467,6.395114,10.015909,6.3084774,7.250203,10.007741,9.909193,5.7413015,12.378503,8.477343,7.534315,6.0996203,11.3805275,14.821548,7.7901683,9.95878,8.719454,4.9292507,10.475179,7.482775,8.200981,6.9689384,9.044635,4.123012,11.258736,3.9670842,9.804025,15.755145,9.373807,9.076047,11.204541,2.7405477,4.7744484,9.767049,10.2465725,8.474558,3.5307288,7.286215,10.159442,9.325268,8.29812,7.773956,9.844609,7.778724,5.647112,5.904206,7.464651,8.486788,11.41612,10.569161,5.0626974,9.46313,16.034002,4.188671,10.891326,10.599132,7.263394,9.897478,8.155801,5.179568,10.269004
2070,11.968239,11.255901,9.618404,9.486338,3.037605,4.717865,11.242112,17.379513,8.785997,4.4788117,1.2172976,4.5444636,10.075129,4.400732,9.788822,6.813611,9.460008,7.7315774,3.5044284,7.4786587,10.903358,5.3699565,6.1228023,7.61713,5.994077,7.4361167,12.809961,11.873978,4.9552674,15.47397,4.5030828,11.364905,8.00673,5.528522,8.713825,4.898476,9.067584,11.394734,9.551916,11.182372,6.170568,2.1437652,8.253974,12.943368,7.831313,6.302333,7.4919357,7.672953,4.7379565,4.9639964,11.680614,7.927285,7.2592745,9.221833,7.44203,5.554043,7.653965,9.471119,12.656157,11.066847,14.105483,9.422874,8.042793,7.3110194,12.990773,9.085725,9.414082,10.25537,5.12106
2071,10.346741,9.77459,5.2683086,3.3513432,11.391069,11.076531,6.457157,14.86211,7.644331,7.308523,12.847917,12.836539,10.201064,8.947494,9.017494,11.17055,10.488242,6.5774546,3.3719656,8.350909,11.932376,18.713585,10.971379,8.076311,12.507076,5.944263,10.051204,12.805564,5.0073895,10.239369,9.621892,5.177346,4.2950616,6.840534,9.127647,10.316592,11.686417,11.550951,6.8024197,6.742401,7.1009703,3.962173,8.422412,10.045223,6.59219,8.198541,7.4715295,4.7585983,8.185089,10.15041,8.391515,7.2459707,4.540292,8.570087,11.223948,9.81341,6.369171,5.280355,7.853572,6.92453,12.959551,7.953141,7.5053754,8.115722,8.980839,9.489435,8.254957,8.464264,13.466486
2072,7.3837285,9.304583,8.103177,8.649656,11.2700615,16.803274,10.468064,12.291664,4.0364084,7.671037,11.16901,8.222214,10.75521,7.1836486,9.04509,9.331253,11.847384,5.595888,11.469964,6.79253,8.412038,10.1356325,5.067741,8.577688,7.655448,8.768032,12.074975,11.731784,8.234692,5.4509807,7.1526723,14.4655485,9.593321,0.46243566,7.1434827,9.011665,7.092662,8.245825,5.963048,9.446407,9.837495,2.5309422,5.497503,2.0218337,9.676903,6.0564814,9.876013,9.154569,7.932989,11.1795435,8.274348,6.278768,7.5661597,8.398464,8.248894,9.745591,6.739439,9.804631,8.003499,9.229387,8.161024,6.7216253,8.731315,8.960694,7.5514765,10.28475,2.8254766,10.638718,4.825891
2073,9.084765,7.7728014,10.614961,4.397455,5.201154,5.9158936,4.4179664,10.529766,6.278687,9.4169035,3.7726054,3.1453128,8.319868,9.227861,6.4557133,5.860421,8.888964,6.4489975,7.2261553,4.685984,13.325124,4.6750665,6.7913,6.8962555,9.260704,6.4014897,3.9510856,7.7529645,7.728503,7.1568666,9.768046,11.382839,8.349986,5.8756714,3.6036894,9.126447,5.6458426,3.0457451,18.177011,10.13754,11.068908,3.208921,8.808857,7.2420435,11.111485,14.247497,12.52013,4.4336824,8.934897,8.916369,8.615857,5.700397,5.6067576,8.443197,5.8060575,9.738952,14.280729,19.423357,10.969744,9.922363,9.724104,4.676866,7.694624,9.317342,6.0473776,5.230768,6.594584,9.252516,12.415656
2074,9.073263,8.258111,7.798297,4.2288966,9.605012,8.107736,11.228276,14.661544,4.497637,5.3454905,4.837694,11.875625,5.1859355,6.5537424,14.02684,13.970367,13.5955,5.8761697,11.792201,10.1376295,9.042832,9.747423,17.253706,7.425558,10.603162,7.3776145,10.29016,8.150442,8.596178,11.295976,3.8175993,7.854342,10.31053,9.137071,7.062834,3.2195368,8.224522,8.399477,15.482724,9.814266,5.5875072,8.233348,4.5479283,7.444956,4.5288444,12.074303,6.409316,7.2687554,8.703929,9.124653,10.418325,7.884661,9.226459,10.130551,8.890169,4.708445,13.588313,12.607163,8.818203,14.154313,7.6420503,7.6754937,7.9778423,7.098605,10.567745,6.012877,7.590729,5.957497,12.341068
2075,5.643421,8.943916,6.9325933,5.4325633,6.3940067,5.65414,11.916131,12.167012,10.263785,2.6360242,4.417474,6.8031797,12.924506,6.402633,3.9781437,11.386924,5.5879188,7.3939614,11.728707,11.007717,9.676716,12.486281,4.4466095,5.506686,4.872582,4.2246075,9.455232,5.868243,11.395551,6.581505,7.364879,7.214325,10.230865,5.9103985,11.957956,7.8513155,6.1951346,6.028149,9.430628,6.1478534,6.2951965,7.8460875,9.264688,7.4495087,10.839154,3.6256557,13.289698,13.342903,9.856935,7.7757277,7.0660915,10.023283,1.6231202,8.301258,5.839921,8.229248,10.037198,5.8130717,17.706041,11.749787,8.922984,8.597013,5.221311,7.605579,8.991519,6.483899,5.354716,10.294195,6.56294
2076,3.9272082,8.558023,6.8198385,12.508194,6.2073464,11.636428,7.1285853,9.405923,7.45034,4.8995485,13.39279,5.4812613,6.565274,6.846845,7.475348,7.712758,10.238198,9.203365,5.2764044,13.074736,11.404072,14.375211,9.841837,6.466431,8.228183,6.797601,6.2525463,9.289725,4.2733426,5.2686615,6.8817644,3.3831182,12.8092165,3.5340886,11.298714,11.698998,5.305491,6.605411,7.484503,5.250172,8.467329,15.012867,10.143204,6.8719788,11.675917,6.96294,9.429082,10.543731,8.238222,10.618923,7.8815327,10.194109,7.1045756,6.1283813,13.442285,7.2592883,7.2624173,7.6609516,3.2827911,7.9295783,11.405641,8.764225,6.956979,8.417841,6.9458814,7.1117435,2.8981707,11.480361,8.543799
2077,5.476923,4.849536,11.189025,11.344808,10.94602,5.7938104,6.5736623,10.022624,3.050748,6.9446793,3.5320237,7.1622295,5.829999,10.776202,8.845684,15.643961,6.3420076,8.625335,11.751628,7.8920918,12.132957,7.141125,16.184195,12.818724,8.187679,6.2779145,11.610697,7.633629,10.014022,12.535959,9.151828,13.462406,8.358874,7.581029,12.162258,6.490679,12.607377,6.3648434,6.3100657,10.190541,7.210176,7.876331,4.920331,7.308533,8.121922,10.737221,11.246483,7.676421,8.751896,8.048187,9.490529,4.011021,6.8776207,5.5930557,6.6619344,7.6220903,9.51965,11.954693,14.490576,10.715423,16.208424,4.123755,6.885269,12.572061,8.193074,10.7564125,9.619993,3.4179287,10.816582
2078,7.086869,5.4146266,7.5652847,10.599311,4.7556815,8.424002,10.399549,11.182927,10.482471,7.8306174,6.570887,9.462184,10.885254,10.022799,15.059269,8.456922,5.3006663,7.324756,4.9746065,11.07291,8.690987,5.5233994,9.511644,4.3383474,12.529414,7.528945,9.52604,6.753192,9.934104,6.372963,11.207741,2.9049823,9.338428,5.8580995,4.8655496,5.2913637,11.256784,8.502377,7.546885,6.3753514,7.925709,7.357815,7.7384562,8.999925,5.136195,14.244799,10.579048,5.5568852,10.468896,8.348823,10.02375,4.1295033,8.648721,4.457243,8.340286,6.570099,13.830845,15.682091,12.1922655,4.4512715,10.491981,7.9862785,6.7551603,5.8487997,8.07794,5.955228,7.823196,4.8582573,11.1406355
2079,6.3671803,11.181187,11.725767,6.5052137,8.989375,11.577061,6.3595386,11.422362,6.439279,1.8105217,16.09726,4.3778243,4.7511015,5.1556816,8.954975,9.112011,14.9674425,10.232373,11.064667,12.739081,18.091948,10.908103,14.365608,10.615983,9.67343,8.378592,9.365418,10.899242,7.960352,2.6288548,9.661203,9.433895,8.8139925,6.223977,4.9511423,6.3098264,3.9812925,11.649188,5.0676208,6.77397,9.261403,5.4964113,14.391941,9.387495,8.0975,8.240803,10.38138,7.7172327,5.782327,13.090139,11.299571,4.37104,3.2362685,14.029087,5.7203593,10.62185,2.9886456,8.319628,5.570786,6.3116426,11.137994,9.515857,5.1384706,9.363418,7.932699,6.39524,7.912815,7.431688,8.038598
2080,6.4790955,9.501511,10.058325,8.138542,6.7609677,9.210344,4.0444846,11.115306,8.485124,8.023941,12.908765,3.5968843,7.588554,9.535567,14.863614,15.128413,8.500487,7.937802,8.854868,10.16565,10.441675,16.734262,11.572412,9.044445,11.654262,1.346558,9.583805,7.2192554,9.750847,7.7286196,12.973197,9.434815,8.012782,6.098835,9.173996,8.113252,5.944481,5.826126,8.885286,9.10942,9.405123,4.981602,7.4868836,10.126531,12.002517,9.026072,3.7086194,8.03887,6.0313587,7.22222,11.112608,8.87143,9.656587,9.584495,6.8402505,9.429676,13.336534,3.6031072,8.875494,5.4129133,9.428138,8.617586,6.752124,4.387082,7.1681676,10.700837,5.2085476,11.389681,8.782845
2081,9.990782,8.774092,9.71326,11.566039,8.973913,9.731864,7.4255733,7.022359,5.7758765,11.520258,6.706735,9.099845,5.4702253,6.247833,6.352206,8.176365,17.280014,9.816687,10.964382,12.589796,11.109826,9.284331,8.040593,8.794904,5.0761485,9.492769,7.614116,9.983522,6.5963306,7.1124425,7.8046083,10.593851,12.248608,14.234067,8.913948,3.0112743,11.300052,3.0594022,8.792154,5.8582234,9.922912,5.0555224,7.294343,5.4014506,8.393579,12.036971,10.793475,7.104837,10.042101,12.29103,15.483979,5.647409,7.8498206,5.6635323,9.18434,6.8732047,21.737675,10.117594,12.177917,12.90312,15.036111,4.6215997,10.209842,6.4343324,6.894883,10.701247,10.774046,11.728061,12.286293
2082,7.639684,7.3584604,8.009554,10.408509,12.048729,9.845454,9.216295,15.397445,11.460955,5.729887,10.040267,8.690655,7.1271834,8.362479,12.847817,5.3635325,7.6522284,4.7488475,7.694464,13.120766,8.068894,13.305418,10.458909,12.9073925,10.70068,5.438254,9.498225,5.273288,9.815626,11.329204,3.6195967,7.0897694,8.939535,7.9387465,12.808554,7.9248147,9.094648,8.990517,11.342938,7.023409,4.184446,8.480284,5.0491095,13.664476,6.1772504,10.132388,7.6743026,7.2387166,7.742602,9.568678,6.443015,10.420026,11.104435,8.232624,6.4866214,7.0898743,8.414621,7.603412,10.881235,9.568825,12.562464,5.239526,4.6741056,7.229006,10.230016,10.055019,9.551767,16.76418,7.4254055
2083,5.8176556,9.906793,7.3749456,8.186328,10.993188,15.635292,8.439497,11.66062,9.499609,8.482472,14.097079,6.4801784,6.816656,4.2223277,9.852737,8.7235365,15.262474,8.767923,8.733722,12.341136,9.161913,13.751056,7.8200583,6.251541,7.9066906,4.6985474,7.0518107,6.4706807,9.770008,4.2137847,10.710659,8.757667,9.860238,6.4304547,8.042679,13.324252,7.0174785,2.9397368,7.746309,7.8628488,9.232456,6.71831,6.461826,9.755364,6.335787,7.934141,6.3067436,6.973556,7.196363,6.8218336,10.403677,9.324446,13.950522,10.936071,7.433476,4.1288714,4.1446266,6.2272706,4.8114467,11.870487,6.3936543,5.1046066,6.6751375,6.834035,10.96659,4.0901413,9.414885,6.6504292,6.083266
2084,3.3972569,9.235465,9.140398,3.4707267,7.3028646,6.77451,12.906557,12.104492,6.1915693,2.7083244,7.2227116,5.889635,5.7947464,10.535746,10.275986,10.511867,12.273387,7.331332,6.4898305,10.565999,10.412457,5.962577,7.0070286,4.4866567,8.890117,10.492737,5.341683,11.782296,6.1808376,5.656548,7.22732,8.392804,9.702204,3.2674346,7.4764132,9.483062,7.441666,11.056666,21.187532,8.848941,15.61058,4.3791075,4.5743837,11.236659,5.9792466,7.479527,11.459803,9.10287,4.670259,7.4155,9.528566,7.018656,12.783929,8.957573,4.060535,10.354547,10.717415,9.57326,11.992046,5.720458,7.7767577,8.113684,4.3006377,6.446262,11.318359,7.3227744,15.218568,9.001754,11.40595
2085,11.667734,10.562927,3.8381977,12.065044,9.903294,4.726873,6.4596276,14.308095,3.6009398,9.57451,15.609225,7.188161,5.555817,12.67397,3.2096348,8.133484,20.439062,4.734931,4.9123406,5.522891,14.357545,10.691531,7.685148,8.164324,11.349815,9.940463,7.1165795,8.481997,5.7578406,6.879766,6.631941,8.279194,9.9612055,6.9125867,4.559516,7.4012713,5.273539,8.377784,10.6722145,4.5462337,11.745984,10.341512,5.6008162,10.4342165,14.319982,4.765213,7.2558084,5.7714415,7.2145905,9.017905,7.3831773,7.074845,9.59543,7.180411,3.8829026,6.3902664,11.174004,13.693353,3.8972712,6.9775844,12.386421,5.7095423,8.976145,8.704065,10.752429,13.723973,11.449483,12.532122,6.548942
2086,6.989659,7.231303,6.2421045,10.845044,15.37552,4.3832216,5.439362,7.813887,6.940554,12.14231,9.86617,8.2823105,8.034813,5.104099,9.4511175,7.2568283,10.413672,8.5341015,19.023867,15.612697,10.152118,9.186795,4.3880186,10.446229,17.142906,9.171585,4.5655265,12.593416,2.0905526,7.5372415,10.972312,5.7652216,8.856687,4.8467336,6.968884,9.5594845,9.832273,7.561979,6.1970654,8.446305,7.806032,8.030325,11.419539,9.0241,11.176471,9.165463,11.261604,8.063289,6.1642222,2.8778923,10.225901,8.242563,4.9106655,7.438628,7.4854603,10.772292,12.322822,10.410451,5.898604,15.10372,13.392798,5.2784085,9.682197,8.615504,9.661588,9.77541,6.3622947,8.452812,6.0289087
2087,5.3736124,10.399604,7.156295,8.265185,10.325579,14.0231085,6.255715,13.507295,5.150019,5.257186,12.635193,9.451707,5.006392,10.132605,14.36964,5.9387302,9.386894,5.868109,13.322819,9.247459,9.740303,16.070452,5.2960534,8.876769,10.479869,2.6964498,8.641439,6.9033933,6.311147,7.328381,12.691791,7.2565703,7.3360133,9.058925,12.590019,8.568628,4.079809,13.981815,3.5784328,7.273947,4.7529798,8.196296,14.669877,11.417166,7.790872,6.3803625,11.245574,7.0287294,8.319443,9.4649725,7.582533,15.867038,5.6423445,8.026532,12.57069,6.88723,8.829106,7.849232,10.458824,9.390744,8.129583,4.851699,9.226066,4.1709895,6.5256886,4.0918713,7.713324,12.181076,14.888244
2088,2.523613,5.43847,6.307277,13.807356,5.842449,4.679112,7.270649,5.4235015,15.888514,4.905565,8.325798,9.450952,10.197146,18.792616,14.020635,6.6055574,6.4637847,8.97807,6.5358744,8.374647,10.980159,4.372043,14.130445,10.50662,4.8205476,9.767632,8.952333,14.419918,9.493854,10.283995,7.5089893,5.963257,9.338693,5.3347936,3.7440038,10.150555,5.2166595,8.054856,7.7528176,4.1286554,9.300411,7.4019523,8.810727,4.6039653,10.476435,7.991539,6.612377,4.6077957,5.0374656,10.466904,12.687653,6.265364,8.396587,4.85672,9.03305,5.3034034,7.952755,19.477621,7.8910227,8.075846,10.924747,7.006716,11.743125,3.6107802,8.2892065,9.694294,8.068219,8.773683,10.861749
2089,9.452111,11.191968,10.8507595,7.1203513,9.907381,9.539817,8.806979,9.310159,11.327309,12.676212,16.866987,2.5178304,12.517346,10.238354,5.6579084,4.904724,12.015688,6.725175,6.9655566,8.151813,13.808074,9.094321,10.851347,7.290715,14.527076,7.6648636,5.9107523,4.1097164,7.970974,11.213863,12.752834,9.567227,10.656935,7.293433,10.48715,9.013898,7.1111283,7.1341577,10.274176,9.029318,7.813637,11.915808,4.802666,9.232754,11.427659,8.787197,12.474719,9.154759,3.917866,5.133979,10.780846,1.5030342,11.643016,10.795633,4.5747185,4.877016,15.377344,11.678802,9.796523,10.795828,6.218255,6.123271,10.996984,8.32696,10.415588,7.37725,6.913887,8.50221,5.769895
2090,7.048969,9.602258,10.272345,10.472151,8.630594,3.7175608,11.975857,9.241683,14.487094,13.742236,9.335609,4.0076003,9.941244,8.184159,9.6461735,11.533242,9.311224,6.719134,7.5792694,4.7442927,12.656229,12.90688,8.75174,6.862471,3.1331391,5.24764,9.982353,10.323195,6.8939505,10.178513,6.2782784,15.930988,10.854208,7.8685327,3.1782222,4.2548575,7.143537,4.975779,11.98054,4.9684563,8.221849,7.3196588,9.383061,12.375545,12.033871,12.023042,9.894918,10.958108,12.354612,4.9590526,6.8387246,8.496985,5.235089,8.070636,12.468911,8.9126,7.332506,9.359483,13.312694,9.136935,9.089414,6.4139533,14.72977,8.062833,13.074678,11.463243,8.174161,7.1633067,9.780785
2091,9.926256,11.283181,2.7899616,7.506038,5.896698,15.632013,9.213111,10.42697,7.066767,6.7893834,5.836176,8.823433,11.620225,10.33918,8.205499,12.493932,10.643069,5.2371087,7.047325,7.4588556,7.0214524,9.924434,7.154059,14.528486,11.956155,11.961738,13.772047,7.3622375,6.776545,6.123248,5.4653616,2.5080118,9.731743,6.823082,4.132756,8.367098,10.203201,14.224736,4.5899396,5.750274,11.212207,8.611769,12.757153,9.158553,9.314293,8.429638,14.035012,8.571207,10.728319,12.283694,8.147104,6.933237,7.886824,12.032154,11.458822,10.573592,6.5113773,7.3200254,5.9509993,10.940357,13.021547,5.0038056,9.174855,6.4999337,7.171166,14.136393,13.450131,14.995629,10.158664
2092,7.3532453,6.871707,6.307082,5.704166,8.905401,6.6415505,8.027536,11.82963,6.034647,7.3045206,13.164953,8.171481,5.5919895,5.8199363,13.428344,8.408074,13.680906,5.458861,10.940564,12.959011,11.150853,8.413429,9.601968,10.988509,6.4862547,3.7382362,12.242042,5.664507,4.7305336,6.3161035,14.1170225,5.441055,6.201025,3.744603,9.091902,13.287745,8.987027,3.9416556,8.213544,2.9090252,6.822689,8.949399,6.614553,7.1138616,10.0956955,8.254451,12.511883,5.744661,7.757058,8.219572,9.819013,3.8053756,8.383648,12.93733,14.038336,9.8838,10.315863,7.6067686,7.5620227,9.481054,13.183176,5.666168,7.266125,22.118488,15.247283,6.0662026,10.950247,10.892321,15.619182
2093,8.167759,8.614177,7.7368627,15.119824,5.735323,8.306507,5.7457633,8.520916,9.724023,7.2973976,6.254454,8.093725,6.7008843,6.4414935,11.926279,9.219059,4.0136056,10.679539,13.989666,9.572488,5.401561,8.269528,13.404352,10.120967,11.607608,9.289169,9.234485,2.69594,9.9772,7.1087527,10.5653515,3.1690078,7.0665097,5.991921,4.101754,9.834579,7.791207,10.072298,7.692116,4.9809213,8.827564,7.4891543,10.457023,10.406296,6.67978,9.4315195,6.7437515,7.724383,7.2179523,10.964378,5.115651,7.0386925,12.43272,6.681811,4.147969,9.5098505,5.52066,17.812662,13.319089,7.4994946,5.111099,5.5368185,5.8921256,11.819144,9.653082,6.6222625,8.907066,7.020231,15.035683
2094,10.677997,7.002381,7.931511,8.854725,7.1885624,15.638387,10.61095,6.691143,9.977059,11.68087,9.353895,9.800017,12.93762,15.568378,13.72175,4.5719066,5.7733035,8.377458,9.949025,17.677406,11.449536,6.335622,4.089197,8.9499655,12.79235,6.582654,6.560872,6.975907,11.274372,10.738256,7.374929,6.8154807,7.088183,4.475335,12.492987,12.273413,7.0542583,6.9361296,13.432718,8.781563,6.33449,6.3845615,3.4146416,15.421538,4.8112116,6.786744,10.377726,10.731426,9.413616,10.903929,4.938066,12.963365,9.85853,4.935161,5.548536,7.9347925,12.125832,14.390709,11.625478,12.656177,7.8921375,6.3844357,10.311886,6.135656,5.8790894,11.705484,10.897464,7.79705,10.573823
2095,9.732005,5.586152,7.430164,5.092405,7.088282,12.960124,7.604341,15.822951,9.176559,11.979107,6.748749,12.042858,8.520968,6.801573,9.71484,15.004759,8.719445,7.7149816,6.1264386,12.021221,9.460708,5.2125983,7.6587696,7.1989217,15.768602,6.5304794,2.307009,10.17391,12.287934,6.8369064,6.4260607,7.44408,9.873535,4.3348784,12.998321,10.085433,5.275759,9.954237,8.135103,3.142752,9.044731,11.64355,8.930673,12.754112,10.173014,13.324125,14.145684,8.4268,8.064744,8.375881,13.345566,8.72061,7.056523,8.670507,8.452792,9.338045,4.325821,3.4733417,8.980668,9.647242,8.441217,8.022571,8.266351,9.027025,8.848865,5.5165863,9.452916,6.53663,17.87356
2096,5.294809,11.627707,6.871481,8.504341,11.810193,7.246931,7.694044,12.7525835,5.650708,6.013367,8.349759,5.288899,12.070176,9.9302845,12.309064,8.119275,15.867633,3.437902,9.9222355,12.539868,16.793915,6.7079306,3.7231789,7.7099376,5.8093696,9.36179,11.870628,9.238672,7.257725,7.503053,11.930611,9.207808,7.425937,11.391289,10.03236,8.427766,4.342802,8.091427,11.279892,5.099059,11.846535,7.7387285,4.0418043,11.571779,5.852217,10.2922945,13.2369175,7.7526803,4.1378107,9.501325,5.1437387,4.0289264,6.9650984,10.968685,10.929865,12.359903,5.566666,11.852303,4.03678,5.000838,13.296299,5.5966735,7.9784217,5.805967,9.159175,10.36639,3.7010589,11.654588,11.618092
2097,8.822938,12.871965,5.5615845,9.574408,9.0793495,9.897214,12.671714,8.281951,13.6562395,12.47937,8.218499,9.021077,7.855085,14.249948,7.0086417,1.9864281,6.373098,9.907057,10.341571,8.137693,7.2021093,12.161832,9.386622,14.23749,7.925973,4.0671163,5.624347,3.638597,7.5340037,5.3408384,6.419836,7.17981,9.173673,6.562686,3.9280944,5.3885217,12.08209,4.7062593,12.40921,8.325702,7.7520866,1.3207042,9.259044,12.186477,15.11185,9.678468,22.278137,3.688351,3.4329636,9.329307,8.13084,6.271314,9.638405,5.5871487,17.877022,11.365876,8.186631,15.826079,9.313012,6.1055098,14.2731,3.981934,10.073321,9.965774,5.685979,10.684623,11.7072315,7.244635,9.594301
2098,6.592601,5.8691893,13.945254,8.939549,3.642421,12.999429,10.505604,10.633737,6.451622,12.478805,7.1104693,5.7722116,9.904226,6.852028,11.049986,11.430933,13.156869,7.0352197,10.08905,8.7767,3.383465,6.331406,11.252957,6.432256,7.2167478,10.600753,7.536236,7.4501424,4.7381735,5.790707,10.769537,5.2628355,10.397111,2.9589396,5.617244,8.821197,4.7597494,15.676805,11.9416065,5.3135505,8.6775675,4.436994,13.17455,6.7136807,9.324548,8.208781,5.672383,10.940646,7.8654585,8.081426,17.1708,9.239553,7.5104365,3.1156101,7.7148314,8.2492285,6.4421086,12.964002,12.680679,13.39869,22.07044,6.942866,7.8584666,7.7254086,9.320381,5.5240946,9.570232,4.0392675,6.5997777
2099,10.718164,6.74672,5.220126,7.877809,10.019905,6.646008,8.274085,12.836485,10.7322855,8.822115,12.206467,7.0206647,10.006969,9.28829,12.926301,9.355901,12.172496,3.4787853,5.8443146,9.262065,6.0036316,7.4676833,12.460168,8.751504,5.8839498,11.31778,6.974175,4.290491,6.0420446,14.451882,7.729648,8.493095,7.209631,3.2772567,3.9292886,5.049799,12.159349,5.9686503,18.38082,1.2678295,8.575257,10.853543,7.9129157,5.2606945,5.546739,10.928751,8.8420315,4.3693066,9.0091095,9.269463,6.138982,6.317276,9.21089,7.3553867,8.210918,4.160797,7.2262397,13.054747,6.6534815,8.949695,6.0592103,4.494096,6.5950184,5.6325083,13.635021,8.224214,7.162035,10.428314,5.635391
