year,ACCESS1-0_rcp45_r1i1p1-growing_season_lngth,ACCESS1-0_rcp85_r1i1p1-growing_season_lngth,bcc-csm1-1_rcp26_r1i1p1-growing_season_lngth,bcc-csm1-1_rcp45_r1i1p1-growing_season_lngth,bcc-csm1-1_rcp60_r1i1p1-growing_season_lngth,bcc-csm1-1_rcp85_r1i1p1-growing_season_lngth,BNU-ESM_rcp45_r1i1p1-growing_season_lngth,BNU-ESM_rcp85_r1i1p1-growing_season_lngth,CanESM2_rcp26_r1i1p1-growing_season_lngth,CanESM2_rcp45_r1i1p1-growing_season_lngth,CanESM2_rcp85_r1i1p1-growing_season_lngth,CCSM4_rcp26_r1i1p1-growing_season_lngth,CCSM4_rcp45_r1i1p1-growing_season_lngth,CCSM4_rcp60_r1i1p1-growing_season_lngth,CCSM4_rcp85_r1i1p1-growing_season_lngth,CESM1-BGC_rcp45_r1i1p1-growing_season_lngth,CESM1-BGC_rcp85_r1i1p1-growing_season_lngth,CNRM-CM5_rcp45_r1i1p1-growing_season_lngth,CNRM-CM5_rcp85_r1i1p1-growing_season_lngth,CSIRO-Mk3-6-0_rcp26_r1i1p1-growing_season_lngth,CSIRO-Mk3-6-0_rcp45_r1i1p1-growing_season_lngth,CSIRO-Mk3-6-0_rcp85_r1i1p1-growing_season_lngth,GFDL-CM3_rcp26_r1i1p1-growing_season_lngth,GFDL-CM3_rcp60_r1i1p1-growing_season_lngth,GFDL-CM3_rcp85_r1i1p1-growing_season_lngth,GFDL-ESM2G_rcp26_r1i1p1-growing_season_lngth,GFDL-ESM2G_rcp45_r1i1p1-growing_season_lngth,GFDL-ESM2G_rcp60_r1i1p1-growing_season_lngth,GFDL-ESM2G_rcp85_r1i1p1-growing_season_lngth,GFDL-ESM2M_rcp26_r1i1p1-growing_season_lngth,GFDL-ESM2M_rcp45_r1i1p1-growing_season_lngth,GFDL-ESM2M_rcp60_r1i1p1-growing_season_lngth,GFDL-ESM2M_rcp85_r1i1p1-growing_season_lngth,inmcm4_rcp45_r1i1p1-growing_season_lngth,inmcm4_rcp85_r1i1p1-growing_season_lngth,IPSL-CM5A-LR_rcp26_r1i1p1-growing_season_lngth,IPSL-CM5A-LR_rcp45_r1i1p1-growing_season_lngth,IPSL-CM5A-LR_rcp60_r1i1p1-growing_season_lngth,IPSL-CM5A-LR_rcp85_r1i1p1-growing_season_lngth,IPSL-CM5A-MR_rcp26_r1i1p1-growing_season_lngth,IPSL-CM5A-MR_rcp45_r1i1p1-growing_season_lngth,IPSL-CM5A-MR_rcp60_r1i1p1-growing_season_lngth,IPSL-CM5A-MR_rcp85_r1i1p1-growing_season_lngth,MIROC-ESM-CHEM_rcp26_r1i1p1-growing_season_lngth,MIROC-ESM-CHEM_rcp45_r1i1p1-growing_season_lngth,MIROC-ESM-CHEM_rcp60_r1i1p1-growing_season_lngth,MIROC-ESM-CHEM_rcp85_r1i1p1-growing_season_lngth,MIROC-ESM_rcp26_r1i1p1-growing_season_lngth,MIROC-ESM_rcp45_r1i1p1-growing_season_lngth,MIROC-ESM_rcp60_r1i1p1-growing_season_lngth,MIROC-ESM_rcp85_r1i1p1-growing_season_lngth,MIROC5_rcp26_r1i1p1-growing_season_lngth,MIROC5_rcp45_r1i1p1-growing_season_lngth,MIROC5_rcp60_r1i1p1-growing_season_lngth,MIROC5_rcp85_r1i1p1-growing_season_lngth,MPI-ESM-LR_rcp26_r1i1p1-growing_season_lngth,MPI-ESM-LR_rcp45_r1i1p1-growing_season_lngth,MPI-ESM-LR_rcp85_r1i1p1-growing_season_lngth,MPI-ESM-MR_rcp26_r1i1p1-growing_season_lngth,MPI-ESM-MR_rcp45_r1i1p1-growing_season_lngth,MPI-ESM-MR_rcp85_r1i1p1-growing_season_lngth,MRI-CGCM3_rcp26_r1i1p1-growing_season_lngth,MRI-CGCM3_rcp45_r1i1p1-growing_season_lngth,MRI-CGCM3_rcp60_r1i1p1-growing_season_lngth,MRI-CGCM3_rcp85_r1i1p1-growing_season_lngth,NorESM1-M_rcp26_r1i1p1-growing_season_lngth,NorESM1-M_rcp45_r1i1p1-growing_season_lngth,NorESM1-M_rcp60_r1i1p1-growing_season_lngth,NorESM1-M_rcp85_r1i1p1-growing_season_lngth
2006,360.34402,361.07288,364.8651,363.94467,364.33752,354.3318,360.61478,340.4306,355.28754,362.5907,349.84418,351.51184,321.74362,364.65723,364.64932,347.1487,352.76282,360.3961,346.29987,347.97253,350.11078,337.6692,360.41122,358.8432,359.27573,357.86432,365.0,364.90518,365.0,348.17514,361.92453,342.4623,357.65942,362.82465,362.12485,337.42157,330.5553,304.69852,328.58527,317.51492,338.31213,328.9528,320.66202,335.7405,335.9009,333.6876,309.76782,360.08966,355.77097,356.01425,365.0,330.5113,323.49658,347.39224,350.89642,357.2473,364.82294,364.7569,339.95273,309.19577,307.76895,307.7934,349.92886,346.55865,348.75903,349.80872,365.0,364.45724,362.81125
2007,327.21844,341.90997,340.8626,357.4393,352.80618,364.71872,333.68945,310.17734,354.82004,351.62714,346.53506,360.4237,345.90765,350.56226,361.77115,364.06876,355.7098,364.81116,360.12537,331.11612,365.0,304.05838,339.5608,355.66782,352.21713,362.74936,357.42465,345.1981,348.0,360.7861,342.69016,359.9864,356.2794,354.4591,361.77145,361.2651,350.50696,341.86087,363.0556,345.6773,352.53632,353.09552,334.89566,365.0,330.97968,343.83044,347.21896,333.18677,361.9466,332.8598,364.09204,363.82312,320.77695,364.06354,344.17648,348.9839,347.68765,364.83813,355.62253,351.16772,343.65952,341.19275,364.421,349.75995,350.51404,351.82608,361.2733,364.3695,350.2293
2008,366.0,346.2562,331.2546,343.32416,361.49683,355.6458,354.0372,366.0,363.99976,336.91907,358.7553,343.9134,329.63605,346.31625,366.0,349.7631,340.83096,358.9356,351.42593,356.47766,351.12872,356.04236,335.06036,357.5388,359.36154,358.9839,347.5706,347.89355,352.14725,339.38168,307.61795,345.7591,345.45602,366.0,359.17972,351.59122,366.0,332.16046,365.62347,350.24213,345.4173,366.0,357.69476,355.394,330.9773,341.28772,335.46274,353.53052,352.83868,365.27924,357.00342,360.70248,350.3225,317.31168,334.34433,348.91452,366.0,352.44864,365.64853,366.0,360.65106,360.95786,333.2439,329.61588,349.13574,337.43127,347.53934,356.551,348.97467
2009,350.04074,353.68484,327.79343,359.50766,353.80942,356.04788,364.43002,363.52786,363.38107,355.40314,359.401,355.38492,363.516,352.20035,354.49487,352.02536,354.5136,352.50906,332.59634,351.4825,354.73138,347.08878,342.7275,363.4184,365.0,361.46744,346.41635,333.81677,350.78763,364.5684,364.58188,344.63153,345.62057,359.0426,336.5842,364.2949,356.18182,362.37512,355.12686,341.99374,364.30807,336.75952,351.27408,342.59088,356.90298,343.56168,361.4063,365.0,359.26526,352.7749,341.93625,331.07996,364.50095,354.49893,348.8823,364.6898,358.10834,348.50732,351.2953,365.0,344.178,353.5344,360.77795,346.78052,333.46866,362.88828,339.23984,360.4802,342.46362
2010,353.48004,359.49054,360.0082,345.4742,361.74088,350.24393,341.9427,335.86395,346.8737,348.59018,354.91043,345.50433,342.849,365.0,319.7989,358.06122,360.17285,329.84924,364.17725,325.61,364.5549,365.0,364.29825,354.24292,365.0,365.0,332.07596,363.67325,365.0,361.43216,343.09882,322.63394,323.9986,364.52185,346.70175,357.0236,343.9898,351.21838,358.4465,356.8951,364.56262,364.3661,359.61203,311.3518,364.60803,334.5252,356.29773,350.8379,364.71677,360.2037,361.71985,333.2694,364.7977,349.66348,348.79703,357.08908,339.19775,365.0,352.16193,352.14825,360.811,341.96475,330.70636,359.53824,357.4245,349.47485,348.39575,352.49945,315.71414
2011,364.06528,348.2636,324.01837,331.28006,349.9527,305.4623,358.7419,365.0,362.9557,350.22186,335.62747,355.61798,365.0,364.04648,334.485,344.0663,362.87964,355.03418,320.205,340.4768,346.20465,364.66833,365.0,360.98813,350.27786,362.14548,352.00342,338.74884,364.93256,364.09042,362.25916,343.28677,360.13992,358.27856,326.6541,326.68155,339.1024,363.4678,334.3915,362.93362,350.05307,349.87927,308.1159,365.0,335.6898,351.79807,354.13394,356.55527,352.3098,348.27515,364.8191,364.52753,355.29724,360.70703,351.19308,358.4993,364.46564,355.63776,363.8043,363.94846,349.05264,364.9229,364.2228,355.54196,332.00677,341.42114,357.06036,352.6239,365.0
2012,339.9166,346.9267,360.39023,348.1738,330.73044,349.09497,363.2769,346.721,345.56934,349.89322,347.7641,361.0452,341.0223,364.85406,366.0,353.81308,360.76114,365.92206,357.81918,358.2239,338.61832,336.4424,357.18216,360.17145,355.04688,347.8514,347.86584,353.24872,342.04208,349.9083,366.0,314.9098,365.77072,352.08652,358.76968,336.90265,356.2765,364.85556,352.88715,351.49582,355.0339,354.27097,332.20276,360.2327,352.12033,365.94604,350.92715,364.56467,346.3885,360.43152,354.20554,353.4639,303.62027,360.59763,346.6457,365.48938,362.10037,349.42496,360.95477,345.67688,360.64404,348.4589,344.18198,356.0114,345.95016,353.38092,365.67078,365.1639,363.45227
2013,328.38632,348.9651,337.90283,365.0,365.0,354.19562,364.0172,362.77332,349.4762,335.58057,357.8163,365.0,363.68356,363.88965,365.0,347.07294,364.71198,337.93262,351.4491,362.46075,364.48746,345.1196,351.42276,360.98352,364.85162,356.0158,355.05692,358.21,364.17725,348.21536,365.0,340.50473,350.2391,354.0877,361.57114,324.7198,362.54654,334.0638,324.2782,353.03967,344.20743,333.89722,340.7143,348.17807,360.76627,294.37643,338.45734,363.4683,340.97903,345.91238,344.59808,344.78256,328.51404,350.4402,364.84253,357.56378,361.63583,331.00687,365.0,363.23816,351.16397,350.9908,340.9865,352.66803,346.70456,364.5477,364.01538,359.77618,360.2094
2014,352.6166,342.8188,327.57092,365.0,356.5289,345.2427,362.79092,356.37216,354.928,348.71536,353.26062,363.60468,351.40436,357.53818,332.20663,361.22922,338.4154,356.04977,364.03513,351.10605,364.26285,361.35254,356.94516,350.24265,333.47775,351.68372,359.94424,344.91248,357.52795,342.6922,358.4711,324.48816,358.3891,336.87878,303.70172,344.16855,365.0,351.26172,356.91684,349.7814,358.0743,344.9926,359.725,340.78577,355.1629,352.46152,352.62772,349.79147,358.44635,346.19772,357.12134,324.50815,335.23132,345.5549,364.73026,347.96985,363.82434,334.4136,353.98425,364.52307,360.0171,357.02734,353.51083,347.70987,327.13126,328.43896,352.33664,314.428,353.2732
2015,351.76266,364.74298,362.04825,349.76486,351.89355,358.84406,355.82928,349.21802,355.17407,352.6618,344.59866,345.15073,357.7862,363.42572,351.6001,331.19232,347.28427,356.8301,364.51443,341.37302,319.95514,331.557,353.7127,350.8813,343.46768,357.0808,365.0,362.44766,325.3276,342.68466,360.20352,345.2791,354.08508,358.57553,345.80402,357.7054,365.0,344.44208,341.97302,352.7186,350.95123,363.44708,355.16043,349.62106,359.78983,358.34097,353.81393,352.21542,360.79498,350.16483,364.81854,351.10715,352.9223,357.12128,346.41043,306.6422,364.9865,363.90738,329.9867,362.81747,339.95212,344.13864,322.6423,331.2206,348.2689,353.91907,324.6838,321.40125,334.33777
2016,340.16934,351.95914,359.93143,363.56085,334.84875,348.08426,351.06375,353.1697,356.26355,358.55948,353.9211,344.0253,360.7628,352.14084,356.15765,351.12482,357.53186,359.2359,349.9986,341.5387,342.23373,348.5218,344.0252,328.20306,335.77167,353.7104,366.0,347.27048,359.04526,346.6292,357.9503,353.96805,348.1773,341.96875,361.98282,366.0,353.222,354.04938,336.4701,366.0,348.81192,350.18127,324.509,360.94052,346.96945,363.302,361.98822,337.34656,354.61044,349.52167,348.34262,362.52856,365.08414,350.66187,322.78534,347.97458,359.53766,354.9633,345.8547,355.40964,364.97488,353.40237,350.32086,366.0,366.0,352.6509,328.07825,354.8176,355.03842
2017,358.48642,350.5952,361.6282,363.4297,361.59048,363.85342,348.53552,330.831,354.8723,349.84833,336.56747,364.75552,364.85822,362.8021,365.0,338.37128,360.17502,337.52133,350.19873,364.2029,356.42624,353.13705,361.06827,322.00565,364.7842,360.81506,350.20578,349.38474,364.73868,349.47345,364.394,349.7939,363.9401,360.60736,349.4148,345.03693,365.0,349.7551,346.42392,330.7156,364.94727,358.77936,329.4524,363.7699,346.36133,347.12,329.63538,355.79248,354.5033,340.33087,341.7958,342.66504,363.56622,344.0724,362.70328,322.46643,334.5389,360.83664,364.20422,363.8687,361.05798,364.27316,351.26752,346.38245,352.9921,364.08957,322.64392,353.3823,365.0
2018,311.73468,360.19034,346.09537,339.51114,348.6549,340.00824,362.52286,342.65372,362.40738,362.71167,340.5893,365.0,364.9209,353.8695,352.69434,340.59827,361.68045,364.59537,361.95868,365.0,363.19073,358.44354,357.30496,352.23926,353.1464,365.0,328.87875,357.11853,355.18652,343.58438,364.9209,363.82657,356.4494,361.02853,351.731,356.97156,363.30496,358.5459,359.46368,329.98663,325.04587,342.64062,325.33405,363.31073,353.50616,357.0609,362.13406,359.52792,362.60303,351.09506,351.5021,352.801,360.83945,362.74344,344.23795,351.6644,355.59387,365.0,357.8976,353.7762,329.79395,350.12503,351.57227,317.64404,326.78906,356.2994,364.24936,345.35617,356.34207
2019,365.0,362.13168,349.75275,341.63312,353.4537,361.9431,345.8362,358.50452,365.0,344.64594,353.2862,340.70273,356.27505,355.5973,336.06116,362.084,358.0645,309.85803,364.44867,356.1361,332.0847,334.2523,364.62802,356.1537,356.52216,362.17896,353.3231,355.50903,354.29462,357.7979,355.83023,363.6527,354.52625,362.88986,353.8327,359.75394,342.18478,362.89334,354.04175,360.8165,331.0272,364.84177,348.18246,329.42538,350.9213,337.27237,365.0,359.99722,360.09647,356.50223,357.58566,353.7735,364.86258,346.25397,345.43622,350.9187,358.82294,359.60205,361.82812,337.61298,348.51993,345.47443,345.39667,332.76358,342.7341,334.46048,354.72382,361.34824,331.52536
2020,353.55533,332.24045,347.857,335.3677,347.86954,349.54385,349.90958,314.1113,358.9518,362.00385,347.21017,365.4271,366.0,362.21188,366.0,354.5576,366.0,361.30658,364.44623,338.29984,339.3182,365.76562,360.21918,356.564,351.39624,365.98187,353.42593,364.42224,360.70526,365.20422,344.32022,337.3852,353.27917,337.0696,344.793,355.0228,365.6763,362.41895,318.77136,357.49747,364.82077,355.80417,345.3058,366.0,351.2252,363.8614,342.94574,354.26785,330.9532,320.98334,350.70117,364.6385,346.55585,360.34683,334.26715,328.76093,333.29892,334.90408,331.76135,366.0,364.574,349.75397,364.62234,328.01074,341.22614,356.6706,363.62006,347.42352,366.0
2021,338.43533,301.82498,362.19165,334.43295,359.00302,329.1295,334.97098,363.91632,363.46262,359.4591,359.6197,355.6408,361.03793,357.9115,358.0823,308.0228,352.55627,343.26703,347.67584,336.14847,355.14087,349.7696,359.8968,360.18115,343.65985,364.4796,359.06198,341.36575,337.01886,365.0,342.5687,329.39426,364.00192,351.06006,363.25208,365.0,349.97803,348.89124,341.78992,354.08597,340.90643,355.5541,364.73166,356.9398,364.6687,330.37512,350.03647,332.0584,346.84128,347.44827,358.54584,339.0945,363.30402,358.34686,358.06033,355.0,349.71887,319.21512,330.88263,361.75275,365.0,363.4699,340.891,339.35165,365.0,310.86957,339.84125,361.41162,365.0
2022,362.02634,351.72614,332.72202,359.38724,350.93597,362.4966,361.50693,360.03278,346.06744,348.6212,359.12946,345.87622,339.39856,364.82074,345.069,335.3335,350.38528,355.73703,354.1873,315.02878,349.50198,352.55597,357.13077,359.21564,354.63828,355.19415,345.12408,317.41254,348.08807,350.3043,334.81714,332.3286,351.71735,331.5552,354.24765,320.1037,355.92468,344.00665,363.23248,355.86734,347.91827,345.2937,347.9791,353.92456,355.09537,364.40652,348.72327,329.3151,365.0,345.7669,325.8337,364.7529,339.32327,334.24548,346.0649,356.82205,364.71558,321.10577,353.92093,362.29474,350.34897,317.70847,364.82465,345.17847,323.65317,361.04013,351.99072,325.0036,356.30338
2023,343.38855,361.44858,363.37717,345.97873,354.54468,334.37186,351.80777,353.51343,330.1826,357.37576,352.29364,348.00815,359.60455,359.43268,351.19086,314.71246,356.75195,356.73566,341.22043,336.15308,362.48654,358.9736,361.94815,359.50095,363.894,353.56833,354.25137,361.7229,362.27936,353.87033,347.57642,322.4761,348.68878,331.76187,345.47232,339.77576,364.0999,354.6009,352.23505,364.82465,346.15714,362.58948,349.9872,348.5302,353.28345,357.7495,356.9513,353.81244,364.03357,364.7842,355.51584,364.6552,358.8195,353.81976,350.95456,365.0,363.25958,352.49277,351.00842,363.57938,342.1355,333.06488,332.96292,337.30368,348.3352,334.73502,363.3749,346.65988,356.2756
2024,358.70773,360.58633,345.29013,339.13843,347.3011,366.0,353.09412,342.81134,354.55518,343.99615,359.1767,343.46082,366.0,366.0,365.1249,341.77557,353.39587,342.36603,365.26505,345.89853,365.0791,362.5154,329.39658,366.0,343.27182,341.76938,365.50095,360.71902,356.51193,351.7119,346.81116,351.69232,363.47308,364.67532,355.35992,364.9865,360.6357,335.08813,359.44128,354.88004,364.75305,356.82928,341.2279,365.91907,366.0,361.0602,366.0,361.65042,358.77264,348.99036,349.5576,365.81116,360.40604,354.52203,361.9996,345.77576,359.50378,365.74374,365.5483,321.14905,358.51083,348.23892,365.36713,307.32254,359.1738,366.0,364.61157,360.85773,366.0
2025,357.74918,346.0906,356.71033,331.77133,336.87814,359.28735,363.89838,364.25427,355.7363,336.84653,360.4739,354.363,363.01428,352.0,365.0,332.36005,360.81082,362.10306,363.99554,348.15283,349.53857,355.3335,364.77747,364.45724,363.15915,364.64008,358.60004,364.1117,354.96848,351.80588,359.23712,351.59705,356.13013,357.8285,363.86945,364.04037,365.0,362.8285,354.03928,331.46497,357.37604,350.64374,353.12146,360.56354,362.54776,363.4651,364.62234,355.81937,360.97662,357.6176,359.18332,324.37277,340.51477,365.0,311.38385,351.7176,360.08173,365.0,361.63583,363.03674,364.60022,364.27454,364.8921,346.12762,347.63605,362.6708,359.25024,360.40356,364.0323
2026,358.05292,364.9707,333.38794,342.17203,330.1912,350.751,365.0,338.32037,349.98752,354.22635,361.81357,347.42917,332.2627,343.05792,344.17987,349.15012,355.90472,362.6335,356.37238,344.94806,355.72433,344.2814,359.3578,358.73618,344.01834,337.0815,361.0577,326.98386,349.54837,320.27875,344.94504,347.8187,363.3079,359.029,344.30927,363.47388,362.20026,344.89612,335.99985,359.52344,363.57645,365.0,365.0,361.38892,364.187,348.4405,349.4395,364.6875,353.04102,358.79318,344.7995,363.01443,365.0,343.56293,362.74484,349.30838,348.59174,360.99124,365.0,365.0,347.64728,364.4105,357.06238,357.00342,354.32587,365.0,364.18008,360.6249,360.49222
2027,361.4019,363.90543,360.02237,364.8191,363.8707,360.9305,347.89587,361.6317,340.1197,357.00638,357.2705,354.80258,363.7776,361.01367,352.9093,364.73312,349.59143,356.4106,327.38718,353.93488,320.18674,338.0985,341.52896,353.72507,362.0565,365.0,362.18176,347.78833,335.987,353.22617,343.97327,335.642,364.3416,360.8851,351.96713,340.34326,353.51483,360.0227,365.0,365.0,346.12177,343.20837,362.74957,348.34744,358.67358,352.43274,365.0,363.18515,365.0,358.94644,364.18927,364.447,360.06265,357.1219,354.93195,359.97397,331.11633,331.3278,365.0,360.51572,365.0,354.87558,341.0706,338.95175,345.47998,335.57205,350.28134,324.53268,360.782
2028,344.40613,360.61987,353.96185,340.69662,366.0,333.5384,331.26523,347.62292,365.8191,351.3554,364.45767,344.81827,340.29614,348.19934,365.97128,361.17502,349.9501,365.9865,355.78757,331.16605,350.32187,325.15897,366.0,337.02402,346.68497,348.767,357.98355,346.4088,366.0,341.5176,350.16885,349.65152,346.05893,354.72894,354.03107,308.04062,363.30865,363.3622,366.0,333.75284,360.4189,361.02924,340.5896,365.0116,356.99673,349.5467,343.4056,357.48627,351.7997,339.7229,353.47974,353.55722,364.04654,364.89578,344.3956,356.41788,364.7814,358.20654,362.75317,363.07077,356.23074,341.81485,331.2875,306.82272,326.7659,360.44327,365.62775,365.69977,361.19525
2029,364.9865,364.86676,355.84473,346.65607,345.32758,343.14728,363.57516,362.15305,352.57513,354.76367,350.3671,365.0,350.9308,347.83633,352.07477,354.33536,339.32065,355.52475,362.54596,343.00818,365.0,355.6976,362.39145,358.7057,363.109,342.72787,359.05533,364.3089,344.32443,357.6849,354.2578,337.31796,326.28473,352.97614,353.39902,365.0,355.96274,354.9727,355.8846,355.6073,360.34457,350.4449,356.83438,353.00977,354.47272,365.0,361.41492,359.3473,354.53375,346.27463,364.8786,365.0,345.21747,358.61816,364.98334,364.2462,359.9429,342.6869,363.82104,347.72488,348.81357,339.29172,354.76083,350.37363,350.2492,361.65973,361.8931,346.01462,364.76297
2030,359.83228,354.84482,351.6492,333.11923,356.4068,365.0,352.8452,347.4851,344.64362,357.5246,365.0,360.35785,365.0,345.36356,360.92432,353.99084,359.57428,358.71747,358.4303,341.27933,364.15787,363.80692,348.97482,362.28748,362.16998,343.9865,347.65045,364.6037,365.0,335.71146,362.3281,365.0,364.4335,353.87442,364.31998,340.829,353.2658,348.05267,345.80124,341.12183,354.31036,359.43854,356.08997,365.0,365.0,335.673,365.0,364.36206,344.91177,350.99744,364.4432,365.0,358.04388,323.87775,354.15768,365.0,339.85986,362.5818,364.95953,363.4524,358.70218,352.32324,356.58807,344.5655,343.72375,351.41843,365.0,341.27618,354.13535
2031,365.0,364.33463,355.62357,360.51572,359.17227,354.92703,359.33655,311.824,365.0,347.79663,357.089,362.02194,349.80234,360.87964,365.0,298.4358,361.57434,360.49304,362.9865,348.57733,365.0,364.75723,345.07053,359.1397,345.31546,337.02036,363.67368,363.85828,359.51578,331.01965,354.11832,359.78732,362.69534,348.93408,354.3532,356.0171,362.4671,328.90887,339.7291,339.71542,365.0,354.95953,364.7588,346.12698,356.48502,360.49155,365.0,360.4464,359.97452,341.70068,351.85162,360.99374,365.0,344.95682,364.97302,349.72208,353.67154,357.72824,340.57153,360.35663,361.16925,347.61053,364.29123,345.0205,360.7881,338.32938,365.0,364.53217,354.3115
2032,359.38995,352.5264,359.81622,358.52502,348.29776,345.023,363.9865,352.60352,359.7774,365.55124,326.93933,364.10803,351.92697,356.21732,348.16202,362.571,352.50897,365.34317,358.5161,331.14706,350.96866,349.8995,355.65094,363.64273,363.0404,348.41626,343.88385,309.88635,365.75723,362.91525,339.05255,364.1793,359.39142,357.2076,353.93304,366.0,353.31833,346.88446,354.33295,354.95068,357.61304,342.29385,362.13925,366.0,365.78387,347.4449,365.81116,357.41727,365.4174,354.82013,328.35956,364.65884,366.0,365.95953,358.87534,350.0073,343.2717,361.15482,350.74014,343.15536,366.0,338.61304,349.87903,330.2655,366.0,343.30466,363.84534,363.61606,365.8149
2033,358.28116,324.69504,365.0,362.40646,354.64706,362.8565,356.43903,354.41806,335.97327,331.96317,360.74057,362.98663,362.2048,337.24957,347.66367,362.5997,353.1539,354.66406,365.0,360.0213,332.82767,356.2078,359.58643,344.63733,361.88812,364.44025,364.70892,345.46317,364.8786,363.68295,348.599,341.33047,353.89658,333.397,356.92004,357.19583,357.15924,359.0596,363.6765,356.9424,358.1781,350.35364,351.98868,363.49197,362.05658,364.62234,365.0,357.47183,355.2292,341.38443,332.20953,350.34912,363.85492,357.59366,358.18417,334.16577,345.19904,362.1282,365.0,362.13525,363.45032,356.05792,361.4082,344.4118,363.6897,360.23764,347.24637,362.85736,353.27463
2034,334.53116,361.33444,327.08582,344.00467,330.1219,345.05286,359.76724,354.75677,351.08832,356.98636,362.6121,333.98312,363.9141,361.0604,348.37292,364.77878,352.11227,365.0,354.72516,355.00403,356.63412,363.33057,336.1858,347.77197,363.8489,343.36618,365.0,333.29828,354.61002,353.71774,338.34824,341.86758,321.0306,338.40027,342.14627,362.81003,363.16077,313.06177,365.0,365.0,365.0,351.29385,344.08536,358.72498,344.79926,365.0,354.05853,342.7233,362.8468,361.20477,354.68997,359.8181,342.18353,363.94388,355.13965,364.4277,358.9833,363.74533,359.72586,361.36563,359.72574,339.0914,356.1873,315.95898,346.1673,359.7783,353.38553,356.5386,358.72205
2035,299.9544,353.99432,355.33298,344.92212,364.65005,364.09708,349.88098,365.0,360.67505,360.38034,353.74197,362.28424,349.12137,365.0,350.869,314.36612,360.08783,362.7906,364.70328,345.58493,355.84503,355.62723,349.93036,364.6172,337.19427,317.1846,353.09323,361.01385,342.7106,362.98672,349.1281,364.2314,365.0,352.28317,355.31934,335.92535,349.42783,364.61923,364.3668,355.79736,342.8089,334.75934,347.885,364.8794,341.2293,336.53854,364.9865,340.87607,365.0,342.69748,362.9905,339.09064,347.58218,356.0717,364.99985,359.76923,364.04266,337.4552,352.51535,360.45544,354.87872,343.76624,352.4626,364.39792,363.78928,364.91907,359.5053,362.59314,353.88528
2036,366.0,351.39575,360.38965,351.21936,361.3095,357.1063,363.57352,358.39346,347.82745,365.3657,362.4477,365.57336,336.65042,335.0837,362.60077,366.0,348.8262,364.568,364.9104,359.55713,365.65833,365.6898,337.59634,349.35428,362.67654,345.84808,355.08344,366.0,312.76523,365.97302,317.0076,365.6985,336.31012,343.4163,366.0,353.3219,348.97696,366.0,350.03885,349.68573,354.109,361.41333,365.50882,365.52927,360.26337,339.23575,349.1766,366.0,365.14526,366.0,365.73026,366.0,365.83813,339.48166,341.76205,325.38074,364.9082,366.0,366.0,361.8066,352.7441,364.74533,345.03247,365.82617,361.7449,363.16312,359.20667,361.5509,360.84515
2037,348.57263,352.02094,340.09195,365.0,327.06027,348.34647,357.65247,348.0066,338.9934,355.38242,343.92593,341.07928,364.9865,351.8421,365.0,355.1809,345.10126,359.05624,355.14993,363.97452,364.75723,363.75146,305.87186,365.0,352.58264,319.3649,365.0,329.11755,361.99982,363.73755,363.86325,364.14175,364.97302,363.7657,358.91177,346.45312,365.0,364.8921,364.2177,364.64932,350.7546,361.51154,353.90482,365.0,352.5729,364.97302,356.6713,365.0,363.9089,347.02863,364.71912,363.35095,327.1855,349.43982,319.8835,354.32587,362.80582,363.87012,360.1622,359.34128,360.50674,352.6654,364.64932,362.3063,365.0,364.9997,344.30887,363.0,364.91827
2038,293.5103,354.30994,360.43823,358.77924,338.64117,354.75266,364.98334,337.87186,364.35037,363.32785,354.27448,359.6359,362.09103,355.31696,364.42905,365.0,361.42798,364.47052,352.37408,343.19983,361.81296,354.7101,359.1537,361.54352,316.0786,364.81116,359.77283,346.24637,358.0976,364.23926,330.0528,354.6116,356.65198,358.7104,364.3152,327.26343,353.7143,346.0649,354.50592,358.66138,361.3766,336.02194,363.75458,358.7682,365.0,365.0,352.80817,362.58722,364.97302,364.5101,365.0,345.70807,365.0,334.9746,362.06448,365.0,356.8979,348.5435,349.8959,363.7262,364.11337,358.56677,349.2045,350.82687,333.98248,338.4877,360.73376,346.00342,346.51633
2039,365.0,359.9878,361.19775,352.64447,365.0,336.4619,345.55182,363.79654,363.0205,356.7519,364.7775,358.52557,365.0,337.17422,361.49194,360.15704,365.0,364.53073,365.0,347.17325,358.64145,352.136,342.38626,358.94516,356.9366,350.2651,361.6248,357.15817,364.62976,364.84177,364.43396,322.9465,365.0,364.36053,349.93176,357.90002,346.422,359.32196,365.0,365.0,360.8003,363.95084,359.4906,364.0319,356.22885,363.08203,365.0,363.62833,360.05154,359.94843,363.485,360.85208,365.0,345.01935,365.0,359.43967,361.87994,363.97064,356.32617,361.75137,359.85522,360.4927,323.7396,365.0,363.66208,349.79208,345.43442,357.0218,360.24054
2040,351.3564,362.8854,349.9147,340.68964,362.86786,361.9853,361.8371,336.15015,358.03622,366.0,337.6808,363.70782,366.0,315.2662,349.29263,357.94382,359.19452,350.53354,365.41702,356.2827,365.82465,354.33313,358.55463,366.0,366.0,344.5601,345.21793,335.99298,350.46454,360.56927,345.83447,364.17435,335.08307,365.58188,360.95953,356.86172,363.43878,342.41827,360.44638,350.69232,364.9314,344.89496,366.0,353.80838,361.0,361.9839,365.07477,365.99222,335.34818,362.37433,356.44385,366.0,362.2983,360.92923,361.1842,364.31494,344.99796,357.4066,337.16388,343.0,341.92834,345.46378,344.20822,356.48663,348.23022,363.24915,354.64352,365.04037,364.59512
2041,358.40106,340.71793,364.8578,364.3758,365.0,354.61224,365.0,364.80002,348.91635,364.7548,346.79013,350.13132,358.50333,346.18927,365.0,360.66718,347.0276,339.85715,360.03006,364.14972,354.80634,362.65454,326.45032,351.25262,349.4478,365.0,354.6866,315.73404,354.3429,342.1246,360.4088,361.3711,337.8477,352.35297,344.94003,329.6414,360.31146,364.32562,359.67545,362.71884,353.95908,350.5749,334.82864,363.7852,365.0,364.4778,350.42178,348.17416,339.07654,364.6747,364.23154,362.89545,365.0,358.64658,357.35614,346.7337,365.0,354.04703,350.01956,362.10074,361.1961,364.62228,351.45038,328.94724,339.2279,345.01752,347.69205,363.79816,355.14816
2042,323.57135,360.3235,358.75723,362.54434,343.48517,349.99536,353.58844,364.2385,354.2634,351.95938,341.92017,343.68515,362.52747,365.0,365.0,359.3792,362.08887,359.20355,365.0,347.8651,357.64633,356.76984,353.09204,346.24634,364.19058,361.69727,365.0,362.69513,354.34717,351.32367,332.24173,326.51898,335.72845,337.7262,357.09772,359.8629,332.9936,337.03973,333.02756,346.53098,345.85925,350.14908,352.28552,365.0,364.3661,348.0628,345.06332,357.7368,358.72284,365.0,364.70328,342.63098,365.0,357.96838,362.82706,364.6752,364.75632,364.93256,356.18286,353.49997,363.1032,325.61304,342.8337,358.87354,358.26743,356.4337,362.20877,341.76764,362.04813
2043,348.51678,360.62613,364.12167,338.273,364.2447,356.40015,356.21,361.90604,354.22214,364.5414,358.27216,342.70023,365.0,354.53284,363.29807,343.42215,359.98907,355.9992,364.6763,359.1688,357.5244,336.17297,346.44812,365.0,346.9931,347.11392,365.0,342.753,362.3134,350.72592,360.47272,363.1873,338.7805,357.92703,359.6416,365.0,365.0,361.85803,365.0,365.0,357.24487,364.97128,355.06085,344.31885,359.47507,364.47327,353.3484,365.0,361.0262,364.3241,359.8666,365.0,357.59882,361.8699,364.26346,359.45404,358.67108,359.53943,352.97424,364.73392,364.90518,365.0,356.6566,343.94537,364.82465,363.00684,353.14685,363.45914,362.66037
2044,364.92386,366.0,341.51642,358.45575,359.51718,338.81235,366.0,365.70328,352.5754,365.3495,365.73026,360.77615,365.7167,359.95837,339.96075,343.7885,366.0,365.43784,362.9209,339.9378,351.01428,354.55496,362.11282,345.7246,365.07474,338.07803,364.71002,341.39056,341.74545,364.64117,365.24884,357.0514,359.63965,365.73138,364.49237,333.0808,360.51697,365.82465,359.9859,349.41986,338.38828,366.0,362.98843,362.42514,365.00223,362.61874,365.11288,365.1001,330.77704,362.05573,365.4078,365.1388,350.33344,364.3091,349.48557,326.96432,343.69504,343.6251,365.23712,365.81116,365.17227,356.48032,350.6484,341.27563,352.42102,366.0,363.06854,356.47375,340.52335
2045,357.673,360.0553,355.1393,337.95395,350.90652,359.20438,359.9888,364.74988,362.03543,351.35748,357.3069,361.28796,353.82214,341.79285,365.0,364.81116,365.0,365.0,364.91345,356.61682,364.6898,356.0601,337.74667,347.75766,355.36322,354.72946,356.639,359.2916,365.0,351.00955,317.02682,329.08798,296.0848,363.81146,364.53055,360.67432,353.33728,353.6943,364.46762,351.95203,360.48914,357.87225,360.69373,363.3177,357.92145,365.0,365.0,364.293,352.8662,346.175,352.60168,352.89584,365.0,349.53146,356.02618,364.62234,356.69095,351.34094,365.0,365.0,353.29813,345.54584,364.2716,326.28607,365.0,339.70163,355.57098,358.37332,356.00534
2046,360.56946,348.59406,346.90857,340.2465,329.16763,359.7241,363.7996,349.88306,355.49283,360.03955,335.76813,365.0,363.62326,324.74844,358.5046,355.17844,353.5297,362.916,365.0,349.81015,358.3082,352.93585,357.82455,365.0,348.3611,318.4252,360.4846,363.27234,364.4335,347.14124,348.03668,350.77686,364.21817,355.2636,351.87634,365.0,362.91678,356.59082,362.7256,341.773,353.16183,335.11453,360.52808,365.0,352.34695,360.71353,365.0,323.78412,352.78986,365.0,311.49335,348.64246,351.89886,364.2969,364.04956,365.0,362.16147,349.8262,327.25415,357.86307,357.0687,353.9878,345.548,352.10532,348.86127,348.04544,357.25323,345.13507,360.60538
2047,322.87927,352.4675,350.28653,349.35825,355.69388,355.20935,348.4952,359.95767,319.2534,361.46646,354.59137,357.279,355.9577,354.27988,365.0,358.92758,364.3556,347.67514,352.7585,355.07507,349.8337,362.06342,358.2265,364.37888,336.50513,337.2696,343.50684,360.64917,362.02744,343.7804,354.63132,338.3684,350.5195,356.58084,364.57034,350.42706,345.11307,340.22458,361.52905,360.51553,352.94662,357.15756,354.02756,365.0,362.20605,356.1138,354.41428,346.52637,353.97427,361.83994,340.3564,364.62234,355.6311,344.1868,351.2087,347.76373,344.17743,364.60886,363.93005,364.1903,359.69495,329.61877,360.25308,325.4318,339.011,340.68484,328.372,339.52728,364.48746
2048,365.33463,363.261,334.6371,349.46854,365.85162,360.6148,358.97253,340.2543,360.97928,358.69186,350.53265,365.82465,356.373,365.7842,366.0,356.99564,357.13547,365.84924,366.0,365.8651,365.29364,364.36673,355.7665,348.15594,336.19012,365.4467,366.0,355.03183,364.62512,365.32562,330.8735,359.11765,354.58246,332.085,349.9842,346.94016,357.3151,336.25375,352.74695,364.27722,355.36945,338.67517,344.9654,354.79678,365.7704,363.99103,365.71677,351.63022,361.49918,347.98627,366.0,365.9741,348.9233,344.86285,356.63638,358.9171,351.06442,366.0,365.62296,340.19815,347.22247,338.39795,348.05643,359.18503,328.24335,365.61453,359.6825,358.1176,361.0151
2049,349.39392,363.91736,324.98383,321.9846,361.5706,360.00122,358.87512,365.0,359.84824,359.5924,352.78748,340.3272,360.7787,352.44922,364.24844,364.12134,362.30853,344.51736,365.0,348.39056,359.5693,355.93213,358.31516,365.0,363.70258,358.00128,343.28174,361.4374,361.33215,356.9325,364.3975,354.64954,364.3857,357.3011,332.382,364.80002,351.60114,345.59866,362.18433,364.97128,349.73804,350.95538,354.7779,336.1861,365.0,361.13464,357.9275,365.0,364.7464,357.48325,360.82166,355.2899,361.16544,361.95316,362.40814,357.16974,363.8357,364.7012,360.0416,361.08746,333.15088,353.6424,334.83405,351.09195,363.49384,365.0,349.38965,355.92264,357.9939
2050,342.6448,365.0,349.39825,345.63327,358.00342,364.66833,364.47397,365.0,320.02798,350.33545,362.33136,346.52478,354.66397,363.51974,361.29263,362.84534,359.9858,363.73486,359.72726,341.67603,350.6921,364.6125,364.26456,355.67883,358.714,351.50223,349.44366,359.1215,364.63583,344.788,342.79803,347.30536,365.0,359.17175,334.53912,364.52792,364.9865,362.45645,355.15472,364.62234,363.50406,362.11932,346.68088,364.42746,364.11514,360.80405,364.21976,353.16696,364.7605,335.8195,364.91907,355.99054,355.37256,344.82758,357.12024,364.8143,358.53748,365.0,361.01828,362.10193,355.95755,364.5453,360.56253,362.70508,340.46872,307.01328,365.0,356.0127,364.57504
2051,360.10904,345.1529,351.2976,360.26553,350.89172,346.0171,331.37524,324.82672,362.37534,346.02863,353.43564,348.4124,357.68085,365.0,348.81787,352.39417,364.5684,354.91806,364.21603,364.64853,362.4464,358.03604,355.0872,344.49548,362.96307,361.2714,350.48447,352.51443,362.73108,341.25882,350.98007,340.29208,362.28696,361.80014,350.77853,347.78482,360.0158,353.36063,342.39276,336.19513,359.09103,349.2347,356.22647,363.795,346.0171,355.8887,360.96994,364.47513,363.42245,355.91394,365.0,352.5869,362.8507,364.8921,364.9974,356.90897,309.95297,335.2793,361.53958,344.89078,365.0,340.12228,353.95874,323.93253,325.9401,364.27072,356.03766,365.0,365.0
2052,364.3433,366.0,365.4709,355.98547,351.60727,342.27924,363.1536,350.3923,345.5675,341.32004,357.35458,361.59473,359.9562,364.05814,349.0,364.03415,332.69614,364.02203,351.88885,348.03305,365.83813,340.89142,365.82428,365.66992,366.0,356.5508,345.46533,365.829,352.97464,348.54044,361.57736,333.3244,366.0,361.6763,363.82465,348.82886,356.32843,360.27042,366.0,348.70865,361.73184,334.14444,345.51672,366.0,350.5404,360.5691,365.73026,355.49,363.72018,366.0,364.2297,366.0,366.0,364.9933,361.14667,342.555,326.79755,354.27142,346.34644,365.6898,366.0,352.84995,347.93964,359.77692,356.57788,365.57376,359.0205,354.01755,358.3994
2053,337.74374,351.93594,354.16614,331.39996,340.98212,365.0,360.98352,364.67783,356.94495,350.91727,339.16638,363.8223,364.8786,362.43777,365.0,358.65073,336.75632,356.15372,364.8008,336.31378,358.46948,339.25528,361.4113,365.0,360.67828,364.07584,355.57892,364.15027,364.75723,357.6094,358.93115,345.10602,359.1873,338.2243,355.36563,364.97302,350.78604,348.51358,364.25613,351.99908,362.92773,364.1506,339.69476,363.1531,364.6628,354.18466,365.0,365.0,353.5378,348.67087,365.0,349.8231,361.32904,365.0,352.0746,325.62115,360.2189,350.59164,354.9235,360.0957,363.82645,353.26398,362.21442,337.48465,348.7241,364.22385,363.49237,349.49506,362.461
2054,343.6551,363.6936,346.67236,362.98776,348.394,365.0,344.70383,344.91544,360.72537,348.60355,365.0,364.47852,353.22458,364.43283,365.0,365.0,362.10696,365.0,362.9469,355.0147,335.17133,348.26346,312.94003,359.008,364.64264,365.0,349.7366,355.68552,347.78204,364.2517,348.01727,362.0368,363.3951,352.23807,364.58188,364.37946,364.8651,325.94373,361.37912,364.43222,361.2937,352.85632,342.3128,333.85574,365.0,361.961,362.18933,342.65152,365.0,364.84134,355.46277,359.47025,352.8656,352.41083,341.16965,344.63416,365.0,354.6378,364.1566,351.5081,355.44772,364.77072,338.62573,348.26703,365.0,354.74136,365.0,365.0,353.76285
2055,306.79,358.7632,332.17123,356.47394,344.57785,346.1753,351.2828,354.11633,364.4017,357.45032,355.19385,358.96985,362.2648,364.5498,364.75723,365.0,365.0,341.3554,365.0,359.51874,365.0,340.75275,356.77365,358.92075,362.8318,364.95694,364.36713,336.8229,360.04514,320.6505,358.6846,360.88617,361.53998,315.32913,326.62463,355.11032,364.75723,340.19183,336.2123,363.46994,363.16672,364.829,364.70328,344.1423,365.0,363.09106,365.0,360.20944,365.0,356.5312,365.0,360.68826,364.6636,349.49197,355.43805,359.75275,362.5732,360.97644,341.72324,360.73926,360.941,363.06375,340.36066,364.90558,351.05273,355.96426,364.7699,332.89505,364.9948
2056,361.96487,360.41382,362.27527,352.04727,332.17383,351.64606,353.24933,363.68927,366.0,365.51938,348.33456,365.8435,355.217,365.82465,366.0,365.57788,352.78815,360.42502,366.0,364.5805,360.44022,358.29178,366.0,349.59726,366.0,365.2092,365.8786,365.61325,365.6089,346.7963,350.4287,352.06537,361.03003,365.33633,355.6364,331.04102,359.04938,345.94464,365.63657,349.0458,341.03033,341.95065,366.0,365.5901,350.75174,362.85303,366.0,365.36255,353.7609,365.90558,366.0,337.32495,364.8489,359.0291,353.96152,349.15955,348.51944,356.93567,352.1013,366.0,354.60794,364.52902,359.29333,331.17474,358.3531,366.0,348.51706,360.47498,345.41382
2057,362.1148,358.47537,351.23862,357.68222,363.20383,354.4719,365.0,359.49045,345.1999,360.91055,355.80014,355.4015,365.0,363.32812,365.0,350.00336,364.67398,358.14432,360.81116,365.0,320.83926,341.6725,365.0,363.988,365.0,335.99786,322.0303,362.02286,344.68515,349.22656,345.02277,359.93576,351.25964,365.0,365.0,356.9931,364.62717,352.75787,339.02304,357.74265,360.29312,342.49133,364.63583,362.7483,364.19315,363.1229,364.71283,354.79642,345.19363,361.26718,342.75433,354.97626,355.5319,304.88504,359.74057,363.5282,328.42502,365.0,347.19287,358.9116,349.06833,341.36978,356.4205,344.69998,329.8785,364.6628,361.16733,362.07632,355.33838
2058,363.09454,365.0,349.75183,363.6708,365.0,353.07144,359.24918,364.774,358.58612,363.5371,364.83813,355.78403,364.95953,365.0,364.31357,342.74258,361.88663,364.45724,364.9167,359.49426,341.66757,365.0,364.9865,365.0,354.0303,325.68417,357.16354,351.27914,355.29587,353.04297,362.25406,356.66647,341.61227,335.35712,354.26547,344.9228,358.5989,362.2573,364.17874,347.13556,364.82465,350.3608,341.99213,364.96872,359.0355,362.62396,363.62253,351.7732,353.2213,363.01218,364.72864,351.95572,357.32587,360.76096,355.23767,365.0,347.56485,354.80048,346.0811,360.78738,342.90674,349.53836,331.6035,333.64047,331.96075,362.2385,365.0,336.14542,365.0
2059,355.75284,364.79926,353.20248,351.1141,340.9829,365.0,352.0126,364.59454,362.0117,361.08267,361.4669,364.9865,356.3305,364.03992,364.307,357.16138,365.0,364.8651,365.0,354.3612,363.95636,348.96216,361.25098,357.22833,359.37607,360.5257,363.12787,364.48166,364.22476,360.7676,364.70328,348.8173,355.2686,364.89954,357.7008,364.3391,358.3526,365.0,362.7255,361.5386,364.07187,356.44373,365.0,360.54184,365.0,365.0,354.7222,350.75946,357.20547,365.0,358.32925,352.1559,353.56448,365.0,365.0,343.24515,354.48972,351.43262,339.59644,364.00327,362.25046,323.6298,349.47827,354.87573,362.77945,357.86758,344.30383,347.11758,364.89633
2060,343.8559,361.52792,344.76172,366.0,338.25583,366.0,352.0678,366.0,365.81854,357.90085,366.0,335.5948,365.8651,360.31308,365.75723,366.0,366.0,366.0,358.53033,352.34756,337.26242,363.48672,365.29825,365.9865,364.33832,350.15778,365.9879,366.0,363.82175,334.0083,344.40756,349.51846,361.70602,328.19534,363.31415,347.2297,362.18997,362.97598,353.4924,365.7842,365.9865,352.97476,366.0,365.3661,361.76526,365.5012,366.0,364.7073,366.0,347.236,364.9876,365.35214,357.7652,350.5482,359.7215,365.32562,356.63678,360.3599,358.46622,357.35208,348.32468,366.0,348.71393,365.2177,332.02972,363.6481,357.96194,365.99985,363.46085
2061,357.79846,357.2054,339.43964,364.7759,337.3456,353.4777,353.61975,347.74573,331.8589,356.54614,364.83813,315.40652,354.98962,365.0,348.87402,363.42224,362.46906,365.0,362.89694,334.33652,346.09988,365.0,361.88272,361.5521,364.32562,352.56808,354.4075,354.9445,351.43805,359.2625,339.85577,363.71097,356.5541,342.653,362.18607,364.9865,365.0,328.46545,365.0,320.87955,365.0,349.4778,356.2283,355.52164,364.33664,346.80292,362.79294,352.7036,359.39203,364.76297,365.0,364.9865,363.0493,364.12653,365.0,346.70715,365.0,343.60297,331.90363,363.83813,364.2066,342.49606,354.11423,355.75192,365.0,364.74997,360.55942,363.15967,364.93668
2062,356.9545,363.6012,348.74353,356.8672,348.91104,356.2651,364.7645,360.0,349.31113,357.65326,351.30032,347.55893,348.38315,351.0301,364.90955,356.6703,365.0,364.62234,365.0,364.99985,359.62778,359.43536,360.55392,359.0,354.4723,360.67453,365.0,362.94766,359.65564,359.0717,363.11237,353.22894,330.2285,359.30896,364.7137,353.66,347.51318,359.05197,364.91446,365.0,352.6447,348.2076,349.3323,343.9504,358.91653,349.02454,360.0498,365.0,355.0,361.46448,359.63733,365.0,362.63266,363.0198,365.0,351.583,328.39148,360.34357,332.13693,358.39157,364.83813,328.57666,354.4976,341.09244,365.0,365.0,365.0,363.1916,361.31055
2063,356.69348,360.0,356.45932,364.9715,363.56885,341.9657,358.84482,363.00778,348.59445,360.23343,360.44205,360.31094,356.82828,364.35007,363.99466,354.1066,354.99902,362.5022,364.36594,364.6763,364.87256,361.0852,363.00342,364.52637,364.9145,348.96,352.60318,327.91696,364.9842,345.28223,335.7679,364.383,356.71262,360.54303,363.7702,365.0,365.0,363.48373,328.87253,354.9609,348.05783,363.82718,363.84247,365.0,364.48022,365.0,352.03098,357.85275,364.8786,344.73218,365.0,363.80136,364.41336,343.0,365.0,328.34555,333.54645,358.83005,337.0892,341.99283,364.71677,350.65195,336.58414,335.3179,356.67487,363.11093,364.62234,353.54437,360.57828
2064,365.24844,359.52777,359.10403,365.4765,358.1655,365.75723,364.38623,366.0,362.3758,359.40442,362.53394,363.55212,365.38956,361.46796,365.65237,345.79633,364.59244,359.35004,366.0,354.98615,365.52792,358.9374,366.0,326.6085,362.23862,321.38235,365.71173,365.32562,358.96933,346.97107,356.9638,352.2907,355.637,358.95233,360.4043,365.66107,354.276,338.30035,365.45163,341.39862,356.35846,352.0047,345.5308,356.04578,366.0,364.70428,366.0,354.18823,365.94604,364.14426,366.0,358.51138,357.44272,366.0,365.77728,358.09927,359.49963,362.5636,365.29724,366.0,366.0,357.48322,349.54773,344.6164,347.81677,343.85773,365.73026,365.89868,366.0
2065,364.921,365.0,362.48492,348.24823,353.25064,359.84915,363.6278,350.95367,353.00104,361.9179,356.99155,354.19254,358.94727,365.0,363.21024,362.51245,351.99185,355.9306,365.0,361.19348,350.02634,363.45343,355.0448,356.03915,359.83813,335.2017,348.09747,335.7842,364.1292,357.06818,358.2233,339.47903,362.83905,360.8907,360.2313,351.1674,365.0,346.99466,350.25357,353.3194,348.54297,354.81094,359.73068,360.7453,364.921,364.07034,365.0,364.921,363.56577,354.935,364.71677,357.75098,359.6935,350.54636,362.78452,323.9865,362.2799,358.8996,364.28516,364.83813,364.0882,357.24496,357.11227,364.4593,360.98328,352.42416,365.0,326.11575,345.6083
2066,364.42627,364.8278,356.5598,364.1668,358.7429,364.61923,358.45517,362.39645,364.5549,351.35196,350.52377,350.92407,351.44525,354.75992,364.6898,349.45966,364.9368,365.0,359.86218,359.19272,364.51773,357.5187,359.6805,357.16058,365.0,362.41534,359.7567,360.9235,339.72467,348.36694,312.02362,364.63583,364.954,351.12625,361.09207,352.92133,356.97885,350.37842,365.0,343.1463,337.269,364.9865,362.03046,360.21252,363.82684,354.73373,364.20074,362.68817,346.7541,363.91452,359.65094,359.6541,365.0,362.08694,355.87924,358.52866,359.955,365.0,335.99075,362.88776,362.65488,355.1829,354.1326,365.0,340.03107,363.13943,346.41504,327.97748,365.0
2067,361.05002,363.04578,353.013,342.15295,364.97272,365.0,365.0,364.8191,350.50226,328.97852,353.5551,365.0,351.66837,356.86993,357.60834,359.01703,357.71704,340.75482,347.16138,354.06085,364.83813,365.0,365.0,355.0207,360.0,353.80466,361.51514,340.48944,347.99384,341.09344,354.45966,349.81628,347.9582,364.48746,346.23434,354.0568,345.52408,355.92737,365.0,356.12808,363.97086,364.8921,365.0,364.93256,364.74988,356.75412,365.0,360.8633,362.0,354.46558,355.09164,364.16046,365.0,364.72223,338.75824,310.4043,364.45724,358.99915,343.48633,361.20096,337.64783,363.3844,336.4851,363.8867,357.369,317.37296,361.1278,363.7681,355.38132
2068,354.4228,365.82617,332.74396,342.39267,356.48608,350.89914,337.35562,363.86746,350.76538,349.02014,366.0,322.17166,357.99036,352.82718,366.0,339.9595,358.19244,337.10535,366.0,364.15033,357.80582,350.71582,364.75455,366.0,366.0,364.82153,338.87354,361.2408,363.83893,349.88507,365.04236,357.04996,365.06274,354.81366,353.51007,347.49667,365.09714,365.8786,357.98187,352.77567,360.6771,333.88995,362.71295,337.07867,356.38297,355.31992,366.0,358.43774,364.91876,344.53244,363.7377,364.6809,366.0,366.0,364.55658,343.29248,339.53162,343.36472,363.4064,365.9229,365.9209,366.0,346.82214,356.77054,360.765,356.3563,357.86264,366.0,341.48636
2069,364.29086,365.0,345.9321,359.317,348.23166,356.81857,352.92935,360.37326,354.56284,365.0,364.8786,353.88757,339.7354,365.0,356.85367,336.06372,362.98502,363.06598,365.0,363.97324,352.4572,356.34232,363.437,361.82587,358.58905,359.44037,362.5532,330.07217,355.4177,314.08618,364.23676,362.90338,347.71848,360.6978,365.0,352.1052,365.0,365.0,349.75946,360.703,353.23224,334.24594,365.0,363.39313,360.0171,357.3456,359.66623,355.55493,353.16245,365.0,364.67838,354.10574,360.0522,365.0,365.0,356.0224,364.8651,364.9865,338.0044,356.02457,365.0,351.3642,359.7364,353.9942,326.23544,353.7621,358.82135,365.0,365.0
2070,365.0,364.9865,333.58606,339.33862,352.3413,339.65643,344.54883,365.0,363.4313,351.0615,358.02115,345.7086,355.53766,365.0,364.92737,359.32864,358.06558,362.89566,365.0,331.7389,359.77988,359.15897,355.31366,364.70923,359.0,352.94513,335.98514,358.86935,345.127,364.97217,346.8616,365.0,362.22913,346.00952,363.58777,338.23776,361.73138,359.85587,365.0,337.9589,362.42078,349.83902,363.65707,355.17078,364.42514,355.1141,364.42117,365.0,355.8274,355.09778,365.0,363.22815,358.35745,358.12604,365.0,353.07236,334.94336,365.0,362.9286,361.78763,362.77164,359.7801,355.3185,356.1239,363.4084,335.0672,355.44705,328.12653,364.93256
2071,364.20422,364.57788,337.3372,361.96774,345.32996,359.28888,364.41132,355.28296,353.36044,362.9414,363.2895,347.19443,358.44025,349.99234,365.0,364.77072,348.0148,365.0,365.0,364.27942,356.0401,342.24872,361.4917,363.16537,363.84302,357.91138,357.00955,365.0,348.21582,340.81903,361.66373,364.74374,352.67178,355.39035,363.91135,344.5724,364.70328,357.90335,357.9865,342.45956,354.88022,328.08902,365.0,363.6782,360.74036,365.0,365.0,337.62985,365.0,364.84198,357.00055,364.53156,353.2445,347.5198,365.0,345.143,350.33878,365.0,364.72812,363.85254,365.0,365.0,325.14526,364.05823,364.447,362.79755,339.5445,347.03452,350.8316
2072,364.73413,361.15765,359.91934,364.37775,352.62714,357.50742,364.56177,358.11816,363.85617,351.224,353.98322,357.5318,360.62863,344.05493,366.0,345.346,365.63583,366.0,365.97302,358.77747,365.8794,365.3631,364.66028,355.33636,364.62048,326.3523,359.46277,310.35196,366.0,365.75604,365.8921,363.96637,362.5265,333.41772,343.83426,353.92624,361.75177,365.48154,366.0,364.0004,320.21838,339.3716,356.93582,366.0,366.0,361.10922,366.0,355.4918,364.31232,359.86676,365.6898,365.4271,351.28305,363.43423,364.18823,353.2978,363.76025,363.6307,354.82172,362.38162,366.0,366.0,343.3918,361.77274,353.66602,328.17056,361.86252,366.0,365.14542
2073,364.66833,364.15836,343.30228,360.3894,351.7876,354.35776,360.13937,363.65292,355.03,360.60834,364.36298,364.1604,355.7622,359.2507,357.502,331.4511,364.63504,365.0,365.0,343.65698,365.0,358.22382,363.24677,355.195,361.35916,365.0,361.4405,362.6068,359.57794,345.56055,363.96735,346.00003,364.83334,362.42627,364.75723,339.01767,358.1073,351.06592,360.4437,365.0,351.1382,361.18665,365.0,361.20346,365.0,364.9368,365.0,361.16782,359.9521,362.99335,365.0,364.44376,365.0,364.79477,356.6636,355.656,362.20496,365.0,361.7395,365.0,364.66934,361.97656,357.0718,363.80966,364.8786,323.9948,333.02945,361.7872,363.38742
2074,365.0,364.36496,334.19434,356.2235,360.4265,365.0,341.5218,361.83353,357.50833,356.91153,364.87164,356.16177,342.27295,364.56323,363.3881,363.4586,352.74762,359.0336,363.74893,359.69016,348.5653,353.44412,364.9209,364.3662,365.0,353.07007,356.86462,358.74118,358.8446,345.86517,364.58188,357.49783,360.9865,344.05048,358.13336,364.06693,365.0,361.4347,358.6024,364.2859,342.70703,365.0,358.7215,353.9531,353.264,363.77182,364.15814,365.0,359.53625,360.3473,359.71292,360.82697,334.89703,340.91156,365.0,322.41364,340.7094,340.70557,323.46872,364.08282,365.0,315.58633,351.9917,349.91284,360.4182,365.0,360.28073,364.438,354.1795
2075,347.9865,356.6529,356.35007,364.5509,333.12088,365.0,362.08786,365.0,349.05603,365.0,364.78702,360.42133,357.14697,365.0,363.61887,364.6541,365.0,365.0,364.4529,364.74298,360.5059,355.42535,364.79498,365.0,350.9874,363.88947,365.0,362.34653,329.69473,354.15668,360.16733,365.0,365.0,348.3296,360.38522,359.70285,363.82724,363.6191,360.01367,347.84732,353.99493,341.25565,365.0,365.0,365.0,365.0,365.0,365.0,350.57446,362.39615,363.62085,365.0,364.39694,365.0,364.45508,349.81607,356.72684,365.0,327.26532,352.04102,353.3726,364.74374,356.2401,353.06482,365.0,360.06668,347.20178,359.97464,364.30826
2076,364.2771,365.91907,357.28162,329.57776,360.08215,361.3492,366.0,365.69522,355.47086,348.46353,364.11392,350.77908,365.6763,365.97302,361.33752,339.4076,365.43497,344.93225,363.89783,358.312,363.55823,366.0,353.29095,358.99503,361.05524,351.57672,346.44012,347.86346,337.76096,364.12424,357.67126,364.9142,342.22815,341.41592,365.70004,366.0,366.0,365.86237,366.0,346.3478,358.0,347.92773,366.0,353.22513,361.97327,366.0,366.0,350.4428,354.7581,345.31754,365.82465,366.0,346.9038,365.50955,365.94434,365.60196,339.3246,356.0025,366.0,364.5661,349.75656,345.69016,352.9907,349.66287,352.048,360.1629,365.09933,335.93716,363.5141
2077,346.66705,365.0,355.03418,363.1269,351.58188,341.28174,365.0,360.1605,365.0,360.8104,359.99042,359.17737,354.27686,355.15295,359.03683,360.6841,363.03415,365.0,365.0,358.99225,359.8052,364.0735,358.2004,352.094,365.0,365.0,362.37772,353.9156,364.69162,352.1631,361.56094,361.23068,343.33813,359.77676,355.9933,362.30115,365.0,340.57275,358.651,351.74313,364.2959,342.36368,365.0,359.61087,364.23428,362.57385,364.67188,346.5676,365.0,355.52957,355.63214,364.447,365.0,362.26154,356.72702,343.96387,357.2015,347.8552,323.08792,365.0,360.409,353.82568,363.90634,356.66446,348.9901,346.43454,351.59888,358.9865,365.0
2078,365.0,358.68143,363.00684,353.4778,360.49518,360.4556,362.53683,365.0,353.39697,360.18167,365.0,359.35184,363.91086,365.0,349.94604,349.53995,358.94113,365.0,354.36542,364.4271,343.3303,359.9279,347.75983,364.65005,360.15002,362.1421,346.7189,361.21558,338.96545,347.764,361.11685,331.87827,364.9865,364.85303,363.45825,364.9865,330.59213,344.93954,364.51498,364.4335,364.57913,362.60614,356.88086,350.3504,358.31335,365.0,365.0,350.81232,364.82465,361.01367,365.0,364.98102,365.0,361.67715,365.0,323.54373,365.0,365.0,283.7241,365.0,343.29758,364.97302,352.5988,359.08896,340.99353,365.0,365.0,362.64627,365.0
2079,364.50406,354.26755,340.5738,361.1675,349.1819,350.83807,363.1853,365.0,364.84198,351.63214,364.8921,365.0,354.5114,365.0,356.11588,359.0881,364.83813,360.1729,361.69797,364.0621,340.71072,358.6716,353.66772,364.89633,360.29706,344.66888,364.39078,365.0,355.78076,337.6624,333.7656,365.0,365.0,352.8625,365.0,363.43015,360.32956,363.32254,360.88928,348.25198,353.1308,365.0,357.11353,364.94287,364.40845,358.47443,365.0,347.17252,358.91492,351.46216,365.0,354.32053,359.25073,362.05865,365.0,362.26523,361.76364,364.23547,352.09836,358.7908,363.29584,341.76877,360.53397,365.0,363.01047,356.02066,358.81665,365.0,364.63583
2080,365.5624,366.0,339.28412,344.26053,362.55115,361.01834,364.24884,366.0,359.56238,355.62387,363.3517,366.0,366.0,364.43304,354.83954,366.0,365.0171,365.88162,366.0,366.0,354.27826,366.0,361.12198,363.35272,349.05807,351.92703,362.09576,365.40997,356.7432,328.00623,350.43265,356.10736,366.0,352.89304,365.78336,364.4772,362.3305,348.796,360.72336,338.08606,353.73752,359.52234,359.75757,363.7877,357.801,366.0,363.57745,362.16245,365.7167,365.9865,362.63132,365.77072,350.5555,359.79416,365.83484,348.0817,345.62973,366.0,343.73004,363.1912,366.0,366.0,328.67706,353.4822,361.5917,330.3024,362.00018,366.0,360.5664
2081,364.50095,356.8651,354.57718,361.78702,365.0,363.77765,365.0,358.66708,365.0,362.69202,363.15414,357.80878,358.39642,344.60452,365.0,360.08804,363.0205,364.33954,364.39642,364.9865,354.95447,362.03568,363.50024,365.0,365.0,365.0,359.82217,362.54807,364.60837,355.1638,364.97302,364.9368,365.0,328.78116,365.0,363.4506,362.78122,347.8195,363.92773,364.30618,358.8309,356.109,365.0,364.99762,364.71558,355.56763,365.0,358.91907,354.33383,364.48895,365.0,320.1559,361.75006,363.74936,364.90558,331.68793,333.33752,364.8786,353.33304,364.5975,364.30096,364.76447,347.44705,361.22205,351.95438,365.0,317.31418,364.71906,362.98065
2082,364.62234,355.0294,339.87534,360.12762,363.49603,364.7946,355.35986,365.0,364.51743,362.4044,356.80447,363.05432,365.0,351.49628,359.82864,352.85208,365.0,365.0,365.0,351.86816,362.42697,362.36523,365.0,362.0871,365.0,352.57016,362.9829,354.02817,365.0,346.80856,362.9058,360.96347,363.44955,331.60748,358.26575,350.4899,358.6893,349.87885,364.66895,344.3337,365.0,356.24802,340.1039,364.74374,360.65714,364.84924,365.0,344.5326,365.0,365.0,363.5359,362.64844,355.66266,358.9225,364.95953,357.62866,364.6898,358.77237,336.5151,361.17813,343.0529,364.42883,358.50574,364.29706,357.01385,355.1247,323.71542,352.78473,361.40152
2083,361.23334,360.42645,361.98038,341.85825,342.53476,355.9829,364.97302,364.70712,362.9452,365.0,364.3368,340.19415,363.00684,361.50098,365.0,364.28894,363.57782,356.69385,365.0,329.2515,362.89282,362.93735,327.36328,354.6056,364.85162,365.0,347.6687,345.22925,365.0,344.6137,365.0,344.4547,359.57404,359.63702,346.7821,345.09265,353.34952,364.50095,365.0,353.94705,365.0,365.0,364.88284,358.339,361.88718,364.75604,362.19598,359.94604,361.6523,365.0,357.78915,361.9147,362.69846,357.3365,365.0,362.95355,364.73138,364.57324,329.38333,358.53384,365.0,364.65167,364.01215,338.986,356.0118,354.94086,342.98148,365.0,364.6777
2084,347.0158,363.37875,350.05023,361.6643,347.04526,366.0,365.40237,364.88202,363.21722,366.0,355.10764,334.34763,366.0,366.0,364.71814,364.402,353.12552,353.31033,366.0,344.11386,365.6628,354.0298,361.83072,336.82434,360.09897,353.97925,358.68726,350.0599,357.22287,342.30225,334.60928,352.85883,358.61,360.36002,356.68378,347.3422,335.18616,358.009,352.4824,355.12326,339.2522,365.47107,360.9229,366.0,350.9068,366.0,366.0,366.0,343.4797,357.2929,366.0,366.0,357.99896,366.0,366.0,346.98343,346.88425,366.0,366.0,362.88635,365.7977,326.2867,348.07495,344.28903,352.75598,357.73444,359.9758,360.42133,365.83575
2085,348.68784,365.0,361.54752,364.42,342.29373,365.0,362.80075,364.11517,348.8979,350.18884,361.84448,365.0,346.05173,341.64362,365.0,352.42203,359.57214,353.56805,365.0,363.79538,359.23303,363.23676,365.0,344.38196,365.0,331.12744,358.00226,365.0,361.8032,347.11426,344.13208,365.0,360.2466,356.82468,358.66666,365.0,328.6204,359.2803,365.0,354.7681,347.56427,347.36484,361.1488,365.0,360.78357,360.01947,358.29587,362.56186,358.8324,354.88272,364.12485,365.0,364.67136,333.4075,364.4886,361.20407,360.52295,365.0,338.30283,356.82648,364.14127,353.04443,352.02148,331.59302,359.8763,346.42584,353.22443,338.41898,365.0
2086,362.7771,365.0,357.50705,363.66986,353.85284,355.5199,343.923,360.73315,354.16107,360.00046,363.00684,350.0365,340.44772,352.80753,361.53455,364.40262,361.00342,364.90955,365.0,336.47223,364.41736,365.0,365.0,357.1567,342.375,337.98547,338.83698,365.0,365.0,361.62332,326.276,349.3567,351.78082,353.9226,363.74362,358.8626,364.67706,364.2447,361.62234,352.942,364.64932,364.9344,361.6128,354.58353,359.9249,363.16077,364.79498,357.7792,363.22095,364.68747,365.0,350.7005,323.0706,359.07944,357.68494,357.70715,363.36362,365.0,349.4269,364.447,364.217,353.72873,357.0568,356.83707,365.0,347.12637,365.0,365.0,364.88284
2087,353.79062,358.15106,343.13293,357.71497,348.93695,365.0,365.0,364.82428,362.8144,362.53336,343.37683,362.73758,345.4463,362.2138,365.0,353.23557,364.28345,363.27725,364.96838,345.79196,355.9379,353.01108,352.1502,346.41974,355.8418,326.66623,365.0,333.5598,359.6541,326.1825,360.4382,363.23618,364.24588,340.70154,356.0205,353.5544,352.9797,357.07596,365.0,353.9485,354.56763,361.4766,364.10822,356.6526,364.8717,360.05524,364.7657,354.8129,362.81802,365.0,365.0,364.3668,363.3524,358.57022,350.37958,363.77744,336.53476,364.62234,362.6055,344.02008,364.57788,352.28015,353.27637,361.6031,358.30698,346.79297,363.88947,365.0,361.34308
2088,352.77618,363.40536,350.76624,365.3524,350.42697,366.0,358.1414,364.57495,351.4364,355.55148,366.0,344.88275,324.55627,346.96292,365.70328,359.4982,354.66006,366.0,359.0206,366.0,364.93222,366.0,358.07745,365.8191,365.86935,359.82236,363.86255,360.66794,365.466,352.69775,366.0,366.0,365.37988,353.0962,363.59555,363.8142,361.00912,306.49274,337.28214,350.83392,353.0787,344.25558,356.70715,364.9035,346.7795,366.0,366.0,351.51483,362.80862,365.61206,360.51352,364.57086,366.0,366.0,364.8657,365.1414,361.8292,364.99884,360.98993,339.63312,366.0,338.0122,353.44345,365.26776,358.22415,365.2514,365.25378,366.0,366.0
2089,358.79498,361.48636,350.01724,345.51758,354.82443,365.0,359.39868,365.0,356.744,342.99036,356.15802,360.45242,357.64413,365.0,347.1418,364.9865,365.0,340.42377,364.9957,337.19574,364.77072,365.0,365.0,364.90558,365.0,336.72092,365.0,355.88858,339.98364,364.36145,364.6628,355.29263,355.42465,359.3111,350.60773,340.32574,353.01044,346.38657,363.14798,345.40826,363.67648,344.94257,359.38483,351.35953,358.09537,364.18588,365.0,356.98557,355.99817,353.60712,363.9806,365.0,365.0,356.8085,361.73593,364.79907,349.54358,347.0673,365.0,355.00613,365.0,332.9377,352.99335,364.6763,359.4913,352.533,364.42755,363.6907,364.85355
2090,364.44064,365.0,358.65433,359.31226,359.6965,354.58386,363.85773,364.55844,326.58545,363.49692,362.92075,351.80865,360.4531,363.15405,365.0,356.94196,353.60803,365.0,361.0426,360.9247,360.0119,364.52844,346.17734,354.85004,364.7842,361.6722,329.51648,360.10678,364.52533,360.29135,323.7516,365.0,361.4123,345.65338,365.0,346.50174,346.15393,342.02197,355.52185,355.81268,364.90558,357.16748,362.2934,364.3065,365.0,364.71457,365.0,363.72418,361.92255,355.87463,358.18085,355.73605,362.5272,359.242,365.0,358.455,338.69717,365.0,364.12784,359.36398,360.1676,364.49435,346.31204,365.0,363.9022,365.0,346.80948,356.3595,365.0
2091,345.07184,364.85162,348.4639,350.32626,352.55396,364.50095,352.34906,359.6279,349.77414,347.5016,363.97424,352.40677,363.77188,364.60886,365.0,361.41727,339.79584,365.0,357.94693,365.0,327.3832,362.0044,364.9865,359.84937,365.0,304.61426,364.9865,358.89725,347.31546,350.7067,357.51184,356.6065,364.5549,356.27444,360.19473,356.40906,308.7327,351.88162,365.0,356.7406,352.63168,346.5711,365.0,360.37558,365.0,365.0,362.8536,362.58527,359.20456,365.0,353.03558,362.20575,361.6699,346.29272,364.74557,357.48038,359.9526,357.86774,352.93848,358.29578,364.7958,357.43222,337.44754,364.36285,365.0,365.0,364.70712,360.98782,363.12122
2092,364.41824,365.58536,304.26242,358.8382,362.9802,365.7842,352.24872,363.94122,353.54794,358.1231,366.0,366.0,364.54022,356.1485,365.77545,366.0,360.0,361.92822,366.0,359.7869,344.73868,364.0363,364.12488,364.45206,358.40323,364.65027,365.57336,358.29153,365.77505,365.45724,354.9111,363.65347,366.0,362.36212,353.57684,316.44568,366.0,365.24197,365.921,343.544,330.16132,337.82013,366.0,344.982,365.15814,365.75604,366.0,357.01996,363.91818,366.0,365.91907,360.937,355.7266,366.0,366.0,356.67212,365.64163,366.0,360.6897,360.76126,365.51364,351.91504,340.89883,344.96298,348.06152,362.35986,364.80063,358.94354,366.0
2093,364.9865,364.56287,339.26138,352.33804,364.99866,364.46048,359.9865,365.0,351.06134,359.64172,363.5222,358.25967,342.40558,361.59714,363.52945,364.94604,365.0,355.21036,365.0,351.11438,364.15292,365.0,339.38004,351.78778,361.99445,363.46365,347.8136,351.07794,365.0,365.0,365.0,357.8095,362.90915,364.73026,360.77118,331.00327,365.0,364.74374,363.80997,348.00204,361.73666,365.0,355.57712,356.74292,364.91907,365.0,365.0,365.0,365.0,348.74466,364.9344,360.50793,365.0,349.82318,365.0,365.0,364.67078,365.0,352.90726,358.26938,345.59665,361.42664,362.3822,344.39633,360.6296,350.36105,364.54175,364.45218,365.0
2094,363.4884,362.49036,355.98508,337.09604,357.19153,364.75684,365.0,365.0,360.41248,364.52762,365.0,351.3387,356.59824,364.9865,363.20523,356.96033,359.45853,350.4531,365.0,350.6869,365.0,365.0,365.0,360.93417,362.15427,360.51685,354.76096,355.18442,364.54135,355.55304,341.3899,364.5717,349.44043,361.6588,363.60037,357.07944,351.64972,360.309,363.06415,340.6946,365.0,343.34125,358.99036,355.80386,364.28284,365.0,365.0,355.81955,359.5234,365.0,365.0,365.0,365.0,365.0,358.47134,363.7958,337.71994,365.0,362.73126,364.79907,365.0,340.15604,348.1444,355.28384,360.8661,365.0,359.27045,363.03885,364.4094
2095,360.0,365.0,317.57355,364.5691,359.03094,359.57352,357.3482,363.81635,332.17444,364.82617,365.0,364.43314,364.6628,357.53918,365.0,360.97778,359.94138,363.378,364.8786,350.34482,342.00357,362.86404,364.46048,358.56772,365.0,339.9379,365.0,344.03616,359.70975,364.9865,337.15637,347.81323,364.83813,344.0284,359.837,341.15283,346.53613,365.0,363.70682,343.76474,361.0744,357.2466,364.5549,351.38635,359.10992,365.0,365.0,356.21167,364.38492,364.27075,365.0,353.61615,357.16135,364.93256,365.0,350.81674,365.0,317.5521,344.51773,361.21268,365.0,352.83395,343.90558,341.68878,346.16162,364.64932,351.19885,365.0,365.0
2096,364.83267,365.4822,360.76532,357.50787,352.99835,366.0,352.06738,363.7185,349.41934,365.51443,355.92838,347.24408,365.7946,361.11337,363.73047,364.1071,360.75925,353.728,365.40204,313.2203,364.1048,364.44803,363.2868,346.66525,366.0,343.41046,353.58682,366.0,366.0,353.8798,366.0,347.6893,366.0,335.81616,365.45755,331.14185,347.48,365.9865,360.21185,318.28116,344.42657,361.04117,366.0,365.8651,366.0,366.0,366.0,342.8351,356.16565,364.5907,365.87622,363.4219,342.59378,350.61908,366.0,362.0461,346.37122,366.0,351.816,363.66306,366.0,365.63184,350.50772,366.0,356.29776,356.19565,342.03384,366.0,366.0
2097,348.6345,357.92,353.06235,348.252,365.0,348.83847,358.19614,364.71677,360.06677,361.88937,361.99445,357.5523,364.05316,363.90225,363.0205,354.8578,363.05984,356.71384,364.94604,339.9721,359.69238,356.09558,359.51334,363.61627,365.0,365.0,333.4118,361.81183,352.5219,326.21805,360.4793,356.6966,365.0,360.63855,352.57025,359.58582,356.85257,364.98706,365.0,347.54803,352.18387,364.75003,354.05124,362.62286,358.65616,355.75073,365.0,365.0,364.58188,363.10788,363.9385,365.0,363.1433,365.0,365.0,334.8752,365.0,362.51794,365.0,365.0,365.0,335.10294,360.09357,362.78302,342.81607,358.87952,355.83017,365.0,360.5106
2098,364.3197,360.9514,326.82968,333.81442,365.0,328.1349,348.24203,360.87134,360.51898,361.34232,355.97552,329.22757,364.79288,364.6267,359.85965,365.0,364.30063,362.7212,365.0,359.1982,365.0,360.41006,327.60855,352.39697,363.64746,348.381,350.67563,359.28284,360.6677,359.59927,348.74454,343.52518,340.8031,343.25073,352.02835,355.59576,315.95126,359.57254,365.0,353.74435,358.1873,358.9046,365.0,355.85696,365.0,365.0,365.0,364.78586,365.0,360.09555,365.0,364.27762,348.1186,364.76245,359.1486,342.22263,361.03918,363.8932,364.77072,331.20142,364.3661,361.70425,342.2425,361.45837,365.0,353.04474,328.37686,364.80545,362.3759
2099,363.30768,365.0,350.4631,327.5753,359.8507,364.9865,365.0,361.56723,351.81244,350.67194,364.91907,354.84705,365.0,360.8619,364.29694,345.45938,365.0,365.0,364.17978,364.9865,364.3306,364.12732,342.88843,365.0,362.4621,343.8249,356.34106,362.67703,364.5669,344.76532,356.4573,364.7842,356.81836,365.0,365.0,359.6057,365.0,358.87692,365.0,353.28592,353.54584,357.66293,364.82617,362.83136,365.0,365.0,365.0,344.27393,365.0,358.58392,365.0,363.60416,364.90558,352.27463,365.0,351.36966,362.0676,353.93936,350.81677,365.0,364.81345,362.6227,355.40292,353.61774,354.25052,359.4746,363.67987,365.0,365.0
