year,ACCESS1-0_rcp45_r1i1p1-growing_degree_day,ACCESS1-0_rcp85_r1i1p1-growing_degree_day,bcc-csm1-1_rcp26_r1i1p1-growing_degree_day,bcc-csm1-1_rcp45_r1i1p1-growing_degree_day,bcc-csm1-1_rcp60_r1i1p1-growing_degree_day,bcc-csm1-1_rcp85_r1i1p1-growing_degree_day,BNU-ESM_rcp45_r1i1p1-growing_degree_day,BNU-ESM_rcp85_r1i1p1-growing_degree_day,CanESM2_rcp26_r1i1p1-growing_degree_day,CanESM2_rcp45_r1i1p1-growing_degree_day,CanESM2_rcp85_r1i1p1-growing_degree_day,CCSM4_rcp26_r1i1p1-growing_degree_day,CCSM4_rcp45_r1i1p1-growing_degree_day,CCSM4_rcp60_r1i1p1-growing_degree_day,CCSM4_rcp85_r1i1p1-growing_degree_day,CESM1-BGC_rcp45_r1i1p1-growing_degree_day,CESM1-BGC_rcp85_r1i1p1-growing_degree_day,CNRM-CM5_rcp45_r1i1p1-growing_degree_day,CNRM-CM5_rcp85_r1i1p1-growing_degree_day,CSIRO-Mk3-6-0_rcp26_r1i1p1-growing_degree_day,CSIRO-Mk3-6-0_rcp45_r1i1p1-growing_degree_day,CSIRO-Mk3-6-0_rcp85_r1i1p1-growing_degree_day,GFDL-CM3_rcp26_r1i1p1-growing_degree_day,GFDL-CM3_rcp60_r1i1p1-growing_degree_day,GFDL-CM3_rcp85_r1i1p1-growing_degree_day,GFDL-ESM2G_rcp26_r1i1p1-growing_degree_day,GFDL-ESM2G_rcp45_r1i1p1-growing_degree_day,GFDL-ESM2G_rcp60_r1i1p1-growing_degree_day,GFDL-ESM2G_rcp85_r1i1p1-growing_degree_day,GFDL-ESM2M_rcp26_r1i1p1-growing_degree_day,GFDL-ESM2M_rcp45_r1i1p1-growing_degree_day,GFDL-ESM2M_rcp60_r1i1p1-growing_degree_day,GFDL-ESM2M_rcp85_r1i1p1-growing_degree_day,inmcm4_rcp45_r1i1p1-growing_degree_day,inmcm4_rcp85_r1i1p1-growing_degree_day,IPSL-CM5A-LR_rcp26_r1i1p1-growing_degree_day,IPSL-CM5A-LR_rcp45_r1i1p1-growing_degree_day,IPSL-CM5A-LR_rcp60_r1i1p1-growing_degree_day,IPSL-CM5A-LR_rcp85_r1i1p1-growing_degree_day,IPSL-CM5A-MR_rcp26_r1i1p1-growing_degree_day,IPSL-CM5A-MR_rcp45_r1i1p1-growing_degree_day,IPSL-CM5A-MR_rcp60_r1i1p1-growing_degree_day,IPSL-CM5A-MR_rcp85_r1i1p1-growing_degree_day,MIROC-ESM-CHEM_rcp26_r1i1p1-growing_degree_day,MIROC-ESM-CHEM_rcp45_r1i1p1-growing_degree_day,MIROC-ESM-CHEM_rcp60_r1i1p1-growing_degree_day,MIROC-ESM-CHEM_rcp85_r1i1p1-growing_degree_day,MIROC-ESM_rcp26_r1i1p1-growing_degree_day,MIROC-ESM_rcp45_r1i1p1-growing_degree_day,MIROC-ESM_rcp60_r1i1p1-growing_degree_day,MIROC-ESM_rcp85_r1i1p1-growing_degree_day,MIROC5_rcp26_r1i1p1-growing_degree_day,MIROC5_rcp45_r1i1p1-growing_degree_day,MIROC5_rcp60_r1i1p1-growing_degree_day,MIROC5_rcp85_r1i1p1-growing_degree_day,MPI-ESM-LR_rcp26_r1i1p1-growing_degree_day,MPI-ESM-LR_rcp45_r1i1p1-growing_degree_day,MPI-ESM-LR_rcp85_r1i1p1-growing_degree_day,MPI-ESM-MR_rcp26_r1i1p1-growing_degree_day,MPI-ESM-MR_rcp45_r1i1p1-growing_degree_day,MPI-ESM-MR_rcp85_r1i1p1-growing_degree_day,MRI-CGCM3_rcp26_r1i1p1-growing_degree_day,MRI-CGCM3_rcp45_r1i1p1-growing_degree_day,MRI-CGCM3_rcp60_r1i1p1-growing_degree_day,MRI-CGCM3_rcp85_r1i1p1-growing_degree_day,NorESM1-M_rcp26_r1i1p1-growing_degree_day,NorESM1-M_rcp45_r1i1p1-growing_degree_day,NorESM1-M_rcp60_r1i1p1-growing_degree_day,NorESM1-M_rcp85_r1i1p1-growing_degree_day
2006,828.3797,863.7449,755.8953,688.91113,792.461,826.07837,815.23236,773.70026,865.5617,732.30646,753.2366,762.3879,931.45776,810.79504,813.9645,893.15894,753.39215,677.6546,742.85834,818.45966,752.4715,917.9698,775.6006,826.6988,882.27625,858.27936,1020.40924,821.235,837.68823,777.66486,736.9669,701.3847,879.4286,877.53564,718.57635,784.1373,850.834,893.60675,916.3019,781.3708,749.3621,847.78156,679.6117,871.1863,761.7559,759.3263,808.8121,729.4753,802.5319,729.64233,730.6419,769.1807,785.91943,760.5188,774.70654,818.64056,892.0914,796.89514,738.52496,686.5654,874.34766,715.7405,777.468,658.31494,732.5331,874.4139,859.688,795.7748,775.2217
2007,847.23865,807.70844,720.2483,733.9068,1054.7516,898.4352,814.30145,923.9899,868.2174,878.7571,807.2333,815.51483,854.25946,709.4505,825.6983,934.643,879.9397,714.2492,649.7726,876.4109,933.2748,822.90466,803.9824,771.3614,806.39374,977.5644,890.06396,834.2009,966.6034,846.36664,715.60645,713.63245,660.4525,944.0679,929.1151,812.4703,996.52435,701.91724,828.90765,821.76263,713.3571,783.6984,829.6314,776.6334,738.5455,738.97217,806.51074,755.44946,799.08704,803.2758,792.0595,732.2446,820.69006,830.37476,731.5009,739.37506,896.4852,884.31824,763.53827,853.97955,1023.35693,727.2541,789.01324,653.521,733.892,813.7144,834.6009,873.23694,780.4622
2008,1025.4961,715.08246,755.93494,700.80615,792.92786,927.54407,851.9253,899.9876,776.6556,848.84375,846.659,829.8009,822.93585,810.16876,854.15094,830.01996,820.6461,731.1484,848.776,835.01764,657.6181,876.6358,914.4564,747.55817,809.5424,981.58716,962.9799,835.4969,851.048,790.45715,861.7561,818.66473,838.91583,828.1433,808.71545,715.0445,769.02045,796.638,773.1896,848.70917,788.16,866.7935,811.946,775.879,854.55664,724.64044,771.19745,735.238,838.3816,722.3165,795.32,716.36884,780.12683,741.9776,704.2416,831.21454,888.54785,978.3009,755.6457,814.8311,761.1927,684.9208,709.47736,711.05383,813.2101,753.89014,780.32117,855.944,886.58984
2009,807.84467,747.3703,817.11145,779.3761,821.27716,858.73505,912.2523,819.8667,898.2739,829.7365,877.226,842.31384,753.9896,836.68335,821.6635,775.45276,765.66077,655.152,642.27386,711.0776,718.9249,852.6452,798.06866,800.31415,817.3325,870.63165,701.2773,963.456,829.01105,775.92914,757.58704,716.14386,762.46796,740.41266,674.98785,859.254,705.9553,843.12915,849.80396,855.7175,860.55005,805.29736,825.7752,835.2896,817.2488,849.966,741.0353,721.7639,858.57465,816.4654,866.8764,713.79736,734.99506,829.6271,761.8975,892.93616,720.33136,679.7844,691.03253,883.47424,841.9292,857.9097,720.3888,756.8294,717.1425,784.25684,731.33405,759.27484,739.3625
2010,690.2562,704.88196,689.4035,843.76965,726.68744,791.24316,866.1438,792.77423,923.1455,798.4053,801.22375,782.21783,808.5572,825.36017,821.77655,829.1973,818.58514,758.5292,667.245,750.2567,873.017,1036.2128,870.70544,768.5483,990.19055,801.95123,885.882,869.553,919.7592,763.5044,822.459,853.6656,674.07416,823.5543,907.2563,996.28485,871.9093,888.5532,902.51794,863.49304,863.72485,882.79596,826.4781,730.0121,718.1086,799.5634,819.32556,727.6961,864.6282,749.7682,792.38574,724.31305,848.9289,745.4272,825.69116,829.29254,806.93427,973.76654,832.7712,861.4353,887.131,752.9647,755.7842,799.0229,751.3571,817.92114,888.0141,788.2252,756.97546
2011,859.4447,972.7095,759.4418,880.0206,868.8778,817.8037,860.5144,911.711,879.07776,844.6131,882.7069,915.2113,958.2261,891.44714,971.2148,708.1849,884.58826,679.09576,771.2584,908.97974,817.2813,928.1039,875.859,891.28375,906.6799,929.2819,1044.0431,901.92456,911.8981,829.01385,740.7875,683.3011,722.25366,732.45575,773.86145,872.153,899.06165,978.4637,870.5391,788.82086,820.5556,983.5328,873.9527,855.71216,826.4017,726.7168,772.8468,838.6877,776.24786,918.93176,881.5104,755.6183,840.3507,747.85034,741.68195,898.3816,781.8021,874.97534,888.15796,949.99506,831.3693,758.2157,860.2621,747.4514,642.7823,733.29724,722.69653,744.9489,875.4309
2012,851.5116,761.9973,816.58215,794.67725,963.7072,1000.69305,932.78925,1071.1158,894.1878,888.80304,929.21436,880.2775,827.2349,807.9251,901.2283,806.33954,832.2198,889.3029,851.7376,843.921,666.0071,980.8034,892.3213,839.9623,970.2725,839.07135,989.79004,930.07745,797.9616,781.4995,763.8418,754.4598,870.0069,778.45715,822.93024,791.26666,853.3117,754.5829,865.6002,811.70953,815.8663,833.8681,894.5086,848.3046,777.63385,720.1286,724.6887,835.1228,858.7106,909.40356,733.0592,829.335,753.54785,864.0663,748.8501,816.008,909.11084,800.7549,896.1958,765.0179,862.14825,631.58875,716.6003,802.26953,810.1098,810.97705,886.17566,777.4686,849.3716
2013,892.56,944.95544,924.9756,839.0757,988.4698,927.55804,976.5686,857.73956,926.6473,887.6724,966.87683,1078.661,929.38654,803.1938,938.33936,803.95044,738.331,665.8089,742.82434,818.6001,934.9021,825.5603,984.3558,1053.2449,919.46014,802.1085,808.0571,858.74493,724.177,908.5949,737.9797,818.23193,813.1909,735.04694,726.7298,801.7905,945.1007,872.09424,834.4319,833.3985,781.88617,818.8889,1060.3761,897.5348,815.85754,769.8341,897.8525,797.60565,727.87616,783.44495,919.1578,786.3762,832.4142,798.5902,863.0302,890.6131,971.1358,788.3993,762.5194,874.0303,849.08264,745.2374,737.9402,747.6772,713.3629,789.01544,836.05963,869.12695,828.2688
2014,883.29456,879.67944,925.35333,877.76447,812.39764,881.0865,968.4964,903.7569,969.39105,1009.2344,867.1853,794.1154,757.563,961.12854,806.6575,797.06573,798.7938,762.4577,743.0878,915.1384,923.4559,932.02765,796.527,848.0508,955.16785,928.4097,916.8421,927.81256,1013.2056,948.9919,815.7377,755.8804,817.85443,815.024,758.0724,874.4216,891.9106,912.8325,829.5872,859.2684,929.683,1019.87885,901.9895,906.7841,868.1264,718.17456,880.8082,797.15765,848.69104,764.82043,899.2156,759.22125,891.1125,812.7547,857.78815,913.9866,829.76434,880.08936,800.15204,869.257,790.3692,798.994,785.3722,690.63934,676.95447,1003.9991,987.61066,800.4021,849.2077
2015,866.4609,852.91064,873.0827,837.5508,1014.6171,868.51434,944.3596,900.4156,923.7512,854.8061,962.4974,782.528,884.13947,921.5079,753.7261,782.5593,830.59644,813.31573,766.7578,891.07166,850.4158,773.61304,865.72797,878.50806,1071.5613,883.0224,984.69574,808.52344,697.58044,728.1554,730.9295,894.7878,638.90686,775.60913,709.62573,959.55444,993.79083,858.71857,794.7508,951.8258,871.3378,857.3823,783.37823,872.816,952.40765,873.0813,844.2031,843.534,777.03174,837.725,793.01544,887.39197,868.2826,813.61536,865.13916,783.57,810.9344,1000.6282,939.3358,890.39166,794.4673,758.11896,785.28345,756.8903,827.9644,835.05273,725.6106,881.5077,769.5502
2016,959.4507,764.0403,854.56494,797.7069,782.8564,942.1406,980.0586,870.0846,862.2932,863.2352,934.0375,968.0211,847.5917,902.62714,976.35803,842.3868,939.63495,836.03033,687.26697,794.7854,772.37524,981.6091,743.5538,873.64514,894.2078,862.24133,1012.83325,832.2841,848.8431,909.45795,755.9542,805.4444,918.7458,810.4136,610.20306,895.7089,778.1742,984.2688,984.0982,948.33545,1077.1062,904.98755,835.11536,847.5878,850.156,780.3613,852.4529,692.45935,863.7563,752.70105,750.0726,806.70483,892.01355,805.8438,868.27893,986.4639,951.6424,972.19885,853.8784,840.56866,816.37573,814.14606,689.1742,657.37646,669.9389,687.44135,783.72235,958.6656,790.10486
2017,807.63477,830.5567,906.3679,794.2624,789.4265,926.18646,1029.2739,950.8778,922.98425,918.66205,986.5231,969.7988,789.45715,809.5524,900.3954,940.3069,909.1867,923.9007,778.5712,821.7804,861.74866,894.8345,922.72327,928.4638,1099.0343,996.7062,846.24207,873.097,884.62994,977.1603,873.6036,765.22797,784.78577,778.92957,666.31604,963.16943,802.6069,860.4041,873.401,839.8529,743.46106,915.85693,780.6422,888.4822,833.2782,774.0745,898.7666,810.4711,802.112,858.8119,901.1576,877.0687,799.6711,763.7199,760.0463,865.1612,1052.958,988.59674,815.6081,760.8119,712.25574,714.01074,746.2238,738.0171,763.9778,889.76355,707.7971,825.7049,893.0999
2018,1005.2425,946.5977,803.30994,820.3762,902.2111,939.66675,940.35516,1161.1552,765.09485,972.43134,1019.34924,945.1036,848.9485,925.3412,992.45984,944.8129,880.1891,712.0233,824.2116,713.05536,733.6775,900.35565,928.2323,949.03156,1009.916,958.4706,899.00934,778.3754,839.696,695.67786,859.54926,756.0835,757.4954,829.37366,990.0954,860.39935,957.48663,832.41956,843.4081,871.01105,880.11035,839.2816,914.7287,946.2299,841.3233,812.8753,872.5157,820.18335,865.9759,873.86237,814.1975,803.5082,773.7097,932.161,852.88586,961.017,927.5494,908.632,804.2711,808.97125,871.32874,842.5625,703.16425,694.32117,662.0729,803.02136,813.6772,943.9962,819.5767
2019,957.35736,1027.5763,871.7928,871.1453,876.5078,915.60767,830.56976,895.8847,919.37085,943.96674,921.38983,822.3849,796.0282,850.1984,962.8073,865.11884,891.50775,725.1662,783.2889,905.9994,810.00195,890.3333,1056.9786,953.258,1118.4862,891.8012,831.687,928.3946,896.943,974.22894,746.46674,779.8518,915.8536,778.2768,944.62897,970.34985,830.3801,777.2426,1011.2147,839.9398,1010.75696,951.29236,912.376,897.9322,839.01697,810.0598,896.3866,852.0905,802.8683,790.55,842.39514,777.2116,788.17053,780.9987,855.0138,868.6078,915.0269,943.04333,892.8457,839.8955,834.77106,770.2727,805.2972,735.39716,751.06335,951.94946,857.9413,829.32623,950.0887
2020,905.25574,1095.179,965.88464,872.2032,671.51495,930.242,916.48926,857.5366,1006.80884,896.4004,909.2006,1047.6611,962.11694,844.34216,926.1479,1061.1969,789.0063,704.43506,915.2536,903.4964,876.90094,1066.0731,953.1149,1050.4335,1045.4788,904.3714,890.66473,709.71,718.22516,1004.3861,802.486,961.6095,789.3489,877.5531,667.71075,871.2966,972.4234,933.3079,892.4093,863.70514,818.93677,1020.8063,904.2785,889.65796,983.5079,794.7367,841.10785,801.1539,835.6288,992.79126,930.9592,822.14197,764.5065,843.9398,882.9346,821.57965,874.66565,1000.49744,897.17957,896.6718,835.2903,776.2715,785.5857,937.6585,745.1404,922.8118,886.7438,772.8474,880.7201
2021,764.06287,834.6915,989.4675,882.4024,805.132,1030.8308,1037.4688,1000.4641,964.8112,977.38434,1033.6141,887.3583,900.516,859.2323,913.5562,1028.9012,826.15283,911.6486,900.0104,835.0274,819.5108,907.5111,1084.0321,932.4308,821.9393,948.3462,765.5505,927.6993,971.7685,845.2112,834.4243,873.4287,692.01086,791.32574,797.41376,940.78827,935.08344,948.50104,947.71313,877.87225,853.7949,830.0176,926.40125,883.36426,934.06903,875.97314,873.07385,738.47485,900.1558,847.2749,921.564,796.4366,910.56464,787.29877,833.30164,958.6496,790.8742,949.6122,904.471,848.997,1019.3536,800.6974,732.51,813.82196,805.52484,743.47754,1021.23645,890.59894,940.53656
2022,789.42834,1005.51404,895.0121,873.8325,789.62946,796.509,960.6376,957.4618,924.4757,879.8865,921.32776,919.90533,905.30475,767.52954,835.4494,936.94855,875.41223,768.57794,962.8519,806.0352,813.62024,901.32556,877.9062,853.84485,991.83734,912.3385,884.2064,697.2323,953.1373,980.5587,751.47284,797.3679,717.4433,728.5777,639.3411,942.58813,914.1215,922.2641,879.86707,897.899,867.2665,994.4548,870.92816,914.60675,819.04877,815.44836,905.805,809.24805,838.6737,827.2928,950.7331,987.15674,786.7503,798.92346,877.03033,953.16077,830.33295,898.94855,916.60645,904.57416,941.4898,790.1035,842.2552,736.3928,750.0198,907.15643,870.1176,876.395,978.2425
2023,868.9711,969.3069,817.9249,980.81396,786.22015,953.19977,949.4855,905.4096,888.02655,776.3178,997.0353,918.9448,877.83154,909.4725,803.72034,969.5524,920.5046,877.0889,934.6979,815.3491,923.106,973.4883,1063.0547,1102.407,927.97253,978.6942,817.57574,753.5684,959.789,786.3567,829.05396,1041.9592,959.6516,730.24884,1299.8092,1014.83594,935.19244,802.64746,967.9577,969.816,831.59784,964.6345,859.79047,963.3743,814.24634,951.6063,821.8475,894.58386,837.02856,829.15717,904.4366,872.4222,840.7607,882.31586,775.2241,883.78235,999.73865,1076.088,790.2053,726.034,950.34424,824.04846,839.39514,792.56116,806.3984,1020.0088,970.33466,854.0754,926.5822
2024,913.917,876.05927,1010.41016,816.79675,702.5274,918.3509,918.24396,1068.3507,1003.0656,1002.5677,1044.8229,1005.989,880.7009,858.5667,1057.2986,917.6329,892.0912,750.5329,737.4816,851.4566,809.2838,923.4318,981.13635,936.6358,996.73706,794.30255,833.0944,763.1037,733.5625,899.82733,861.9744,802.06525,986.2849,690.60614,758.5467,915.72345,952.19305,1033.4442,1038.9752,868.89197,963.5213,802.82135,1034.8219,929.1019,867.5622,847.01117,883.9268,912.95734,899.0805,760.70746,938.26514,877.6415,951.4557,866.63544,897.6676,1003.3863,927.6831,854.65686,848.8076,865.24457,985.3958,755.04297,799.0512,764.7265,845.48706,1100.93,741.5459,911.29614,875.0146
2025,902.64777,1120.3684,866.3343,1033.3599,793.36426,951.8331,1040.7489,950.6499,911.10645,961.51044,1000.0834,905.95087,959.9253,997.66205,900.6261,881.9104,950.7324,801.96497,831.1652,921.7116,906.9632,956.92725,1146.8339,996.7113,1099.4623,892.32587,936.0118,834.1038,881.81775,741.21497,728.1359,1019.2842,800.1165,752.1008,605.8444,1013.6999,784.7375,896.1497,846.7829,847.8595,910.0733,881.3046,904.1932,906.86285,916.67566,819.4033,984.7265,866.93317,780.7917,860.72516,851.1915,990.5989,961.00616,980.1618,807.86554,957.083,893.305,911.4442,822.9885,1089.7156,894.499,780.23596,728.6253,830.2803,872.0973,936.7305,872.8403,836.9653,861.8873
2026,979.6354,823.4781,881.9428,1027.0375,946.7789,971.53516,1046.1364,885.3405,973.72076,1141.0938,949.5348,929.6595,841.642,900.03955,849.4761,931.1696,804.18054,923.3357,747.2918,969.4979,979.767,889.43933,999.69727,1056.3218,981.15015,941.95184,914.14844,955.1511,1036.9955,934.9391,904.1546,919.6633,858.9888,810.7906,665.86725,842.48663,956.25323,860.87085,1023.19244,1026.1722,1023.4156,940.7048,959.374,906.9609,874.6911,825.3718,984.02405,905.3872,891.687,854.33704,834.9849,984.96436,940.86786,940.1645,940.1967,819.746,938.7455,967.09796,936.3529,948.7268,886.5348,800.9728,835.6092,825.11926,899.44574,1016.6261,963.0913,767.88306,1058.3818
2027,974.8831,952.1553,1005.77856,1081.7162,786.6949,902.5073,1035.8939,1092.4758,984.189,1083.8397,1009.7472,991.35187,930.831,923.6035,883.22797,981.0771,849.3826,883.3806,812.19904,841.29706,839.391,839.3294,912.58136,993.54785,956.13837,748.0324,823.46564,922.02057,740.5232,953.0218,942.2731,807.56165,1007.45544,784.20856,775.71716,988.12115,1051.0828,945.8511,928.39374,1022.2899,959.7172,752.3783,1002.4919,966.1057,1022.49884,866.6997,1021.89734,875.06256,879.8757,1004.2491,943.55005,829.1852,943.4261,876.437,902.85583,1041.1722,839.68634,969.86346,916.0465,999.2327,944.26807,793.93604,767.3736,746.49445,819.5939,855.27264,958.3398,931.7567,915.53265
2028,959.6102,1085.6493,873.9345,966.7193,917.9739,891.5986,926.829,1051.9036,907.52423,971.5963,987.3246,920.6202,924.3924,905.81976,880.91077,970.5782,894.51965,1063.7563,965.4974,987.48456,854.9081,934.896,1170.818,896.55145,1087.1482,1008.2418,938.9531,792.4661,925.8796,827.8779,858.30695,814.855,861.0238,781.4509,828.2101,869.36597,974.03937,947.18616,972.04517,854.7645,961.77985,936.54395,1015.0743,889.11926,872.0522,864.62823,1052.6147,926.87537,951.36084,988.12695,994.109,871.01746,1004.59015,988.1687,863.22375,976.5385,901.66473,1050.7855,940.2189,879.8143,996.9836,839.8883,756.5428,753.29706,819.03296,933.33295,824.54376,908.3316,988.4133
2029,900.6915,989.21295,960.883,913.0683,907.1734,845.59436,1004.7867,983.37317,858.3656,1067.059,1053.9298,843.7075,931.4865,859.7798,991.9386,863.5416,961.68005,816.1891,883.4607,949.72174,818.7038,908.42865,1088.3744,881.9048,985.5801,839.0433,764.8525,700.0835,897.68365,996.00397,899.72864,1079.8636,852.0742,749.8103,593.5672,964.3945,1114.8167,1051.1688,1016.0407,991.5083,996.8779,878.1703,1028.9727,982.9934,965.629,903.1782,983.14197,958.27594,836.6656,886.02136,1110.4802,925.30597,940.4923,923.0459,937.4831,951.6533,836.93365,1062.5074,1033.5703,1123.909,827.2206,838.2667,766.93243,808.0846,829.4756,752.10706,1015.37964,883.9765,943.35297
2030,970.3131,1046.1289,1041.3009,854.4914,936.6989,984.2202,922.6902,1026.05,999.76227,941.2053,944.6789,860.0248,985.44385,823.7569,1007.52545,857.01227,925.0021,930.5243,845.66,924.94196,1031.0754,981.68665,914.5224,1144.5822,1021.1682,882.5172,1006.0084,867.88617,899.1881,824.2764,873.89,790.64307,1100.0295,754.23083,939.1484,1003.1481,917.8015,909.20734,920.1934,887.64667,892.3763,978.3262,925.69635,922.50494,970.6513,817.14233,1044.7206,925.4947,857.45496,907.46655,1005.9873,922.4306,883.31964,852.26056,1043.6648,852.01294,992.8566,955.71533,937.96564,967.0385,962.3353,688.7993,807.7115,813.0836,894.4662,775.0197,1007.51074,754.72394,911.2759
2031,985.0045,907.5086,1074.0541,798.5625,827.6992,920.4238,1248.1995,974.5779,963.8472,1008.09924,1005.2754,1131.0662,933.1448,853.693,902.3159,781.317,839.09344,822.78973,801.5769,956.11725,996.12445,945.0918,1229.2098,1021.7908,1245.042,992.9407,780.41235,768.30206,1118.0775,950.97156,1022.74976,850.864,912.3351,820.31946,876.5251,968.24164,984.7347,931.81354,1098.3171,811.72296,1078.03,797.78253,957.6542,891.731,912.86975,965.03674,1037.6993,946.48694,944.2967,943.9517,1061.0624,919.3501,879.69824,884.71277,1020.75104,959.821,909.59106,907.9585,728.5505,837.5928,1051.8864,760.23615,735.6501,782.701,851.75757,967.0935,900.2588,864.3402,876.53406
2032,935.9413,1027.7554,902.09033,1025.5991,859.2634,1076.4335,1037.253,1206.1608,980.1727,1004.8502,924.3118,982.4202,937.28033,940.35974,995.97266,952.47797,918.88794,849.59076,743.436,942.03174,954.9366,981.60754,1000.8874,1217.4805,1240.5271,948.2959,928.817,871.6248,1110.0645,1083.85,840.73944,844.60284,846.5155,1000.2382,886.45715,1056.9321,917.46246,988.8113,1014.185,842.58966,1098.1338,1054.9556,849.03784,920.08826,960.19183,931.7446,1057.0334,820.34607,867.2004,853.5943,873.0122,826.09906,896.06177,913.2399,932.76764,956.61523,848.6819,1030.5162,886.8057,1081.2988,975.87256,685.2285,892.3031,723.6746,809.981,958.9147,998.1925,855.1246,833.7927
2033,1050.2883,1192.335,1074.7173,1108.2484,887.22363,766.9678,931.2199,1015.4716,1064.5933,1018.17596,1109.7043,850.6544,991.05334,966.87866,894.8652,864.6929,853.726,931.15875,773.54834,1064.4213,932.5877,1090.3308,1182.1096,1181.0646,1067.804,910.4742,977.6741,815.2514,900.5441,930.6955,884.24176,904.4974,884.0372,922.1986,1061.2052,970.25995,1090.8673,1096.9814,1094.4396,898.9904,988.8428,937.1263,1155.2118,958.069,1009.0587,1028.0015,979.12463,859.1106,955.5793,906.6488,1014.4726,861.8962,888.2136,903.05853,1044.0795,887.645,864.43115,805.8633,846.6655,1099.6204,1101.0509,862.3643,736.7442,718.278,822.8754,940.9079,891.44244,870.67126,957.3808
2034,1056.599,1025.1013,994.7496,1014.3686,958.3389,1013.69464,971.374,1034.8347,999.516,1095.0577,1085.9608,934.70166,957.7501,872.7239,1001.89325,918.91736,1006.87054,788.3439,791.48193,948.0258,958.4448,1028.0729,1137.2551,1063.5524,1173.0819,859.0606,906.9935,858.08014,972.45416,807.6401,1006.59344,894.4742,832.62616,923.1263,794.86584,981.57776,1017.22424,1064.3939,1006.9208,1089.5345,905.4201,954.9278,939.1398,957.2899,1017.569,950.6824,1071.5104,935.4685,917.40137,984.33,1034.2328,923.79224,964.5387,864.7337,959.8976,869.6611,980.2927,901.6486,978.89124,1098.5261,1123.645,782.2499,734.2612,756.1765,767.7477,1076.404,957.5948,883.91846,918.8204
2035,884.1284,954.6703,1059.1293,1006.79877,1032.8959,925.95123,1009.7822,1035.1447,1151.0743,1058.548,1112.2909,1038.529,988.5661,898.4224,1026.7494,1045.3337,1013.58673,846.9441,916.2063,1012.75757,909.1865,973.34406,997.6802,1158.7308,1085.1332,956.73956,932.4893,966.2625,1018.85974,746.8434,816.52856,872.9228,968.3656,877.6864,904.7134,1052.5745,988.4027,905.19617,1112.9869,1095.5258,1037.4628,943.72516,1054.8824,910.6892,994.53143,936.15857,1043.7461,989.2886,989.2974,879.207,1054.0532,835.03485,897.39716,932.63434,1100.1609,893.72925,1040.8096,974.0576,907.8632,1051.9966,987.88525,787.60486,865.6991,859.2965,805.53906,944.1276,898.1851,826.88324,1129.5309
2036,1049.7836,1189.4294,1138.9869,1078.3423,978.31836,1116.2125,1057.9928,1183.3407,991.9688,1060.7151,1142.6473,911.0155,999.90936,848.65515,1024.7898,1008.22217,993.72675,742.4816,938.3266,855.84436,1111.0726,881.9216,999.2758,1048.6213,1059.4625,788.28204,914.04407,1045.2512,1146.4946,880.8779,814.301,1048.6337,759.7604,812.92236,793.03357,1046.0121,1101.3557,1013.9426,1031.7772,988.2212,1027.9928,986.4937,1099.4415,956.7423,1055.4598,935.4104,1015.1004,929.238,1002.29175,952.31616,1106.3586,975.7055,1038.9172,843.35114,1005.72736,910.92065,869.58044,1215.5757,913.63666,937.5335,987.71027,890.90295,795.35944,830.2561,818.71747,932.4674,1023.1098,1074.4816,1014.54755
2037,916.4393,999.4878,1063.7294,1073.781,921.28827,991.7009,978.87665,1143.7952,1043.5038,1014.8034,1154.2091,921.6954,983.7686,815.06793,1169.4291,916.5711,959.1247,971.1349,913.3456,940.24994,1041.5819,946.44904,1104.9534,993.95734,1071.3456,892.9607,1117.794,959.0804,990.1669,950.8607,810.2298,852.624,1007.96375,785.55756,802.69904,1083.1307,999.28107,866.19617,1244.8556,994.1737,950.2788,897.4143,1175.1005,1010.61414,956.01807,878.3272,1026.5295,895.80524,933.57306,968.94165,1051.5538,962.36,925.021,953.639,976.2072,847.03577,866.18463,1041.199,1130.2869,809.9787,1029.6808,785.20654,801.42426,971.1317,880.00885,859.6573,923.29553,767.9892,1020.19257
2038,1039.209,1168.7177,1031.9048,986.31616,1099.3085,1083.0684,931.94324,1066.2997,969.46576,1067.9066,1225.3723,917.0825,1033.1724,973.5392,968.193,997.12494,959.6056,921.0277,894.6735,859.72076,954.16907,1039.9977,1240.2482,1187.9515,1039.3121,919.0565,1006.3578,816.53546,926.6733,924.8592,827.52106,934.1413,878.4069,831.2249,631.4915,932.0584,968.6136,951.3498,1069.93,1091.4329,982.3989,921.7372,1190.3148,1104.6656,1073.6326,896.88525,1053.7056,903.07184,995.47504,1009.05853,1126.0847,1022.5394,955.4075,896.17377,931.43054,921.4614,1139.1074,1145.7965,960.38763,1002.52264,1051.2098,891.5605,906.0183,803.7818,871.35223,920.1857,1038.9282,993.8146,898.8002
2039,1077.69,1049.4053,1093.9602,889.50055,1072.8042,1014.41113,992.87225,1053.4366,1054.4285,1081.0895,1188.4849,854.73865,1055.3752,1032.6984,1253.6154,1016.9296,926.709,938.8475,944.15436,843.64166,1019.1532,1037.9283,1143.0017,984.5025,1057.8464,998.8742,967.1841,900.0721,980.536,916.80493,1041.1868,947.62354,741.52594,911.13763,933.01807,1046.4983,899.1238,1047.4125,1193.8353,849.1575,1109.4896,1069.0469,1011.42487,1034.8748,963.8523,964.6753,1028.6322,916.9187,1002.786,995.9295,1099.7015,909.60315,1030.5865,871.4271,988.4753,833.01306,960.43604,1328.1191,837.3812,897.1736,1017.6096,764.0839,922.20984,827.73773,1000.55347,800.8694,1254.6832,1066.1337,1033.6724
2040,1089.2936,1091.7291,896.07355,1061.1759,1045.4423,1090.6097,1005.65485,1007.51715,973.70123,1097.6527,1231.2977,897.8166,1043.3291,999.48755,1063.6238,938.59595,936.5509,930.87335,943.00433,978.6955,938.7101,996.7311,1152.9015,1176.5518,1116.6838,926.8933,1028.4878,884.06934,925.72833,1024.4115,1182.7953,955.80914,923.8345,794.5467,963.1355,1105.363,1110.81,1063.4602,1203.5435,945.3898,1115.3074,1035.4489,1058.5709,1120.8137,943.782,1038.058,1082.1398,1013.8924,926.4239,976.05853,1075.4398,977.4289,1126.7883,877.3531,971.5924,824.77185,1088.0345,1178.6888,952.3173,923.0285,1042.0227,792.1336,822.89655,831.6254,855.25696,877.7951,1236.0521,867.67444,1136.0164
2041,1209.4912,1266.3033,948.14886,1061.2008,1102.9938,946.4744,1055.4674,961.25085,1048.6179,1110.0542,1064.2859,1160.6669,1065.6484,886.5498,1070.1614,954.16034,1023.3101,811.8634,953.7729,988.1421,958.34125,955.3574,1136.1332,1034.7919,1211.2523,866.56323,997.1762,914.8541,1109.2446,790.5973,1012.8535,926.9917,872.2274,782.2416,709.3313,1067.2975,1023.3293,1089.4122,1195.7374,1011.6955,969.47565,1061.4712,1125.5735,1041.8267,1013.7622,930.90985,1093.1132,958.457,1009.70667,957.06146,1111.94,1022.47754,993.3526,803.4456,1035.4381,950.3824,1040.272,1030.3574,965.9752,929.66077,951.81445,747.3597,985.9151,689.43164,975.909,993.60223,1055.2253,871.3133,987.6929
2042,1004.78564,1103.6471,886.4765,996.9065,1107.4052,916.3446,1133.4424,1175.5771,1193.5349,1210.1151,1281.4326,959.49945,991.8896,983.1601,1148.0217,973.83856,1044.439,909.7663,872.8996,935.6479,937.7933,1080.5765,1145.6143,1072.6068,1335.1737,1113.8043,745.2252,928.56775,1147.3416,951.93695,786.4251,907.43066,1128.9896,919.61206,882.529,915.7363,981.1942,1061.7876,1145.5127,943.09717,1004.2523,976.2271,1067.699,1080.9855,1138.46,969.02844,1132.5062,955.20544,1112.0026,949.9259,1052.8951,923.92303,1099.4967,881.61584,981.97723,980.5631,1037.8425,1019.877,761.87305,963.8415,940.0903,803.0999,867.86206,612.9104,972.58057,1102.4624,926.9106,905.23773,1086.3394
2043,943.55035,1150.916,952.56036,886.13464,1020.23596,1078.4453,1148.4451,1157.7662,1018.78326,1051.8218,1022.8512,1066.8037,1054.5254,1031.1436,1080.7274,1061.4366,1118.0565,846.39856,1076.0438,856.0667,985.8502,994.8785,1020.6596,1120.4644,1188.5359,936.10565,1010.764,948.3701,1050.1051,859.96643,1262.631,892.37354,973.42615,697.77167,746.2656,1087.4695,1129.9574,1030.2542,1159.7262,979.3837,1145.6777,1050.3649,917.4573,1089.9569,1040.3281,1031.9205,1120.3844,1007.9895,1136.5166,966.8937,1176.5122,1022.63306,894.03357,840.3779,1030.5139,1041.1249,948.68384,958.07544,905.2853,817.3729,1182.7987,723.21045,885.57776,808.684,843.3477,905.0895,876.91034,946.8795,980.4632
2044,980.84924,1149.0101,968.7669,941.33514,993.9503,988.45105,950.06586,1108.3232,1117.9095,1035.6511,1184.4302,883.40985,1130.1494,938.35925,983.6343,880.4979,1129.3229,889.22394,1020.2241,921.07043,1014.32477,1010.207,1140.5558,1137.3881,1123.2358,909.73987,883.7068,966.40405,1144.4955,1139.2104,928.5306,1036.9541,1008.2792,747.5225,996.2986,909.154,1054.1111,1018.824,1394.8743,1108.3964,947.57697,1001.8018,983.29236,1053.1405,909.5542,1060.8724,1170.2577,1147.0297,994.6691,1030.3282,1127.8488,1066.3153,1014.9307,932.1998,1046.1564,842.45056,871.47723,1137.929,861.69196,1072.7012,969.47906,808.4122,905.74176,688.44666,929.26294,878.76074,871.9779,853.9513,1032.0869
2045,1147.4108,1096.9722,950.6864,919.66504,954.77356,1060.0021,1007.5936,1024.6376,1089.11,1044.9528,1256.9364,1089.2396,916.4806,932.2502,1026.1156,1091.2571,1078.0768,943.563,954.31006,963.282,1025.4294,1107.669,1035.2688,1255.4948,1281.0784,1085.3754,1014.1884,938.42053,894.0607,877.4749,847.5019,870.1706,894.80054,812.71936,1082.1833,1082.1741,1035.5087,1022.4186,1124.2979,960.75305,1201.1272,1104.8068,1222.9572,986.2649,1098.3379,1017.27844,1212.3296,935.47705,1113.8452,992.66016,1175.4467,990.81323,1060.3098,1039.3711,994.7286,984.0123,1071.7858,1224.938,917.69604,1049.8922,1200.2968,815.6208,787.5608,913.3359,839.4083,945.9812,1075.6351,998.41864,1250.8337
2046,1039.385,1232.9323,1163.1537,1101.1848,956.34143,1165.1405,1078.301,1299.039,966.2991,1155.2999,1217.834,931.721,1100.1124,976.4129,1027.4854,1036.1586,1101.1873,947.97876,880.6553,910.51886,1104.7795,1145.1039,1205.5247,1140.1122,1385.9867,755.0446,1194.0498,909.7004,1048.9797,955.14233,826.46265,1058.664,1019.282,813.22754,952.7193,927.28784,1062.6569,1158.7585,1265.8406,933.3628,1068.8008,1021.2083,1267.5577,1044.3939,1036.9557,1063.5167,1216.5183,1087.3284,1036.4298,1179.6932,1152.6359,848.5768,980.92444,882.93695,986.84753,963.7183,846.5615,1073.3253,903.1967,1048.4663,1027.8455,878.4233,835.79816,830.9475,965.4547,902.7163,1310.0693,970.73254,1053.5182
2047,1156.0828,1165.171,1140.7369,1109.243,949.5391,1227.4298,1105.3914,1326.9077,1071.9463,1150.4783,1180.1765,1025.5983,1027.6599,976.116,1078.2595,1095.1615,1228.2454,867.7306,1093.6549,962.38257,1082.77,1102.9369,1072.9177,1107.74,1126.8381,998.12964,941.95264,933.73096,1032.4285,882.4847,941.9035,857.39044,1002.4829,1109.3922,1058.0969,1020.2333,1074.0321,1197.063,1037.2009,954.562,1142.5692,1099.053,1244.5533,967.21356,1043.2549,1150.1327,1215.5463,1026.2462,1032.577,982.57275,1104.6548,1008.36914,1085.7812,969.64874,1064.1724,926.74585,875.3237,1235.3087,997.88635,1197.0454,1230.8906,724.9925,872.67975,836.2977,832.9259,922.5631,912.6958,905.09564,1078.3053
2048,1195.9017,1209.3379,882.56683,1071.381,1022.1952,1065.5319,1048.3058,1153.2894,1132.1381,1059.6687,1195.4907,1049.5007,919.13586,820.7717,1203.2249,978.7172,1041.7125,970.90375,1047.9525,1065.5845,1116.038,1139.7362,1145.624,910.8741,1271.5172,1048.7178,948.6365,969.21924,981.58295,767.98364,930.9251,876.6038,942.27167,898.68317,765.49634,1061.0963,1080.8455,1176.3315,1309.2117,988.74304,1064.2552,1018.82837,1316.6365,996.5801,982.3013,1035.1467,1150.1914,1104.5756,1060.8639,1039.5062,1318.3102,849.64294,1022.39185,931.1398,1220.3132,1007.1157,1091.2179,1191.6366,896.422,1179.1024,1248.1323,744.45905,836.8064,981.1297,924.5488,859.54156,1070.0764,981.6231,1350.2147
2049,1091.9331,1236.4855,1001.6247,1165.9954,1072.8,1264.5507,1200.7737,1137.2295,953.9395,1153.4869,1243.7074,874.339,1017.96674,1031.258,983.5475,1012.633,1125.8597,821.8747,1209.5552,1042.0735,1114.8901,1085.0212,1196.9794,1112.1376,1285.0798,904.8602,1104.7322,1119.2124,937.4116,853.43176,859.13873,986.4313,881.5461,1078.442,849.0778,969.2412,1199.0681,964.1521,1379.0244,1053.6663,1028.453,1232.8727,1235.1238,1011.79663,1122.7236,1024.366,1380.6128,1109.0371,1042.3346,1078.5205,1132.1632,1027.6454,1106.6984,965.52924,1128.5883,1074.1516,893.1188,1222.7094,1120.2134,974.13837,1129.9658,671.84863,877.00037,873.806,968.1463,926.0691,923.23444,831.96545,1101.6669
2050,1252.5054,1196.0037,884.7596,1179.1777,1168.4182,1260.796,1103.4697,1290.5978,1030.1002,1138.443,1203.4768,902.61804,1224.4053,1010.3325,935.73254,1108.211,1139.9078,871.38885,964.42053,990.372,1127.3584,1213.5316,1145.4828,1107.7445,1317.289,1051.6931,969.2282,891.91064,1111.4102,911.3179,1084.7808,794.76184,1023.5959,803.2669,913.5425,1040.3544,1097.7538,965.52655,1216.4142,1090.1421,1067.0251,1064.7909,1181.054,965.28876,1125.9404,1053.0199,1254.6414,940.2438,1094.8169,934.31177,1246.3358,926.4335,1075.2073,977.62805,1172.3527,892.8786,1123.6287,1095.8188,1085.1895,1018.2666,1149.9474,852.7148,846.0953,865.21405,896.75525,1025.5934,836.5492,1048.6714,1115.025
2051,1096.2299,1331.347,912.87946,1095.507,1186.1462,1170.1016,1133.9349,1163.6672,1084.7203,1053.5376,1371.8568,918.5043,1055.0037,828.5445,1098.7325,1039.1234,1111.9762,887.2031,1098.5505,1068.453,1014.7163,1078.9978,1301.2172,1124.987,1350.4581,818.3874,936.26,1002.285,1149.8073,1042.8727,788.79767,965.9027,972.4853,752.8168,804.7257,1048.3672,1157.505,940.5368,1333.0038,966.82367,1137.319,1058.3503,1217.3214,1050.8186,1067.9568,1105.9596,1216.6324,976.33606,1031.6418,1090.3394,1168.1796,1049.3945,1110.4156,1006.9023,1164.3065,939.9234,917.3137,1110.1427,1131.401,960.0603,1217.1437,836.2731,892.0931,835.6749,870.48035,862.8264,1196.0444,998.08984,1117.1248
2052,1136.8582,1286.3197,926.5867,1259.154,1212.9238,1116.0183,1208.1976,1124.6364,939.43024,1052.3953,1336.5061,916.7313,927.96313,999.1777,1193.0696,1176.8586,1071.8431,912.78876,999.2889,950.26373,1093.3392,1142.5942,1019.00574,1096.0422,1312.3722,753.74524,960.93555,1072.6404,1260.396,861.6424,951.8041,872.88324,1127.8689,804.4255,864.9121,930.39294,1025.4761,1093.1388,1310.0986,919.2006,953.16,971.31934,1144.4034,1006.72095,1072.5482,1064.7343,1384.343,949.29456,1051.7726,1028.2518,1091.437,885.446,1125.5892,933.8226,1042.7749,911.5242,1114.1202,1165.2847,1016.7069,1164.1318,1046.6342,720.74005,986.2859,873.62915,1026.9043,887.1576,924.3439,985.9311,1115.0881
2053,1288.4104,1277.1202,1004.3393,1061.647,1049.4434,1206.8962,1074.524,1263.6545,1008.42944,1040.8527,1278.0232,909.57086,1085.7476,1048.1729,1292.8696,1053.1052,1093.7073,830.688,1104.8022,993.52264,1114.6953,1068.2972,1209.4402,985.8865,1417.1168,999.6285,946.3775,976.3474,1147.2322,931.3115,939.22174,915.87537,939.22064,730.6296,1061.259,1073.3756,1113.8384,1137.4542,1321.818,944.56824,1091.4763,1042.2805,1267.9944,1013.8646,1121.377,970.28125,1258.6882,1065.1283,1131.0887,1121.6669,1271.4219,1050.6155,1033.9843,1041.0142,1220.385,914.7959,1026.6476,1375.585,883.0941,1166.952,1088.4177,917.0594,847.2089,800.56616,988.34595,1011.01624,1096.619,913.1091,1086.9963
2054,1054.5192,1335.0071,1017.18384,1026.2279,1056.1433,1245.8702,1221.4749,1201.2533,1102.6237,1089.401,1350.6176,836.10785,1004.61096,945.62085,1134.3113,1105.2667,1233.8778,978.5623,1045.2886,856.1201,1057.8722,1291.6198,1275.0453,1120.4202,1325.1511,916.93054,1044.8597,900.4921,1082.8108,759.47687,1146.2577,1124.032,1082.9231,708.76044,1099.0602,850.16016,1209.144,1089.6265,1279.7363,1012.575,1011.5607,1022.15125,1421.3494,1036.0134,1134.2744,1080.6759,1242.8442,1107.8533,1029.5062,1063.446,1234.1757,1104.2887,1036.9656,842.80194,1259.7611,950.6128,985.5495,1045.0464,885.359,1004.9828,1126.7727,845.8732,806.0267,891.0,1009.494,910.3725,1088.5172,933.2248,1230.1692
2055,1189.9342,1349.5889,863.89026,1042.0923,1106.1415,1328.164,1027.9631,1399.4884,1135.7594,1204.4615,1217.531,872.4032,977.6917,971.69464,1204.6188,988.71387,1146.1288,859.74805,954.2733,982.1714,1145.1366,1064.273,1277.9225,997.71844,1452.2512,824.0719,1026.2463,1018.4841,1171.7422,904.2862,966.5162,917.44556,1093.3502,1015.1293,1137.1205,976.09424,1012.0539,1059.1184,1249.1707,968.37384,1189.9155,1065.7478,1260.2056,977.3695,1175.2622,1105.5573,1306.158,1042.2035,992.6591,1039.3711,1282.0643,1042.1338,1090.1943,1011.76434,1097.0518,855.3311,1017.66547,1135.231,850.0758,1130.4108,1230.5372,909.66266,1053.053,873.8119,974.6708,1138.1656,1045.5066,1033.0979,1223.9434
2056,1099.1879,1469.037,931.9481,1268.4835,990.3209,1147.347,1243.8552,1383.142,1120.3518,1110.8828,1298.6775,848.0218,1134.0043,1041.8546,1096.2538,999.204,1207.566,768.17346,1150.0522,1068.2966,1119.9271,1211.4878,1009.0533,1142.9121,1477.5366,898.9606,995.3094,992.3087,1280.456,766.11755,856.2029,697.5768,1269.6322,754.7768,983.3969,982.2307,1215.1881,1183.4963,1327.9229,935.07776,1225.6771,1038.1316,1289.8055,1001.5064,1119.0061,1097.8545,1384.3551,1018.3519,1108.5128,1064.91,1252.5695,1065.4717,1228.2134,934.6346,1143.5381,1028.3778,1047.6965,1265.6897,804.71924,1110.2417,1323.96,716.8066,941.44165,798.42334,980.23553,921.1839,1055.9314,919.4607,1124.581
2057,1154.2316,1226.6038,1050.6873,1238.8008,1133.5857,1145.5817,1087.0073,1158.7609,1124.0477,1013.42737,1411.8949,944.8542,1064.7529,1049.1812,1263.3092,1058.2083,1108.8751,1043.7584,1048.9291,991.57855,1212.0524,1081.1678,1179.9105,1085.3336,1408.2521,901.52576,957.45764,1071.4745,1119.9313,914.616,909.1607,1141.4465,1099.7046,859.1587,1197.1848,1000.51636,1205.64,1237.7378,1277.472,981.84143,1187.5892,1084.3086,1318.4563,1007.123,1199.596,1068.4,1375.4717,1060.8611,1051.6647,1086.1475,1286.0604,1014.0449,1058.6545,873.8962,1075.9364,1012.1992,1023.2678,1184.7538,1003.12225,991.5248,1140.0286,813.22107,910.31604,813.64,995.8542,930.8789,1115.4064,1043.1226,1234.7355
2058,1186.6808,1325.8065,904.91595,1199.4872,912.1954,1146.5304,1267.3159,1267.0946,1113.5923,1218.9053,1383.5878,901.9615,1094.0609,966.2658,1238.154,1032.9901,1124.1522,1033.2463,1228.1677,926.381,1222.9047,1253.3567,1206.9388,1160.4429,1436.6815,835.3387,1068.6423,1010.92194,1283.3011,969.82574,1137.7104,940.5763,1030.254,955.83655,1038.6372,978.1317,1055.9708,1099.4042,1350.5182,1043.2295,1078.9684,1155.329,1440.8463,1014.87146,1296.0465,1003.8744,1247.3307,1030.8293,1075.5725,1133.5276,1326.3478,1033.9583,1051.8628,901.557,1181.6345,1157.7595,1009.8699,1346.5958,893.4768,1235.2085,1347.4631,832.05884,960.53064,899.95404,1051.2815,1001.36664,1048.4075,1048.6396,1218.7247
2059,1202.9485,1495.9717,1037.4834,1238.1885,1162.087,1293.7203,1064.7797,1168.8761,1128.2883,1264.1073,1306.4126,957.5394,1065.2646,1141.9287,1198.0458,1208.7135,1274.4646,981.98004,1015.74677,1107.986,1116.3512,1227.6477,1232.0314,1234.4805,1485.6609,790.44836,1181.4951,1107.3992,1154.8162,1014.0334,911.3602,737.3295,1191.6941,931.32733,1270.5162,1056.1016,1259.3168,1190.5948,1349.8092,977.01526,1127.4907,1179.0017,1186.1927,1061.5659,1196.2145,1027.2892,1323.9517,1078.4923,1107.281,1225.0049,1388.3539,1006.6926,1038.473,923.1867,1098.7954,968.29236,951.7342,1439.5646,939.7954,1152.9247,1118.1075,799.31165,928.3788,957.4615,1051.6527,907.1803,1058.3712,946.6813,1194.3502
2060,1279.2916,1497.1597,895.0665,1210.924,1164.2643,1167.785,1196.3271,1201.1233,1133.1672,1140.9517,1456.1373,939.2473,1085.7916,1185.1302,1162.9431,1047.8877,1195.8053,1048.1973,1051.5723,949.0497,1123.8964,1231.9764,983.93024,1218.4875,1581.9224,958.88855,896.3081,1050.8093,1018.1227,856.7445,769.57086,873.66907,1128.6553,958.24146,879.84393,1010.41534,1144.6372,1023.89264,1437.743,1020.1564,1140.0513,1252.5525,1373.5066,995.5649,1093.8364,1133.4451,1379.7249,1165.7971,1112.8812,996.82947,1418.0842,958.7737,1083.8274,965.2383,1278.5905,1067.4591,963.0965,1607.649,886.56726,903.3942,1234.7588,832.8868,898.5159,829.1831,1118.2922,1091.6907,1205.6676,1158.2546,1087.3768
2061,1229.1094,1317.3623,982.2979,1144.0627,1219.5076,1079.0077,1232.3164,1302.4155,1219.4288,1059.2153,1421.8184,984.9219,1106.7507,1011.2561,1141.083,1134.4518,1215.8906,1029.2896,1217.8678,912.2196,1200.0696,1282.4026,1240.9657,1355.0941,1289.5719,955.467,990.8307,981.35596,1271.3191,887.1552,870.2551,754.483,1101.601,764.4888,1155.7369,988.9585,1162.836,1070.1826,1152.8313,1025.6416,1151.473,1179.1719,1478.9498,1138.7203,1167.6349,1168.644,1388.284,1002.36426,1160.1038,1069.0054,1467.6901,968.91437,943.4266,952.5438,1243.4498,812.53326,1188.7385,1411.8293,977.1033,1105.8951,1353.47,852.716,831.50085,922.9229,1142.2432,900.87146,1195.6632,969.8587,1147.1737
2062,1195.0662,1550.2947,892.66144,1156.6676,1187.3555,1157.8003,1179.0199,1431.4902,1219.8622,1228.6992,1380.8348,938.40234,977.526,1053.3341,1313.7605,1084.2402,1246.8802,1110.1776,1197.9801,906.4311,1210.2001,1278.3678,1046.8153,1126.7662,1355.8104,854.2235,983.9961,979.0955,1268.4899,748.3824,916.9272,837.3961,1019.7173,871.9451,1142.9664,1009.14905,1117.652,991.3411,1241.7537,1015.2679,1262.5695,1015.5389,1450.7161,1126.1635,1217.5286,1167.0829,1381.148,961.55646,1223.4336,1113.4867,1382.3767,973.8948,1060.0135,1031.8131,1181.508,906.4057,1139.4404,1361.9133,1153.7976,1139.5312,1276.3043,813.55237,919.43427,885.2576,1090.7426,758.9286,998.3269,1138.8396,1518.5717
2063,1191.564,1257.6332,1139.9337,1076.3413,1267.8024,1215.7261,1249.0472,1233.6327,1133.592,1283.6855,1339.3958,933.20154,1142.6112,947.2836,1279.0863,1130.2947,1468.9646,959.31903,1095.8563,1001.231,1070.5381,1274.7313,1162.5946,1243.081,1504.951,985.27576,1123.3357,920.2335,1327.3983,1055.084,1024.5911,864.95184,1072.2358,962.6297,1088.6937,1010.5053,1183.292,1158.3075,1409.8876,930.47546,1082.4689,1058.0597,1521.7395,962.58215,1230.016,1184.0428,1378.8425,1075.2126,1174.1987,1208.0381,1345.947,923.4561,1032.4995,1087.1136,1207.3518,760.8516,897.1557,1154.7666,1167.4108,837.7301,1311.389,827.48535,849.53644,883.1347,1132.516,877.7918,1167.7098,997.53705,1370.3959
2064,1269.8857,1461.6847,940.37256,1161.2654,1138.0596,1300.7505,1035.1277,1245.5503,1121.2249,1182.811,1585.8561,792.651,968.1052,1016.0301,1231.8877,949.6022,1266.7412,1174.6213,1209.0244,1004.6579,1201.4825,1487.9686,1110.5778,1255.7673,1670.3275,763.0401,1061.182,1051.3281,1311.1996,855.6032,904.1729,837.9036,1114.3357,823.6253,1175.5032,906.52576,1266.7772,1278.4159,1576.0023,931.4917,1103.7709,1147.4677,1415.6122,1032.1243,1162.6987,1144.7653,1468.7903,1053.5287,1121.9742,1129.5414,1350.927,904.7291,1037.1716,979.0433,1342.6089,865.0159,1021.99255,1382.0797,841.0755,1386.2177,1309.1932,934.1141,949.9404,843.3729,1140.1205,1053.1665,898.64264,1080.7284,1263.2593
2065,1207.3097,1317.3838,939.0962,1028.2205,1151.6703,1294.4059,1163.146,1394.7363,1092.4131,1103.3522,1575.7402,869.7513,1140.607,1020.2534,1331.9729,1054.4331,1134.5852,918.1301,1129.9634,1064.3689,1086.267,1311.2068,1338.1677,1278.2917,1658.8298,894.1808,1052.021,996.0821,1322.7797,826.7608,977.79596,868.4863,1200.9081,843.0533,1149.0225,1179.3639,1180.9254,1100.2509,1417.086,1052.633,1216.7957,1111.91,1383.4309,1034.9149,1329.2522,1170.8615,1488.5706,1069.6311,1194.2262,1164.3682,1440.0128,945.8196,1134.1339,1030.8547,1221.2498,851.90546,1057.0448,1328.5104,899.8242,1226.9819,1553.1007,844.76306,852.3104,913.3868,964.4199,932.08044,1142.7771,911.3129,1193.801
2066,1256.0173,1599.532,834.5992,1130.7227,869.5588,1332.7972,1101.8024,1285.261,1058.824,1167.8569,1606.3246,929.5135,1041.135,1177.2003,1273.7914,1169.0332,1210.6227,945.78656,1131.9923,1067.9795,1280.0704,1300.9656,1012.3388,1182.0374,1667.1934,789.9835,1008.0096,1007.577,1154.2194,885.5668,972.324,937.06256,1147.5266,836.20325,1350.837,1002.488,1121.1998,1152.4003,1382.9454,959.7447,1292.1906,1246.5946,1348.2158,1092.4886,1193.6207,1208.6509,1358.9493,984.63293,1288.9706,1269.9697,1333.4514,999.22406,1165.4653,1104.6094,1240.5891,932.71796,1051.8795,1252.5597,802.3152,1111.1057,1361.4028,900.30505,964.50903,704.6532,1049.7738,964.565,1088.1154,1137.5713,1415.6215
2067,1216.0631,1471.347,921.42456,1155.2653,881.89624,1404.5509,1283.3479,1370.6335,1040.2383,1100.9456,1420.3627,988.58295,1149.8586,1152.4988,1467.7266,1089.2898,1357.746,890.78064,1114.1478,1091.8218,1187.7837,1487.5037,1143.3545,1337.4384,1614.8726,837.81854,871.42255,1033.7089,1466.7742,883.97107,986.18756,826.5748,1238.7585,922.2473,1114.7975,872.28735,1303.4375,1162.8076,1426.6973,1157.4084,1233.0887,1201.4281,1668.2908,973.7093,1268.9459,1231.5529,1414.9467,1102.6449,1241.2927,1106.057,1329.9574,1061.1766,1029.2725,1100.5507,1354.85,829.75977,1179.8989,1459.7881,929.44135,886.25104,1272.4711,903.051,931.85455,889.38416,1021.4971,895.866,1099.1613,1102.6941,1195.6145
2068,1212.815,1482.2244,1122.9678,953.3487,718.12695,1178.5536,1123.8694,1550.1635,1094.9359,965.9358,1405.5336,942.34607,1016.5774,1013.8497,1396.5658,1132.836,1292.2054,902.71106,1217.8868,989.3235,1214.2264,1440.5382,1185.4957,1169.1974,1661.7954,994.12616,1056.9945,981.5877,1305.0778,1013.4158,973.3324,876.658,1224.6091,872.76184,1262.6284,941.25696,1188.1748,1209.3119,1496.4321,945.7608,1183.3634,1422.3767,1429.087,1058.7968,1211.7454,1125.9797,1424.994,1049.1952,1087.8384,1173.2324,1482.1642,924.0143,1065.8175,1156.7767,1262.2809,931.3481,1041.6401,1544.4215,909.0858,1115.0769,1386.5464,769.304,962.6077,1077.9895,1128.9661,956.735,1314.3463,1024.296,1299.1016
2069,1215.2385,1357.1858,980.0641,1193.2955,671.98267,1473.1411,1156.1094,1459.175,1112.7678,1219.1328,1434.7673,934.2951,1142.8474,1073.5577,1351.211,952.084,1289.816,825.8311,1142.0258,953.3642,1188.6307,1480.8314,1242.4513,1276.934,1744.1317,898.7963,1087.3429,1010.22327,1188.9061,832.7506,1167.6191,1231.6943,1153.0933,999.8697,1327.0426,929.60895,1179.4613,1154.1545,1475.7158,1053.0533,1277.2788,1262.8293,1560.5195,1077.0295,1206.4192,1224.6221,1426.4816,1073.2167,1246.4707,1230.0444,1550.0135,913.5127,1105.004,991.2389,1348.6803,973.8858,1043.8795,1304.3298,955.822,1048.986,1438.5245,725.0856,904.6986,911.1937,1158.406,917.60254,1164.8885,953.5514,1384.8254
2070,1260.6008,1504.7262,949.13245,1140.4451,896.2533,1426.0975,1018.03296,1415.5176,1064.8137,1254.1487,1583.4086,865.9641,1087.7207,1199.6464,1328.7728,1101.1848,1228.7125,946.73596,1254.6237,1092.0332,1267.0975,1339.383,1244.7205,1406.9882,1574.195,699.4726,1089.3911,927.416,1273.1112,925.56665,959.2889,981.1858,1117.6652,984.8627,795.1086,986.8121,1144.5514,1078.8314,1562.4341,895.9266,1156.4242,1142.6768,1565.9142,972.6384,1180.7704,1284.7772,1517.3191,950.9425,1144.2863,1304.7295,1428.2358,1068.1772,1130.9265,1085.1439,1394.5446,860.23083,1014.3339,1376.102,746.2002,1084.2286,1464.8109,785.2363,951.8364,961.2045,1104.0336,953.3054,1102.9359,955.113,1401.569
2071,1224.0626,1510.8647,822.7943,1170.604,930.477,1325.1523,1274.1245,1519.8934,1033.8499,1177.678,1584.6813,1069.4766,1095.3975,1051.8008,1360.0455,1066.0436,1271.7987,982.614,1280.9797,996.4643,1196.2509,1370.7185,1198.8325,1350.6212,1638.4618,914.25006,1004.6032,1118.8949,1256.0533,962.70087,851.8009,1053.7644,1291.6656,981.87946,797.5889,911.973,1195.6,1309.3658,1526.2091,959.08734,1306.3893,1197.9095,1666.6548,1077.4532,1132.1703,1305.2117,1511.8118,985.925,1181.7533,1206.78,1429.0881,964.75964,1220.5686,1126.855,1288.2747,822.4102,1047.1884,1447.13,896.6134,1158.5623,1406.2699,808.94904,856.68384,903.1517,1007.2937,845.4174,976.5204,1270.9723,1323.0171
2072,1379.4003,1352.7018,830.23175,1115.5276,937.8184,1138.9816,1149.0276,1452.4469,1165.02,1261.2374,1417.1958,953.4116,1041.8339,1081.0786,1451.8191,1141.1608,1324.2291,1068.213,1108.6049,934.27954,1198.6731,1428.1296,1187.6886,1330.6295,1690.6472,855.5684,1073.9673,990.59314,1220.5927,1013.0258,970.22314,1020.0308,1569.0696,1058.2482,1179.9387,1048.5581,1255.0212,1070.6989,1681.0782,1038.4047,1116.035,1393.0485,1629.8052,1017.9782,1189.3027,1258.5375,1498.8203,1100.3389,1215.0558,1242.5824,1536.4816,986.72437,1096.4923,1050.3857,1513.4417,805.72363,1127.7312,1667.126,1077.7367,1153.4589,1287.5039,788.4588,835.29926,1044.2196,1175.4506,900.6018,1294.4474,1107.471,1380.8325
2073,1134.5217,1392.362,895.8273,1079.1842,830.5947,1410.2786,1383.1559,1553.4689,1035.0657,1233.9758,1679.8745,975.92206,1034.6215,1009.9726,1236.1964,1088.3147,1317.3982,966.48505,1174.5039,992.1636,1238.8301,1464.3248,1243.3461,1279.9293,1767.8391,970.36395,1002.86084,1025.7899,1251.5658,889.23456,949.7461,1060.5934,1236.221,1012.95984,1468.2406,957.10254,1237.3109,1263.1907,1574.2072,1013.97833,1172.718,1173.7216,1642.8792,1062.6781,1199.5835,1275.1989,1630.4642,1127.3627,1293.0691,1187.0182,1601.2263,1042.4973,1040.8043,1068.5115,1480.5654,796.24927,930.01556,1492.7103,926.76587,967.66156,1546.2362,815.5541,792.7297,951.6762,1175.288,932.3955,1201.9666,1121.0819,1292.7938
2074,1187.8685,1546.8794,941.42303,1116.0406,713.8364,1397.8286,1235.2522,1464.7291,1046.5123,1215.87,1688.8594,873.18726,1112.6788,1070.6963,1473.6796,1119.1738,1416.0139,1160.6681,1260.2689,1075.3584,1088.724,1399.847,1060.3007,1283.7798,1680.469,904.76874,1152.8417,1001.7179,1231.8351,737.02783,1056.8295,1082.949,1349.2347,1056.0128,1391.217,1076.6483,1236.7653,1315.6638,1740.1185,978.30945,1262.3937,1239.3341,1660.7013,1009.11475,1320.2129,1333.8657,1685.4224,1005.8227,1277.1625,1270.5105,1501.0062,998.4119,988.6005,1123.8247,1379.3995,992.1285,986.3956,1423.7877,879.107,989.7133,1584.3606,794.822,888.9956,1151.3142,1205.7571,975.559,1072.0383,1088.2512,1278.5393
2075,1026.8806,1632.8251,845.07654,1154.4276,861.3894,1508.7485,1258.6372,1500.221,1000.51025,1353.7025,1506.9458,875.4411,1059.2726,1218.2068,1433.0234,1148.2977,1279.9883,937.60614,1303.4425,1021.43866,1100.8824,1485.4171,1296.1984,1559.4398,1835.2708,928.2942,1098.4038,1251.9033,1329.6631,819.72296,1024.4993,1051.1819,1204.8542,915.9332,1038.8627,956.1915,1255.4038,1182.5707,1498.7802,935.8508,1228.1707,1174.5333,1595.1293,1050.7236,1150.212,1313.0342,1538.4838,1001.54987,1296.5289,1303.5365,1574.8989,931.7426,1193.3545,1181.3137,1335.8293,953.7616,1216.9703,1394.7224,1119.2789,1028.6283,1573.0697,875.13904,1073.796,968.1223,1052.5479,868.2382,1307.4834,1085.2153,1355.9254
2076,1143.3075,1655.7189,822.7995,870.8041,934.08075,1436.004,1327.2113,1425.3331,1033.3339,1347.5077,1625.5151,992.2481,1119.1462,1250.5314,1412.0405,1075.1653,1429.9307,1038.2201,1422.8171,938.37714,1215.9229,1474.0195,1373.2457,1661.9817,1643.7064,946.65857,1155.2314,1151.2179,1470.2412,794.36273,993.73193,1028.5663,1422.0299,942.11945,836.63574,984.17377,1197.8805,1243.2288,1536.1431,1075.9094,1192.5148,1189.6642,1711.4205,973.9394,1132.9918,1285.9368,1675.1615,981.1829,1179.6476,1186.2252,1589.3715,894.5476,1176.1293,1107.7782,1568.9692,1006.20355,1172.061,1521.3853,982.4287,1222.7251,1523.2556,758.0943,987.3399,1045.9751,1177.6884,936.04065,1234.553,1075.7529,1349.9045
2077,1202.2178,1649.4689,884.57794,1115.0807,820.0273,1521.1141,1360.019,1561.769,1003.52924,1352.4159,1645.2046,872.6279,1108.1721,1175.7533,1344.3245,1144.5059,1344.1683,1045.8633,1185.5768,983.61426,1146.9569,1525.0586,1000.25195,1448.4495,1776.4175,971.952,898.4682,1045.7903,1521.563,775.22546,1009.69836,1078.2098,1122.2943,869.71313,927.996,901.95026,1281.6019,1300.7063,1681.9695,971.5645,1230.3427,1215.9801,1736.5476,1129.0587,1202.2626,1387.4495,1578.9369,1184.4457,1203.3279,1283.0797,1645.7715,1006.9946,1104.3612,1117.3191,1312.8329,864.44836,969.5679,1580.6299,793.40424,1078.6642,1478.4673,830.34265,1011.0482,989.56793,1193.5449,933.05884,1141.5127,1118.922,1419.1437
2078,1203.6172,1621.0691,904.36597,1036.4036,785.16797,1387.9752,1324.7802,1679.8022,1054.5992,1180.1454,1613.9366,937.7492,1011.9758,1039.94,1370.5637,1090.6094,1423.838,1091.2882,1475.812,931.9669,1091.501,1577.2753,1146.1254,1511.5558,1732.1276,929.2635,954.06616,1051.4852,1424.4584,887.38116,888.848,999.9536,1100.899,852.3144,1244.9731,1133.4094,1055.3198,1224.3435,1716.7434,1033.3689,1292.7375,1306.6898,1671.8811,1119.0094,1131.1859,1340.0096,1641.252,1137.8372,1260.139,1258.8307,1574.1246,975.2072,1204.0507,1155.5839,1430.4155,897.997,1091.4757,1382.7983,883.7312,1164.0656,1310.9617,840.049,945.2765,1100.3615,1131.5159,929.1968,1149.4333,1302.3177,1419.5635
2079,1381.1462,1548.7704,896.41034,920.4013,746.6267,1550.4382,1120.9863,1570.54,943.0303,1336.065,1545.8641,905.33124,1229.4341,1269.281,1416.2418,1083.0461,1220.9362,977.76465,1204.4415,995.3772,1171.9673,1564.7067,1043.7046,1330.8143,1693.655,913.6058,1129.7671,1218.7726,1272.6661,822.3281,1068.4392,1034.8088,1465.4443,901.0086,1106.1058,1092.118,1117.063,1142.4196,1822.187,886.48157,1114.6577,1383.9678,1466.8344,1051.2587,1230.2007,1314.4338,1765.3324,1117.7467,1237.2552,1272.2552,1493.5441,979.3567,1111.054,1133.9182,1465.4833,902.0597,1191.7281,1599.8086,859.1998,1185.2031,1412.6366,758.2227,872.9913,1066.8375,1142.5026,1015.6609,1176.396,1257.0049,1497.9287
2080,1299.1244,1663.0881,925.4853,979.0556,824.528,1698.5142,1167.7776,1569.3617,1020.64996,1279.0388,1553.7277,1004.566,1114.2915,1319.986,1372.7646,1091.9913,1490.1176,1141.005,1266.7576,937.7588,1382.529,1354.9928,1250.6846,1512.5931,1556.8596,816.2243,896.03357,1206.4583,1436.2489,937.1432,1020.25006,1048.6509,1386.2252,1090.6237,1181.6991,1074.4468,1318.5753,1172.5529,1703.6595,910.53625,1202.1274,1326.1097,1760.1332,1023.3217,1139.7296,1287.0891,1752.3419,964.5883,1193.7338,1339.5616,1562.7544,879.123,1262.4021,1219.0479,1463.0005,846.53564,1093.4467,1524.2079,782.4685,1395.994,1640.6196,890.5422,954.36914,886.4772,1213.74,1055.4932,1093.5585,1223.2491,1376.037
2081,1234.7614,1766.4653,1002.9323,1288.2396,947.57227,1661.8997,1364.5757,1594.4247,1008.48364,1240.16,1771.7797,889.573,1160.7893,1145.2953,1493.1522,1027.4697,1407.7399,901.7549,1426.4371,960.7835,1114.6814,1492.9911,1140.5833,1388.1903,1880.8552,891.88904,904.4771,1245.9517,1539.503,884.8391,1050.2509,1048.0868,1140.8611,868.6318,1165.391,964.1268,1257.9481,1334.787,1565.629,965.49365,1223.1113,1253.8331,1899.9005,951.56226,1160.521,1352.3928,1594.1489,974.35516,1166.0632,1325.7603,1651.724,933.1404,1175.3226,1153.6971,1507.9132,954.58685,987.76886,1531.3698,998.59393,1134.0779,1577.3591,809.2924,1024.6995,935.53766,1175.415,888.06714,1072.7861,1188.7311,1348.4243
2082,1418.8754,1645.4254,846.18634,1042.7654,796.23737,1624.2657,1242.4761,1536.9893,1024.2847,1281.2297,1609.6085,912.3203,1204.4998,1060.748,1553.8986,1146.0515,1373.7529,1253.5863,1399.2502,967.90784,1205.4071,1561.2733,1230.9202,1408.2833,1724.0513,787.29694,1101.5273,1139.0707,1421.9142,752.03656,1122.1945,1178.3007,1281.8207,874.28577,1048.8096,989.2418,1359.3691,1370.3706,1610.709,1054.4304,1429.0542,1399.5132,1725.4569,981.8878,1248.69,1373.0479,1703.225,1019.40857,1201.238,1333.3552,1799.3086,982.3945,1146.8325,1193.644,1482.0182,845.9469,1185.8448,1551.545,892.1526,1076.2631,1444.2415,854.6461,961.7898,1024.322,1146.1548,936.47205,1163.5645,1166.4379,1412.7029
2083,1491.7527,1722.782,952.27765,1202.572,899.2277,1520.6409,1282.6377,1685.537,1018.79114,1234.5134,1676.403,954.20734,1244.5063,1167.324,1446.97,1117.1001,1417.7477,1245.1879,1251.285,956.1214,1090.0565,1400.8196,1186.9011,1579.9622,1909.6658,821.1301,1315.034,1151.5762,1338.7,753.96674,947.7219,1078.5375,1406.6713,1014.55286,1470.9474,884.7892,1290.6274,1357.2136,1675.1332,888.36523,1094.7185,1249.4698,1766.3853,1169.022,1273.0466,1223.1152,1679.9551,1177.6647,1124.1956,1385.0608,1738.7299,982.08514,1110.1759,1173.6483,1466.4744,904.4945,1192.3079,1613.5787,990.4803,1202.1608,1571.6677,829.6422,1039.8351,962.30804,1166.5944,1040.0824,1193.7179,1154.1161,1453.554
2084,1358.8212,1634.2993,889.3778,1064.8698,786.0738,1486.3497,1188.5706,1533.7965,1054.6268,1235.758,1699.0647,933.556,1109.6353,1245.1387,1412.2512,1106.6146,1541.4055,960.60614,1245.1218,946.3994,1093.9003,1579.5155,1327.7971,1665.5653,1933.3815,781.63403,1004.85803,1064.5394,1352.1827,920.68933,950.7974,1189.3843,1304.6575,1021.9171,952.0956,962.61945,1193.0067,1408.6362,1702.791,1006.78845,1300.2582,1353.7856,1682.9618,1081.3787,1350.3717,1342.4711,1747.5187,1003.4136,1206.7375,1353.2999,1710.1338,1055.9913,1081.7067,1128.1115,1598.1316,689.32654,977.1505,1637.8832,993.10944,1234.5417,1334.5204,820.995,1031.8864,856.3874,1052.8661,1025.0138,981.82056,1190.0475,1399.3844
2085,1243.2102,1607.8623,864.2952,1289.7769,969.13007,1660.7721,1207.9701,1596.1897,1125.3864,1171.434,1680.5502,1029.7283,1144.0597,1139.2544,1427.142,1178.093,1402.7725,1006.06494,1526.5034,956.4119,1030.9402,1706.7635,1217.939,1410.6714,1843.5403,872.46375,1127.0255,1089.7783,1452.0702,734.08386,958.65845,989.905,1392.6075,864.21454,1099.0161,1044.2689,1167.0864,1297.1548,1818.7693,944.5173,1292.5903,1349.1918,1835.2898,986.65894,1202.8998,1392.6306,1888.8461,1027.2186,1257.0428,1326.9692,1858.768,940.4103,1087.8062,1212.3163,1665.1555,783.58057,1091.6903,1854.9767,887.28894,1237.194,1502.787,911.82935,934.1796,1003.8609,1265.0646,1080.766,1093.586,1325.7974,1592.0739
2086,1239.5824,1667.1772,923.13434,1065.0316,812.83276,1577.2634,1140.8625,1624.2639,1030.0696,1204.5265,1660.3159,887.2568,1117.7944,1208.818,1536.439,1191.5125,1598.2784,1091.3035,1264.5267,1016.70807,1054.182,1557.5431,1186.3492,1395.0515,1919.0803,813.9454,1052.449,1255.8313,1503.0127,903.739,955.977,1230.1389,1245.5991,906.41956,1189.1877,1062.0763,1106.4783,1246.8676,1746.6674,957.46704,1279.8219,1327.7668,1683.5264,1132.6569,1225.272,1325.8336,1926.6279,993.7038,1268.7811,1337.9602,1808.7649,984.58093,1183.97,1395.5687,1569.4352,908.0355,1224.9688,1686.9847,1050.7198,1067.0162,1493.2507,873.1548,964.3532,986.26276,1363.4098,943.1138,1289.3784,1061.6913,1437.2758
2087,1482.1097,1933.0608,962.234,1068.7814,857.21735,1519.5048,1171.8767,1741.9032,1000.72437,1332.4995,1744.6096,937.9203,1140.6925,1245.4392,1680.696,1133.2219,1514.7451,1113.2775,1217.8793,1051.8691,1165.0288,1636.7382,1274.5988,1617.243,1703.9808,930.65137,1014.7575,1204.885,1321.3568,740.07135,1127.0226,1205.0531,1310.1163,795.02625,1532.1908,1076.075,1169.2045,1180.26,1694.712,960.7253,1154.876,1355.1865,1862.4769,1006.28284,1256.4254,1461.8165,1848.6705,1089.0797,1191.2025,1326.605,1915.2894,926.9588,1182.9596,1186.5621,1553.9187,1123.2219,1055.4401,1789.9307,894.00995,981.97614,1688.0219,805.5979,1062.6531,1199.7238,1280.7843,992.54474,1111.4662,1140.006,1345.1531
2088,1288.2974,1848.1227,971.5358,1143.683,959.5069,1578.9741,1180.8397,1892.0437,868.904,1206.6051,1810.4991,943.6272,1046.7642,1032.6294,1516.8936,1058.0065,1551.7593,1103.0173,1453.9628,1101.7678,1269.521,1840.3539,989.669,1495.9312,1938.4143,918.346,1038.2328,1165.4116,1518.7506,851.43884,882.8228,1130.1505,1190.1422,866.57385,1537.3618,1021.98236,1263.994,1315.4932,1880.0112,950.74036,1051.9299,1495.6185,2054.2632,1055.529,1315.5205,1427.0552,1926.018,1065.0283,1122.2532,1338.1812,1812.2158,1001.749,1106.6704,1226.1877,1546.4016,878.6481,1105.2842,1690.8049,943.1825,996.3024,1655.704,837.4599,926.90924,897.97174,1250.6235,983.11694,1156.4828,1228.0037,1583.8839
2089,1212.9982,1874.1886,873.8893,1177.1106,828.3189,1702.2532,1292.8462,1700.2456,915.3275,1093.2549,1657.7028,1006.83673,1041.4292,1124.6475,1497.7527,1085.7362,1541.1532,1086.6953,1412.8011,1111.3911,1166.5083,1644.0865,1111.8623,1404.6874,1719.542,839.7258,897.7761,1058.737,1565.4452,780.6477,875.9912,995.73987,1259.7063,810.9714,1157.9946,966.1314,1236.9707,1307.9635,1789.6769,970.13696,1227.3647,1264.4968,1863.9452,969.00714,1312.0225,1411.007,1880.3914,1049.4705,1248.5203,1334.2091,1766.087,897.1765,1099.2657,1221.2524,1503.7178,959.0985,1121.082,1657.2805,906.07935,1135.7032,1643.5702,864.54913,915.0936,1132.3304,1160.8528,838.08954,1171.9784,1134.4342,1769.4825
2090,1305.3508,1809.3195,1149.312,1079.8004,788.2087,1982.9122,1176.1093,1643.7764,1056.1558,1020.0977,1909.7167,1011.95776,1206.6437,1194.0425,1537.745,1125.6919,1586.9379,1210.6637,1445.0724,925.8316,1161.1062,1771.1267,1159.4194,1511.555,2116.0503,913.30054,891.3315,1163.229,1483.5077,717.4085,1095.3555,990.4726,1295.3257,929.7012,1250.3024,885.24915,1120.4222,1435.4886,1911.3801,942.90625,1219.3633,1479.7095,1799.7411,1118.6057,1315.0167,1373.9763,2032.0479,1018.4566,1273.5068,1316.8827,1692.6226,918.5747,1148.2324,1079.2643,1430.6975,903.39886,1112.9486,1689.262,760.82135,1110.7594,1844.591,856.1601,792.9665,969.8852,1222.4042,1013.17236,1193.1487,1291.804,1656.9493
2091,1140.4207,1790.9203,940.705,1061.8182,1012.74054,1608.139,1202.0371,1707.3846,1112.1952,1116.8423,1870.2439,1004.69666,1074.0521,1116.6708,1762.1735,1075.5715,1486.3711,999.2542,1462.7498,1039.4863,1346.6709,1670.8646,1284.9186,1366.3541,1930.2035,731.6729,900.3382,1073.1082,1472.7244,1027.9568,791.53577,1315.7673,1347.5781,1089.4681,1264.164,946.5027,1340.6945,1353.5756,1861.1683,910.329,1371.4563,1430.1077,1674.3296,987.4072,1236.2878,1516.8773,1866.3346,1060.6555,1202.4275,1403.7273,1984.2793,960.8507,1206.575,1310.2183,1457.2236,915.5251,1096.725,1752.5181,984.27985,997.83636,1618.4346,797.37866,922.1458,1073.7273,1338.1108,1022.7784,1096.7916,1263.57,1673.81
2092,1298.6467,1875.9847,874.8214,1120.8054,822.27625,1744.5756,1289.1697,1767.4828,1060.7598,1132.696,1794.9321,908.8725,1050.2297,1271.0531,1522.6635,1073.1056,1560.0569,1128.4116,1421.3711,1095.899,1041.9338,1650.2191,1032.8048,1459.6989,1982.9209,803.775,1128.0706,1195.8839,1444.7732,855.85614,896.1639,1429.1522,1542.7065,1047.7079,1105.4109,977.2089,1332.9946,1396.5592,2076.055,968.23413,1201.0085,1434.1622,1785.737,1132.1305,1204.0277,1331.6827,1901.5762,962.6243,1201.3438,1381.6107,1934.5072,992.6088,1087.41,1174.7778,1603.9507,955.8843,1237.2495,1903.1537,863.92456,1034.1945,1482.563,773.71545,876.88513,975.9976,1281.9634,939.06824,1461.8346,1168.4431,1576.3892
2093,1241.3301,1887.3807,1002.0889,1088.9036,842.00885,1678.133,1272.4437,1587.5305,875.9929,1271.8754,1988.892,1021.19147,1232.7634,1184.1378,1742.8464,1032.4723,1661.4434,1008.86884,1357.0063,912.27344,1294.4587,1698.5687,1086.0083,1603.6805,2005.4141,1095.2233,1040.804,1247.1934,1649.662,784.79626,999.4365,1222.2865,1625.9811,985.8659,1281.9692,1032.4058,1340.5919,1282.1327,1980.9491,965.91876,1224.035,1412.3231,1747.3346,914.36945,1289.6571,1371.9839,1859.2418,1015.6152,1274.5176,1368.1674,1862.4294,927.114,1096.6296,1259.3822,1649.8903,857.38,1243.8392,1609.7045,740.93054,1172.6576,1763.3243,782.72125,1011.0104,1111.6176,1274.6349,883.598,1179.5294,1220.0894,1524.3186
2094,1167.392,2055.863,897.9682,1097.4531,852.9533,1686.0542,1214.8173,1818.3795,1054.07,1098.8214,1877.51,857.17035,1114.6276,1237.9807,1792.6069,1036.2787,1749.9946,1148.756,1542.3589,924.185,1280.3502,1786.8237,1299.4441,1553.4221,2039.5182,963.27435,902.5931,1254.5919,1560.671,798.8706,956.35986,1190.0282,1435.4728,905.66223,1127.3098,1093.5154,1306.0697,1286.5438,1875.7815,965.54456,1340.1757,1235.0349,1944.8424,875.7549,1267.6105,1490.1233,1907.4253,1072.3267,1269.7874,1407.2672,2008.4905,1067.1279,1127.9027,1250.0377,1553.11,900.9883,1120.0613,1629.0322,893.42804,1070.1869,1820.6483,920.3438,849.7535,1132.8304,1452.1024,873.30273,1265.8456,1162.0736,1793.921
2095,1260.2814,1968.3444,888.4003,1065.0498,928.16345,1652.093,1358.0312,1734.0991,1041.3275,1171.0161,1928.5892,952.5706,1028.5587,1424.4613,1823.4359,1036.3138,1516.4594,1277.7922,1723.8236,1034.2214,1257.619,1743.5167,1151.7311,1597.1112,1992.8466,805.66064,1174.9813,1032.128,1615.266,853.20526,856.4595,1074.7952,1490.3394,905.96545,1038.0892,948.74445,1221.0005,1322.4379,1838.859,994.2427,1108.1346,1172.6952,1874.0321,1057.1123,1247.0051,1411.344,1951.8994,992.0349,1151.1566,1401.9961,1965.9755,989.7591,1221.3046,1262.1066,1589.6912,1012.1478,1020.5115,1918.9792,978.0356,1123.5488,1747.6624,770.1844,954.0743,1128.2338,1196.5833,947.06757,1158.965,1200.3446,1666.947
2096,1400.0454,2100.592,845.0224,985.5058,896.70026,1709.7241,1206.8712,1922.5416,1030.7041,1164.7273,2050.6355,891.6889,982.76917,1166.0789,1689.1764,1051.7621,1531.5251,1028.1561,1417.1624,975.59674,1151.3125,1744.3081,1262.2827,1565.5277,2001.7769,955.01935,965.89056,1239.5934,1586.3107,769.0501,855.3918,1052.6969,1519.3718,785.47314,1305.0844,983.26154,1295.2086,1386.8408,1978.3689,1012.889,1231.3313,1424.9006,1980.8872,1038.9321,1281.4686,1384.9015,1962.9961,1088.5459,1316.4044,1482.331,2036.603,957.185,1223.3792,1281.555,1500.727,849.8019,1180.2126,1711.9744,963.3489,1167.05,1879.4203,901.0623,1010.67584,968.6666,1288.0614,904.6092,1205.9126,1134.0577,1543.9585
2097,1325.3772,1863.8029,1028.9844,1015.76526,890.69995,1718.9553,1232.3363,1787.492,1053.4352,1135.7753,2079.4983,824.301,1176.407,1160.5007,1540.8226,1084.598,1644.7258,1214.8241,1329.2666,1022.29944,1492.6544,1840.3381,1290.4408,1397.1328,2210.7856,801.7673,1164.1835,1399.849,1527.5822,834.8428,1257.2567,1198.4508,1259.194,895.40857,1259.1525,1111.8624,1214.5422,1530.0404,2007.692,1009.1158,1192.063,1527.6627,1975.2358,1004.9029,1256.9575,1366.4552,2025.7532,1181.5999,1320.33,1413.574,2023.465,950.6484,1123.5895,1302.1819,1561.0566,782.44006,1228.0002,1724.6786,867.8452,1197.8143,1836.4061,826.03827,861.2396,1073.7834,1289.9957,840.5925,1148.4425,1256.2479,1645.62
2098,1406.9119,1851.1255,768.14526,1108.3932,923.4462,1800.7495,1249.7001,1795.6619,1130.4343,1289.1351,1824.453,876.168,1253.2524,1286.5183,1478.4781,1084.5652,1615.3615,1224.8502,1593.2043,1119.8931,1375.2767,1910.8698,1095.3217,1560.1764,1986.6622,903.2795,1018.7629,1326.1194,1523.1057,873.93445,965.1758,1188.9071,1362.7296,984.64264,1199.4092,1033.3722,1255.8691,1402.0383,1973.5857,973.58215,1119.9813,1385.9318,1923.3147,994.02795,1230.3341,1547.6887,2120.3718,1076.4607,1283.0637,1415.2803,2001.2325,858.8228,1256.2117,1199.5854,1706.1715,887.0675,1040.4403,1877.0177,999.69226,1061.0433,1664.1221,861.1491,842.6916,1090.1736,1439.608,1020.8067,1154.7057,1166.9131,1690.4918
2099,1281.1442,1974.1478,901.3634,1237.8341,928.85785,1493.7858,1212.4075,1781.5454,967.82446,1265.5835,1790.5872,919.3995,999.64984,1338.5746,1654.0417,1060.9149,1596.0332,1097.1141,1661.4373,1091.0197,1263.254,1833.6136,1163.1407,1605.9557,2026.3132,900.95685,914.3722,1280.8585,1832.575,1015.861,819.8319,1063.6376,1620.8767,1037.8596,1630.3492,1008.4888,1450.1893,1379.6376,1839.4193,947.5943,1286.7318,1324.7633,1992.045,1016.495,1329.4448,1477.9846,2170.0518,1041.7394,1073.8136,1538.5337,1896.023,909.3608,1193.9812,1349.2355,1862.4335,951.22144,1203.7169,1787.9738,987.07184,1123.9338,1869.5004,826.1927,971.7413,1033.3707,1432.5658,992.63416,1105.1202,1192.0494,1635.9246
