year,ACCESS1-0_rcp45_r1i1p1-heating_degree_day,ACCESS1-0_rcp85_r1i1p1-heating_degree_day,bcc-csm1-1_rcp26_r1i1p1-heating_degree_day,bcc-csm1-1_rcp45_r1i1p1-heating_degree_day,bcc-csm1-1_rcp60_r1i1p1-heating_degree_day,bcc-csm1-1_rcp85_r1i1p1-heating_degree_day,BNU-ESM_rcp45_r1i1p1-heating_degree_day,BNU-ESM_rcp85_r1i1p1-heating_degree_day,CanESM2_rcp26_r1i1p1-heating_degree_day,CanESM2_rcp45_r1i1p1-heating_degree_day,CanESM2_rcp85_r1i1p1-heating_degree_day,CCSM4_rcp26_r1i1p1-heating_degree_day,CCSM4_rcp45_r1i1p1-heating_degree_day,CCSM4_rcp60_r1i1p1-heating_degree_day,CCSM4_rcp85_r1i1p1-heating_degree_day,CESM1-BGC_rcp45_r1i1p1-heating_degree_day,CESM1-BGC_rcp85_r1i1p1-heating_degree_day,CNRM-CM5_rcp45_r1i1p1-heating_degree_day,CNRM-CM5_rcp85_r1i1p1-heating_degree_day,CSIRO-Mk3-6-0_rcp26_r1i1p1-heating_degree_day,CSIRO-Mk3-6-0_rcp45_r1i1p1-heating_degree_day,CSIRO-Mk3-6-0_rcp85_r1i1p1-heating_degree_day,GFDL-CM3_rcp26_r1i1p1-heating_degree_day,GFDL-CM3_rcp60_r1i1p1-heating_degree_day,GFDL-CM3_rcp85_r1i1p1-heating_degree_day,GFDL-ESM2G_rcp26_r1i1p1-heating_degree_day,GFDL-ESM2G_rcp45_r1i1p1-heating_degree_day,GFDL-ESM2G_rcp60_r1i1p1-heating_degree_day,GFDL-ESM2G_rcp85_r1i1p1-heating_degree_day,GFDL-ESM2M_rcp26_r1i1p1-heating_degree_day,GFDL-ESM2M_rcp45_r1i1p1-heating_degree_day,GFDL-ESM2M_rcp60_r1i1p1-heating_degree_day,GFDL-ESM2M_rcp85_r1i1p1-heating_degree_day,inmcm4_rcp45_r1i1p1-heating_degree_day,inmcm4_rcp85_r1i1p1-heating_degree_day,IPSL-CM5A-LR_rcp26_r1i1p1-heating_degree_day,IPSL-CM5A-LR_rcp45_r1i1p1-heating_degree_day,IPSL-CM5A-LR_rcp60_r1i1p1-heating_degree_day,IPSL-CM5A-LR_rcp85_r1i1p1-heating_degree_day,IPSL-CM5A-MR_rcp26_r1i1p1-heating_degree_day,IPSL-CM5A-MR_rcp45_r1i1p1-heating_degree_day,IPSL-CM5A-MR_rcp60_r1i1p1-heating_degree_day,IPSL-CM5A-MR_rcp85_r1i1p1-heating_degree_day,MIROC-ESM-CHEM_rcp26_r1i1p1-heating_degree_day,MIROC-ESM-CHEM_rcp45_r1i1p1-heating_degree_day,MIROC-ESM-CHEM_rcp60_r1i1p1-heating_degree_day,MIROC-ESM-CHEM_rcp85_r1i1p1-heating_degree_day,MIROC-ESM_rcp26_r1i1p1-heating_degree_day,MIROC-ESM_rcp45_r1i1p1-heating_degree_day,MIROC-ESM_rcp60_r1i1p1-heating_degree_day,MIROC-ESM_rcp85_r1i1p1-heating_degree_day,MIROC5_rcp26_r1i1p1-heating_degree_day,MIROC5_rcp45_r1i1p1-heating_degree_day,MIROC5_rcp60_r1i1p1-heating_degree_day,MIROC5_rcp85_r1i1p1-heating_degree_day,MPI-ESM-LR_rcp26_r1i1p1-heating_degree_day,MPI-ESM-LR_rcp45_r1i1p1-heating_degree_day,MPI-ESM-LR_rcp85_r1i1p1-heating_degree_day,MPI-ESM-MR_rcp26_r1i1p1-heating_degree_day,MPI-ESM-MR_rcp45_r1i1p1-heating_degree_day,MPI-ESM-MR_rcp85_r1i1p1-heating_degree_day,MRI-CGCM3_rcp26_r1i1p1-heating_degree_day,MRI-CGCM3_rcp45_r1i1p1-heating_degree_day,MRI-CGCM3_rcp60_r1i1p1-heating_degree_day,MRI-CGCM3_rcp85_r1i1p1-heating_degree_day,NorESM1-M_rcp26_r1i1p1-heating_degree_day,NorESM1-M_rcp45_r1i1p1-heating_degree_day,NorESM1-M_rcp60_r1i1p1-heating_degree_day,NorESM1-M_rcp85_r1i1p1-heating_degree_day
2006,1888.3196,2179.0679,2365.9248,2126.9841,2121.989,2736.531,2786.924,2317.9768,2597.9453,2783.8782,2701.0803,2468.5623,2573.8484,2273.4644,2425.3162,2503.8577,2165.4016,2446.3894,2571.4958,2421.356,2279.2756,2483.0679,2509.69,2463.8967,2180.0984,2473.5027,2058.4639,2332.1697,2335.2139,2429.0215,2428.6277,2513.6238,2343.2424,2673.2249,2497.7578,2214.145,2620.4304,2673.6794,2643.711,2505.2954,2473.8572,2412.3633,2721.8977,2710.5627,2783.1023,2652.3901,2463.536,2358.2744,2366.8848,2545.0276,2408.093,2690.586,2767.4722,2613.8965,2413.895,2311.4805,2296.8296,2459.629,2671.6895,2994.8042,2775.0874,2842.9817,2442.719,2743.071,2528.0613,2072.757,2454.2568,2360.9824,2287.6748
2007,2395.9414,2248.2117,2723.0017,2176.006,2278.6077,2302.2322,2433.3596,2531.6838,2172.5332,2107.5125,2552.4944,2413.5898,2537.5188,2919.2212,2240.578,2219.406,2181.7173,2298.7961,2635.316,2380.553,2205.8672,2723.968,2630.5632,2174.4834,2438.4844,2335.164,2297.5505,2466.044,2159.7485,2504.5908,2411.3677,2727.1426,2607.9246,2228.951,2217.2876,2280.038,2076.193,2316.1917,2283.474,2713.56,2336.7334,2465.0437,2580.4028,2347.1877,2241.6753,2168.1892,2324.692,2652.8767,2239.1086,2455.5195,2380.1504,2510.3743,2569.2822,2505.303,2089.4023,2339.9968,1936.3582,2228.4604,2604.3713,2258.0994,2032.4344,2430.0947,2481.9514,2648.6526,2543.2534,2237.398,2179.143,2207.769,2452.2393
2008,2207.9844,2623.4238,2919.993,2501.299,2534.328,2109.0095,2542.1055,2200.5415,2189.97,2520.5566,2049.203,2427.5596,2369.2341,2300.0325,1909.8458,2298.8518,2356.8613,2416.4104,2291.0398,2541.591,2730.3274,2597.8691,2287.6477,2272.5093,2498.7927,2366.073,2289.9895,2471.5066,2317.099,2640.2485,2630.874,2169.9229,2532.594,2511.8806,2021.396,2568.097,2105.5786,2356.4238,2812.8613,2187.754,2753.1658,2319.3,2037.3557,2297.4893,2479.6091,2038.5132,2583.489,2511.5337,2470.7805,2388.5632,2471.9333,2528.4473,2237.9558,2431.767,2413.397,2397.265,2223.6816,2417.8894,2451.1965,2338.9736,2251.6997,2421.441,2894.3281,2547.6226,2617.9946,2503.3804,2327.813,2178.758,2439.871
2009,2543.904,2517.1829,2241.345,2139.8699,2624.672,2397.059,2068.5684,2247.02,2238.197,2606.3457,2518.9453,2324.0798,2464.1016,2067.686,2344.3313,2540.3733,2156.3484,2472.8684,2709.74,2495.0063,2542.5422,2447.632,2397.9739,2439.5737,2406.8281,2301.2979,2581.4927,2718.414,2330.8267,2197.048,2601.3376,2603.0784,2364.4077,2459.1038,2864.2393,2447.3943,2406.3987,2377.8347,2438.7402,2645.719,2228.3801,2466.6445,2636.5935,2332.3218,2551.6526,2343.119,2733.9163,2269.9546,2267.0286,2320.218,2562.594,2680.2656,2027.7332,2645.4712,2177.0366,2282.021,2378.3606,2426.038,2855.2463,2221.5938,2660.935,2607.394,2897.054,2597.2322,2663.6946,2635.9927,2672.2693,2362.6953,2612.1577
2010,2659.669,2592.072,2697.543,2451.4192,2367.9177,2137.8718,2548.089,2594.072,2223.4214,2717.3535,2328.745,2471.7573,2733.0867,1978.2638,2725.1055,2612.5442,2433.428,2748.2854,2756.4827,2610.4219,2381.4954,1827.0137,2378.6438,2484.5962,2311.8315,2522.836,2416.638,2113.8918,2229.943,2354.05,2769.466,2479.6863,2869.2705,2234.7036,2329.3425,2308.987,2133.5637,2498.8762,2315.8845,1958.654,2140.967,2176.5195,2133.5312,2598.178,2329.5334,2585.5723,2295.858,2514.9077,2217.8572,2534.8982,2269.8335,2461.4482,2258.8093,2326.1577,2629.5476,2331.695,2388.036,2142.082,2457.049,2439.0396,2178.4333,2434.7263,2623.4421,2556.0535,2359.215,2614.6758,2258.6553,2655.2866,2692.796
2011,2130.294,2172.0176,2409.2166,2539.697,2368.9712,2778.943,2507.7524,2370.0027,2401.111,2139.2969,2677.3706,2280.593,2344.0068,2142.4968,2462.3328,2543.9126,2215.3909,2489.0334,2700.4944,2431.8323,2736.7844,2418.326,2526.786,1830.5383,2274.8425,2082.5884,2179.3367,2329.9373,2176.9568,2478.519,2595.1206,2638.4287,2647.8108,2713.8367,2509.1382,2511.525,2253.0525,2093.565,2232.6245,2091.381,2371.7903,2312.532,2583.9395,2101.0066,2544.43,2421.1106,2407.5083,2346.6948,2487.8887,2370.464,2275.4526,2160.471,2406.47,2333.8835,2699.827,2118.1873,2495.2214,2318.6682,2194.8052,2342.4705,2222.8032,2337.3218,2549.4753,2722.019,2851.7456,2422.2808,2423.15,2589.6035,2210.3293
2012,2241.2302,2535.424,2177.3967,2409.2507,2408.324,2409.428,1741.9034,2356.7935,2191.4858,2673.6714,2241.52,2217.9573,2465.6565,2287.9119,2029.363,2659.0186,2338.3362,2292.886,2198.754,2560.028,2606.131,2313.862,2358.0156,2442.5073,2083.153,2659.4436,2234.524,2110.6392,2393.3618,2613.4001,2506.1218,2790.7512,2418.3599,2334.4146,2342.3254,2480.7566,2462.9934,2510.8313,2239.9534,2548.0366,2113.5378,2140.5642,2262.5566,2528.0417,2635.1855,2338.3005,2537.1733,2318.2537,2269.5217,2469.4565,2440.879,2272.44,2684.1936,2440.4048,2405.4019,2307.582,2636.5596,2340.0044,2507.6196,2604.4346,2192.3533,2668.5564,2432.7812,2598.913,2402.8936,2189.9863,2374.8433,2719.041,2163.7458
2013,2371.5022,2397.031,2413.5664,1922.5854,2344.2896,2278.4783,1870.6093,2524.269,2611.53,2532.3313,2112.8633,2101.9116,2094.7031,2216.2437,1839.3953,2657.6816,2216.015,2459.0852,2284.8865,2434.977,2353.3604,2351.9934,2212.6497,1835.6837,2330.8171,2337.561,2575.806,2278.1523,2548.6426,2384.0369,2386.4219,2332.949,2364.0723,2576.8123,2550.7695,2557.304,2593.3792,2360.3037,2329.7024,2605.7737,2713.051,2348.372,2380.4404,2532.3232,2149.6536,2735.1072,2357.757,2149.3345,2432.857,2495.068,2374.762,2515.281,2364.0103,2514.4834,2090.3657,2498.314,2120.5608,2799.901,2198.875,2422.6672,2348.734,2358.7056,2576.151,2443.1562,2459.4087,2427.216,2280.8665,2243.3164,2190.6372
2014,2241.6572,2620.1707,2098.467,2262.643,2481.631,2355.3472,1979.3345,1844.1776,2143.1582,2280.1501,2321.7104,2477.7188,2679.5315,2118.6953,2543.871,2369.0122,2582.288,2550.7996,2240.0671,2335.0947,1974.5288,2475.6575,2523.3252,2344.785,2492.0317,2100.5593,2387.1018,2124.785,2156.3845,2434.7979,2383.1152,2511.545,2807.2805,2750.5667,2608.2664,2724.7656,2013.3822,2674.9731,2178.7957,2489.7153,2072.576,2355.6948,2482.4597,2240.8728,2193.549,2372.8057,2078.8135,2629.0483,2409.4622,2454.8193,2138.7249,2336.7358,2218.5466,2580.163,2425.2402,2398.9592,2076.8235,2351.199,2352.502,2306.3572,2569.2964,2730.1775,2628.01,2554.486,2472.1328,2594.6184,2499.9038,2638.2927,2078.8213
2015,2148.0112,2887.0735,2287.7297,2357.623,2201.213,2257.3113,2434.462,2435.3586,2422.0823,2256.7168,2556.876,2465.8735,2340.6838,2272.4229,2433.7458,2361.0286,2723.6418,2315.8184,2335.8694,2246.061,2433.4585,2716.4668,2150.9597,2416.8523,2396.3093,2426.3184,2317.7163,2325.441,2592.0073,2454.8008,2559.1729,2469.9119,2700.5303,2160.2717,2267.4814,2378.1145,2197.831,2579.365,2678.933,2125.69,2243.3542,2288.0813,2420.3257,2137.192,2313.5835,2233.7031,2253.2498,2697.3142,2157.4668,2178.2542,2140.9407,2340.4214,2456.2278,2083.824,2003.7323,3175.9412,2620.0989,1990.2909,2528.747,2345.9897,2694.4143,2683.9155,2667.8186,2788.5723,2728.0464,2647.4753,2700.3135,2712.9802,2636.3083
2016,2361.4392,2501.4827,2496.5808,2265.7913,2606.9658,2295.0195,2078.1367,2650.6223,2305.8032,2467.7542,2042.0929,2275.702,2061.074,2294.3203,2058.3076,2562.1333,2404.2917,2149.0234,2749.4543,2587.5112,2552.5698,2298.9182,2777.8015,2306.7668,2793.752,2453.231,2204.7004,2427.2297,2477.688,2120.581,2845.364,2514.4683,2326.121,2313.9492,2548.897,2139.6677,2070.6702,2353.1567,2184.3892,2018.2393,2162.015,2248.2744,2681.8806,2228.254,2544.647,2550.7004,2246.4988,2480.8909,2321.8594,2637.1963,2544.1833,2274.5874,2439.6016,2720.8242,2256.5898,2319.2393,2395.0854,2360.839,2628.463,2392.9604,2235.416,2492.557,2668.8987,2251.2986,2790.766,2379.9138,2324.1914,2160.266,2379.5027
2017,2402.9263,2308.894,2583.046,2285.8887,2748.0393,2467.383,2020.853,2705.155,2192.8962,2301.2979,2334.6584,2156.5325,2287.7097,2436.8335,2436.7935,2444.6047,2414.8337,2499.6028,2577.2725,2170.0457,2368.4675,2505.055,2173.532,2577.3323,2191.9602,2329.0898,2234.1921,2126.1653,2172.9126,2568.804,2676.3745,2605.1067,2138.1924,2393.638,2590.5776,2235.0588,2206.4116,2390.826,2593.7832,2571.6912,2230.494,2173.7842,2341.6843,1973.4547,2451.0479,2313.5803,2878.8896,2159.7397,2503.0408,2724.1963,2420.559,2025.2062,2439.637,2475.6956,2603.1082,2670.2285,2182.0334,1939.0101,2387.9697,2209.5798,2760.0437,2472.2778,2514.4805,2850.7014,2833.6562,2143.2036,2554.5452,2440.3447,1705.2803
2018,2665.3833,2426.716,2575.8367,2696.556,2146.652,2497.4202,2450.0652,1876.2942,2257.9226,2316.625,2280.9004,2102.5686,2334.6965,2477.359,2428.3076,2260.5825,2309.4932,2552.7944,2198.6987,2404.6846,2334.5193,2508.448,2266.369,2383.8936,2077.8318,2296.4578,2312.4653,2530.909,2055.3813,2597.8984,2318.0486,2575.0837,2482.4062,2424.0864,2160.3357,2120.8496,2244.518,2193.0046,2283.9548,2670.5542,2270.2002,2309.5122,2646.556,2331.4224,2514.165,2579.8186,2516.3604,2439.6348,2177.8542,2232.978,2729.2874,2086.2266,2355.5427,2419.2893,2305.2097,1848.6361,2282.5789,2159.2268,2207.6797,2482.2795,2540.475,2695.8452,2482.9185,2659.2517,2657.1636,1950.1769,2131.3484,2476.83,2229.498
2019,2340.396,2375.9705,2197.1917,2505.3162,2631.6016,2502.9321,2555.646,2143.673,2177.9592,2164.3293,2300.9363,2366.5405,2320.2998,2633.1753,2422.4556,2164.3665,2582.2043,2745.6262,2274.1863,2153.961,2434.009,2249.9595,2090.7039,2317.05,2005.2765,2358.549,2399.4937,2509.2148,2490.1077,2204.0295,2443.006,2787.1604,2347.4229,2328.1716,2338.1606,2589.5415,2495.923,2463.0186,2261.399,2359.794,2708.2083,2085.6216,2561.8467,2545.4275,2247.1265,2488.5806,2034.8082,2120.3328,2315.7812,2307.2068,2255.1157,2448.6646,2229.6245,2536.294,2210.1636,2104.3845,2285.8162,2024.0057,2020.7712,2502.4946,2197.1272,2678.0251,2603.7336,2482.4626,2476.2322,2399.2134,2447.6216,2513.6406,2418.951
2020,2389.539,2454.061,2290.5483,2396.9297,2792.3335,2099.2659,2213.796,2736.724,2168.2344,2420.7468,2106.817,2085.976,2045.3391,2235.821,1825.1674,2131.3828,2120.6643,2532.6948,2180.0835,2319.7603,2501.9993,2250.0667,2272.3892,2340.4111,2332.701,2223.3882,2260.2693,2622.5913,2470.222,2262.636,2486.0884,2320.4246,2557.734,2773.3174,2812.0322,2279.614,2390.856,2492.6428,2707.1543,2175.4978,2076.7725,2001.5033,2418.607,2115.4224,2349.4514,2406.8574,2326.337,2483.0403,2180.688,2593.8591,2256.7825,2414.4387,2229.1765,2041.3674,2572.2979,2584.6738,2550.6748,2402.622,2698.9978,2453.0347,2103.8528,2506.8655,2527.9268,2535.043,2424.292,2324.205,2309.0388,2709.5725,2283.494
2021,2256.1284,3016.274,2312.5193,2310.9492,2398.4321,2144.6719,1834.9258,2295.662,1978.8918,2187.9746,2629.3325,2322.586,2000.8949,2519.641,2211.8489,2450.7412,2482.4863,2304.4973,2460.5483,2449.4192,2469.5735,2514.987,2010.1421,2219.1406,2357.1567,2384.9814,2399.21,2589.7183,2130.153,2194.4028,2288.7715,2369.1802,2701.1624,2337.0771,2300.6475,2137.0156,2262.3237,2306.8357,2351.771,2239.4985,2429.1133,2617.0588,1941.8467,2189.021,2411.0,2338.3467,2332.4927,2698.2659,2477.6245,2255.4763,2111.1655,2252.2148,2441.7175,2297.366,2236.5706,2323.6262,2477.8965,2733.09,2439.184,2233.096,1959.8551,2354.172,2477.5867,2956.7937,2411.832,2781.5613,2508.3367,2347.7573,2385.359
2022,2276.3557,2020.2583,2244.645,2297.157,2216.5913,2104.723,2311.032,2279.812,2131.4448,2662.4568,2020.363,2488.3926,2498.3687,2249.5981,2589.87,2365.8486,2313.8972,2355.4197,2819.9316,2873.2397,2350.2556,2312.148,2212.8442,2263.485,2152.8726,2538.9922,2349.8757,2735.398,2487.847,2118.7947,2655.331,2448.4653,2415.1833,2581.6106,2508.7024,2920.9722,1966.1818,2277.1558,2490.8472,2443.9973,2212.31,2163.916,2382.7048,2298.6897,2215.8386,2313.034,2048.4785,2413.9175,2249.2031,2270.8157,2202.481,2144.735,2330.1758,2640.3013,2375.8738,2437.076,2196.5847,2538.169,2337.069,2245.543,2622.2058,2780.6897,2612.6094,2531.8958,2568.379,2138.9822,2323.1853,2233.797,2481.2764
2023,2249.9197,2219.8438,1879.1083,2287.2715,2388.2512,2226.3281,2247.2295,2773.7158,2256.5388,2195.238,2025.411,2476.9238,2153.647,2249.406,2715.616,2884.2644,2073.4014,2336.978,2164.5269,2093.5696,2199.5825,2279.6584,2196.5823,1941.7329,2659.357,2419.669,2560.4268,2566.9954,2330.5427,2584.278,2090.3752,2378.0457,2454.0515,2537.0818,2049.1775,2368.4277,2190.594,2560.6736,2457.9673,2036.1816,2309.9692,2509.3506,2407.1084,2343.084,2352.2822,2190.192,2300.8281,2229.4858,2569.7158,2506.8035,2263.3347,2013.2784,2297.6875,2003.5618,2421.2993,2170.5923,2049.354,2360.1028,2527.2383,2574.127,2397.5295,2766.557,2554.5618,2947.1995,2478.528,2289.7727,2581.104,2627.846,2112.4153
2024,2182.7588,2501.8289,2261.1003,2477.0852,2557.5884,2329.871,2545.3357,2390.7969,2209.8,2374.1714,2356.7983,2152.6768,2469.2559,2345.3418,2145.128,2191.834,2452.1802,2533.1602,2510.123,2230.1792,2113.5989,2561.8184,2510.0903,2413.276,2301.9436,2408.4082,2224.4902,2541.348,2509.4395,2307.6155,2243.8977,2455.651,2199.1523,2421.4648,2435.325,2005.5446,2236.0176,2395.9358,2107.382,2315.228,2367.8652,2181.669,2447.533,2296.7659,2117.5527,2313.08,1900.7118,2105.8113,2038.2742,2576.0303,2118.0334,2024.1276,2250.4673,2365.0198,2222.574,1977.9009,2342.7136,2192.7173,2352.3833,2384.5303,2400.9578,2323.6875,2556.8462,2646.4448,2386.646,1885.0626,2519.4204,2386.218,2064.6243
2025,1958.4229,2197.0916,2272.5415,2345.4082,2816.7314,2076.128,1982.1251,2042.8062,2176.0007,2279.99,2316.1943,2305.2969,2336.5347,2267.173,1977.3109,2723.6702,2261.6338,2176.7537,2286.7468,2300.2578,2517.6162,2263.1484,2212.945,2115.276,2131.6238,2555.4617,1894.2693,2242.897,1993.3395,2452.8594,2488.8782,2059.6282,2273.8093,2451.4673,2498.565,2356.0999,2459.1414,2193.409,2600.848,2729.6182,2417.1519,2312.3943,2243.284,2089.158,2367.112,2239.1895,2010.8092,2426.828,2016.9464,1980.0671,2235.5823,2118.093,2201.0996,2444.7776,2642.543,2025.3627,2299.5166,2376.959,2277.485,1879.8545,1976.1631,2534.8506,2253.0627,2350.1948,2279.565,2457.1936,2055.1638,2439.8474,2132.1394
2026,2090.5312,2110.2722,2362.8198,2337.3586,2536.38,2253.4382,1994.7255,2309.386,2127.3625,2392.8955,2150.7605,2290.9163,2642.04,2383.6008,2361.6501,2145.611,2236.9338,2314.021,2177.1128,2329.5435,2168.8347,2519.714,2311.6714,2164.2878,2299.687,2585.8545,2161.4553,2535.014,2261.435,2457.895,2381.1501,2356.304,2468.1584,2390.1272,2615.9858,2235.3655,2189.0017,2324.824,2502.4807,2228.9688,2222.743,2230.8264,2251.3215,2495.5962,2221.7458,2526.2068,2283.9922,2005.6433,2194.2783,2492.5725,2271.9824,2096.0752,2171.7966,2084.4397,1975.6339,2572.0667,2471.0615,2111.744,2152.8984,2323.0125,2150.9712,2298.465,2401.475,2643.6675,2482.0566,2291.9023,2136.6929,2167.7803,2433.615
2027,2105.1665,2167.3003,2306.6973,1693.903,2353.5657,2306.5076,2370.1484,2207.2383,2300.7058,2156.2402,2362.2852,1935.5889,2209.039,2085.5068,2129.49,2260.3755,2669.8757,2459.8655,2456.7903,2292.5618,2663.0679,2477.7593,2487.7659,2096.5447,2180.8792,2489.8772,2380.868,2258.9758,2436.3657,1844.7008,2330.9333,2542.321,2295.9521,2462.66,2359.5518,2359.729,2177.264,2144.006,2229.9885,2138.218,2351.678,2554.761,2065.5964,2059.534,2381.526,2125.435,1941.4935,2249.971,2187.7485,2157.166,2127.2773,2290.1025,2201.376,2314.3728,2747.731,2239.6003,2597.583,2467.4648,2157.7612,2235.7563,2293.717,2672.7349,2321.8667,2574.7456,2451.9119,2762.7441,2386.2634,2506.725,2414.1702
2028,2037.4102,1840.0161,2306.7317,2350.039,2212.3853,2948.4197,2228.7183,2050.8423,2240.8857,2441.985,2136.2983,2270.623,2317.2114,2134.461,2100.7537,2119.2095,2471.591,2085.195,2299.2874,2400.6975,2483.7136,2695.0386,1968.0869,2762.5408,2256.4407,2610.2476,2298.8333,2541.7932,2233.848,2563.764,2546.4717,2618.2454,2541.6443,2158.0398,2565.2676,2684.8438,2226.9707,2582.4434,2249.386,2391.4062,2082.3635,2361.7766,2577.135,2135.622,1992.6857,2122.4656,2081.2412,2477.0872,2310.673,2117.2825,2304.8425,2370.1416,2353.6287,2085.129,2327.945,2497.4067,2513.6775,2014.9459,2041.5332,2706.8599,2576.047,2799.8015,2587.486,2592.6494,2632.5654,2354.243,2405.567,2501.2683,2357.4185
2029,2139.1711,2132.5254,2563.7837,2446.9873,2541.8308,2060.7239,2025.8049,2301.6084,2583.4353,2268.4524,2223.0317,2360.157,2416.5078,2360.4893,2585.1675,2229.798,1991.8337,2434.19,2403.151,2366.1482,2120.229,2176.7861,2411.6155,2267.2651,2376.5117,2201.3323,2554.7512,2474.224,2253.1536,2295.3828,2214.214,2138.8584,2582.8918,2460.152,2627.2798,2270.4294,2429.6665,2089.3892,2008.8507,2142.676,2173.2205,2695.451,2415.733,1995.3608,2040.0455,2235.5137,2049.6023,2233.0374,2534.9932,2368.977,1862.4098,2093.3438,2453.7964,2012.2513,2030.8523,2340.0884,2516.6196,2292.2498,2063.1936,2354.6843,2685.5635,2577.7776,2780.5413,2439.1934,2372.4407,2245.8735,2404.3948,2564.9707,1934.4159
2030,2234.2666,2037.5203,2154.3752,2664.0117,2206.5415,2037.8989,1825.6163,2085.0854,2070.3296,2015.3462,2344.4329,2268.6958,1724.2706,2588.3638,1823.1642,2135.6116,2230.2483,2234.0686,2159.6584,2632.0305,2010.5902,2136.4583,2522.333,2094.4902,2334.4873,2376.9062,2115.661,2180.2122,2415.023,2312.2136,2455.9656,2369.8467,2244.6833,2729.549,2270.669,2283.8064,2059.813,2615.4014,2253.6287,2540.6892,2149.2112,2212.1877,2186.3743,2235.9836,2099.63,2241.2217,2025.7686,2191.5234,2247.3606,2315.304,1921.217,2043.4113,2074.6592,2624.867,2115.5984,2381.8787,2475.6396,2147.572,2232.2478,2522.9841,2086.2195,2450.1946,2400.5881,2550.8103,2762.589,2517.1345,2194.7354,2269.8037,2361.3398
2031,2309.2021,2485.462,2098.585,2550.3635,2381.3013,2208.95,2214.8333,2802.9583,1854.3579,2284.9077,2595.1091,1893.7708,2389.6377,2510.9995,1919.5881,2560.1597,2183.402,2259.9138,2129.3804,2589.0059,2159.8623,2103.3484,2018.5105,2391.2131,1954.2246,2523.3992,2471.5654,2198.098,2066.3335,2483.895,2428.251,2476.7244,2328.1697,2569.5474,2471.814,1994.5967,2062.181,2375.235,2220.9578,2196.0098,1875.4485,2410.7964,2253.3027,2122.9788,2045.5117,2378.6035,1982.6945,2074.0442,2258.1147,2170.4177,2018.2576,2212.1938,2038.2191,2341.554,2019.0496,2361.97,2334.3313,2246.7864,2535.8176,2297.969,1821.6489,2333.582,2549.5864,2514.0784,2480.3015,2443.9382,1910.7109,2380.5977,2628.2969
2032,2225.6143,2172.463,2490.7734,2123.7158,2444.984,2405.3086,1936.7401,2095.8274,2193.8494,1834.9536,2529.7212,2081.0884,2341.5857,2264.5642,2194.2378,2134.0735,2126.28,2248.49,2342.6213,2467.918,2287.9763,2262.6829,2280.6116,2042.5148,1744.008,2514.6252,2412.6826,2685.8828,2166.0842,2115.0022,2255.9429,2660.2197,2158.8394,2559.484,2336.9421,2116.5554,2401.3137,2324.901,2248.9492,2678.1448,2416.6577,1980.9043,2337.6768,2020.346,2237.561,2304.831,1979.353,2269.1487,2063.2002,2389.3076,2505.8215,2302.295,2046.5338,2162.722,1940.2439,2263.8828,2558.3442,2005.0685,2364.3167,2218.7056,1975.3966,2865.1506,2804.9822,2786.5256,2809.0654,2229.273,2371.7256,2182.2336,2043.6989
2033,2190.913,2551.1636,2179.2048,2131.7502,2468.2712,2207.0942,2241.2673,1908.5214,2443.5625,2129.3682,1975.721,2184.4294,2149.6868,2290.3528,2290.3547,2509.158,2231.7136,2128.1445,2308.1733,2286.6887,2708.2808,2047.7845,2228.8347,2031.1746,1955.6257,2492.6074,1911.7166,2353.6128,2322.7458,2321.7266,2209.5376,2190.9421,2092.4473,2508.9844,2230.3364,2264.9033,2110.3542,2262.2017,2102.772,2049.674,1980.4929,2453.7822,2163.6975,2181.911,2027.0137,2106.2578,2174.7964,2342.7747,1951.0204,2265.1782,2211.4539,2275.6821,2552.248,2211.4685,1934.4899,2431.677,2693.615,2411.4185,2267.688,2172.8728,2169.9058,2391.2883,2458.641,2652.4028,2477.4827,2496.4978,2313.729,1898.8381,2228.797
2034,2281.1492,2195.9023,2192.0186,2361.1096,2602.8335,2277.0625,2460.3113,2252.969,2377.2317,2179.805,2181.5278,2297.0964,2371.9814,2257.3506,2389.4407,2302.7585,2356.8274,2541.1333,2166.4158,2124.5972,2427.2725,2095.631,2087.4585,2275.335,2024.16,2378.875,2132.0093,2431.8298,2331.7302,2363.469,2350.0413,2430.8013,2509.4019,2533.8604,2425.8188,2105.4963,2142.5435,2463.214,2287.2537,1917.2979,2314.063,2511.0713,2394.2869,1812.781,2355.0918,1955.1213,2120.263,2503.0986,2511.0303,2169.9827,1875.8875,2197.561,2225.4817,2308.3013,2242.359,2213.7957,2187.1938,2253.555,2326.3423,1783.8395,1760.2979,2578.8865,2392.2163,2656.993,2678.256,2274.4602,2185.3215,2367.2375,2234.6926
2035,2520.9907,2358.195,2131.9822,2368.9531,1991.6932,2179.9495,2304.158,2310.0989,2036.6257,2049.5415,1994.1144,2194.242,2501.4443,1900.3055,2287.0764,2571.313,2304.5732,2337.831,2546.7405,2112.148,2465.9019,2235.9263,2330.8088,2086.6206,2297.8833,2411.1611,2280.1707,2148.3977,2086.3208,2490.9675,2247.0166,2097.3054,2166.2,2162.7346,2487.1125,2233.5232,2141.222,2158.3188,2097.9426,2494.8713,2287.1462,2575.054,2120.5564,2247.8809,2062.2556,2280.6284,1782.2341,2325.2502,2037.2222,2392.4407,2111.3574,2549.4204,2439.1868,1994.0244,2173.9485,2430.5583,2216.6824,2080.0767,2291.5225,1815.8588,1992.7675,2372.657,2358.6255,2493.5771,2419.4915,2151.5906,1989.8738,2288.6804,2057.868
2036,1770.4065,1984.3741,2398.0786,2136.2349,2382.3372,2165.5227,1969.5507,1976.7358,2195.6763,2126.4607,2171.3171,2204.5486,1930.5061,2537.554,1836.3892,2070.1985,2188.6492,2260.6343,2395.842,2223.355,1983.6669,2188.627,2571.8225,2386.07,2167.147,2439.348,2529.4487,1963.2247,2310.12,2354.4185,2360.2876,2132.9917,2677.545,2373.7986,2368.0718,2251.1829,2024.1846,2117.2668,2155.8665,2088.2053,1972.4696,2479.9724,2251.5645,2205.7913,2150.0542,2275.6812,2289.3994,2096.693,2005.1509,1850.5967,1976.9662,2009.9454,2258.4292,2317.6697,2203.1306,2496.5671,2365.147,1760.2495,2288.9473,2117.4768,2175.453,2348.6406,2792.5383,2219.3438,2503.2249,2373.498,2095.8208,1847.1183,2319.9143
2037,2237.5117,2281.6885,2392.1016,2085.1194,2576.9119,2365.609,2151.1929,2115.0513,2149.7942,2326.3416,2517.35,2390.7507,2120.8105,2485.2034,2422.2512,2241.6345,2189.7734,2361.3882,2277.0725,2097.2517,2237.472,2545.7766,2312.015,2111.206,2248.8528,2577.392,2180.7168,2494.2705,2141.4717,2189.2148,2396.2844,2351.0735,2092.8706,2434.2495,2332.3787,2414.944,2015.5562,2423.1199,2175.337,2003.2368,2429.9065,2116.3914,2039.9344,1805.57,1956.1145,2433.7332,2103.2751,1882.4774,2086.409,1862.8226,1903.4512,2352.4858,2450.804,2381.6309,2098.1726,2296.503,2505.3274,1974.752,2226.0525,2050.7537,2312.2036,2330.9668,2743.15,2246.087,2477.1333,2040.2177,2632.2603,2185.274,1997.44
2038,3041.0237,2300.9287,2083.9778,2171.2703,2405.0435,2116.1218,2229.4207,2005.7014,1902.958,2260.2236,1976.1779,1947.1095,2275.6104,2305.7812,1730.8489,2170.894,2114.5767,2242.71,2210.3481,2656.394,2292.4084,2245.557,1438.2366,2112.819,2389.2742,2481.4553,2187.7366,2456.8958,2373.4,2449.9639,2642.5103,2450.9497,2059.8042,2317.9797,2240.5005,2249.705,2196.211,2313.9045,2091.914,2166.2283,1873.4551,2396.6338,2093.0522,2166.1611,2039.3689,2262.9277,1968.3712,2202.7493,1998.8667,2142.8855,1950.8915,2387.6548,2481.822,2605.8545,2321.12,2440.491,1763.4113,2041.2771,2337.1892,2243.7034,1933.8021,2033.1298,2497.1848,2661.6182,2461.9348,1945.7269,2076.529,2508.9304,2323.1125
2039,2142.3054,2405.815,2126.7246,2214.7747,1970.9475,2277.4553,1885.2842,2442.275,1996.8461,1915.6514,2105.7793,2282.8735,2241.589,2339.2202,1784.9182,1813.7123,2296.7246,2242.7603,2264.3296,2342.748,2026.6555,2360.9282,1991.2784,2400.5637,2263.5366,2351.559,2435.107,2212.9065,2119.2573,2082.564,1987.8673,2593.8203,2493.9783,2323.343,2225.3396,1868.122,2133.154,2121.9797,2283.3691,2192.7131,1868.2097,2150.9583,2072.6748,2105.3398,2267.9614,2385.9983,1987.667,2189.1924,1714.1257,2294.0745,2157.813,2314.64,2250.189,2403.048,2199.145,2170.8745,2237.4668,1989.0468,2484.3628,2266.0256,2008.4745,2702.6826,2544.3445,2314.3284,2194.382,2578.6863,2197.8625,1900.5493,2336.6135
2040,2196.357,2098.242,2476.2632,2442.4958,2056.939,2554.5945,1517.8608,2585.193,2285.4265,2070.168,1947.6322,2383.9043,1834.5934,2436.643,2186.8955,2306.4922,2041.492,2378.163,2152.6577,2214.3154,1980.4574,2104.7292,2110.712,1878.2212,1939.1836,2359.7576,2150.2368,2331.7698,2473.099,2110.6782,2165.064,2246.674,2457.6758,2487.5798,2174.4395,2172.758,2144.2256,2288.915,1993.0231,1993.0734,1830.969,2312.8875,2075.5232,2072.4214,2176.631,2177.1372,2229.7358,2093.2356,2338.9548,2190.1252,2062.3662,1974.1897,1952.6154,2209.9448,2152.1702,2195.2612,2157.7476,2130.1396,2171.5598,2416.0657,2352.75,2506.5476,2534.7512,2728.2195,2091.813,2287.1948,2201.3738,2030.1202,1913.0414
2041,1940.3936,2271.2427,2178.9744,2101.509,2501.456,2286.391,1704.7068,2216.4128,2268.674,2009.7472,2184.9363,1692.0573,2362.942,2347.4846,1903.2454,2178.3875,2209.7742,2340.0369,2403.2266,1774.2487,2574.8047,2324.9084,2182.6274,2633.5833,2061.9272,1890.7084,2142.378,2393.6807,1884.4268,2558.3901,2212.2021,2314.1377,2460.4646,2470.954,2450.7114,1963.3634,1938.0345,2155.9863,1787.3779,2019.7218,2014.5784,2243.5344,2403.3516,1953.1779,1816.1982,2156.9438,2210.6543,2255.493,2315.028,1953.266,1956.241,2102.8025,2172.889,1973.3037,1754.8497,2524.0315,2036.521,2126.2642,2140.9045,2293.4412,2130.2556,2402.4192,2139.1958,2935.036,2321.8347,2514.2478,2071.4285,2032.7351,1959.2747
2042,2644.742,2164.3455,2354.87,2102.8838,1947.009,2162.9993,2421.4072,2019.9346,1985.0123,2176.6968,2532.1206,2188.2588,1967.503,2332.274,2200.6514,2121.1677,2010.9573,2188.697,1908.8557,2177.784,2045.7649,2068.6997,2105.6123,2383.8352,1992.2957,2177.1145,2380.5781,2418.8416,2246.0361,2358.9915,2363.8967,2581.6377,2197.4604,2365.4866,2510.052,2455.1123,2289.3464,2164.7485,2018.6327,2139.321,2091.4858,2421.4521,2037.2412,1998.4185,1945.898,2160.8464,2109.032,2104.7288,2107.1428,2166.4104,1927.225,2192.724,1861.3794,2138.8179,2031.6366,2029.3025,2044.5167,1986.4738,2580.641,2527.9392,2120.478,2675.0208,2526.1553,2495.6545,2047.4512,2253.3079,2351.9229,2553.3806,1957.0262
2043,2625.2842,2066.4521,2124.135,2499.5725,2263.7593,1941.0168,1552.3362,1827.8632,2387.8157,2139.688,1873.9138,2606.915,1895.1489,2025.9144,1888.6858,2396.5103,1904.6028,2252.9814,1857.3641,2239.2654,2460.0002,2397.5535,1898.175,2010.2708,2187.736,2344.386,2427.596,2208.7278,2081.6665,2169.6553,2095.1416,2380.306,2440.7432,2308.5842,2350.3225,1764.9612,1755.5771,1887.1389,1849.8074,2084.793,2020.0454,2219.1658,2129.6824,1962.5895,2253.338,2155.793,2197.9482,1973.2051,2333.0735,2161.3467,2155.584,1672.8726,2337.9282,2083.8213,2129.0444,2207.4124,2102.9834,2455.3313,2700.0828,2259.3083,2013.3726,2363.9038,2188.7717,2440.595,2251.8604,2103.015,2387.0615,2497.3762,1766.1104
2044,2300.304,2025.1644,2597.7334,2269.9895,2584.8203,2221.316,2094.3376,2410.9006,2286.2393,2062.1492,2009.7485,2330.0818,1807.9814,2306.5986,2260.6292,2267.135,2012.5958,2175.553,1968.8162,2414.4795,1899.9159,2506.0447,2108.624,2264.9548,2242.325,2362.831,2021.614,2524.629,2148.691,2103.3396,2347.613,2057.4097,2401.3044,2178.5068,2196.8406,2446.6099,2185.8228,2004.293,2065.9834,2411.697,2399.0266,2000.8768,2186.847,2077.7578,2198.3381,2154.931,1615.0653,2070.4438,2375.7073,2241.673,1894.9973,2142.3743,2517.5125,2243.2314,1992.0931,2521.8645,2469.1028,1937.0496,2432.1296,1745.9469,2500.514,2588.2341,2400.3108,2676.552,2362.2031,2349.537,2441.0823,2221.8782,2285.0962
2045,1892.2897,1935.4066,2248.9265,1982.7076,2516.8357,1800.2765,2106.2207,2166.5027,1774.4666,1792.4622,2090.3938,2126.1611,2187.2507,2437.6724,2096.254,1758.4308,1877.5339,1977.8998,2196.736,2021.7976,2246.9897,2141.4363,2429.7532,1914.1028,2079.2053,2325.1604,2158.8657,2226.3545,2337.198,2400.0571,2541.719,2297.2756,2736.7566,2575.679,2389.2478,1981.0509,2344.16,2074.9402,2159.084,2161.0842,2136.0303,2054.652,2120.9973,2082.9426,1946.424,1934.8689,1842.778,1947.1956,2146.3586,1937.9459,2088.4292,1891.3726,1893.1714,1981.2072,1906.3488,1990.9381,1941.1577,1961.0392,2461.2937,2259.3647,2160.7031,2352.6765,2460.1309,2408.4456,2159.2046,2446.3777,2662.1643,2264.5747,2465.9343
2046,2261.5576,1995.0529,1964.569,2344.3347,2581.622,2049.447,2107.6182,1704.7408,2370.3235,1930.9507,2060.4924,2250.0005,2014.2848,2484.758,2188.9514,1995.1964,2348.382,1997.1881,1998.3652,2102.6577,2022.3508,2153.0498,1869.939,2034.851,1940.5471,2527.4766,1863.4628,2021.8745,2172.3755,2622.5586,2287.073,2203.276,2128.2607,2455.3325,2387.053,2368.675,2113.5315,1926.9696,2028.5472,2562.847,2266.0864,2473.928,2187.2505,2027.1128,2000.8228,1916.5924,1834.5488,2279.8135,1808.7,1639.2156,2226.0596,2280.1685,1924.5415,2032.944,2023.6534,2319.0781,2147.9736,2506.1426,2505.0115,2281.5237,2561.499,2188.0361,2511.3694,2438.889,2343.3096,2004.6086,1522.8896,2128.0945,1896.7614
2047,2637.638,1900.7332,2075.2163,2270.728,2262.8433,1980.7616,2266.679,1787.9022,2205.2954,2325.2822,2251.4229,2222.5063,2053.8613,2352.5317,1855.6906,2278.7278,1720.8843,2241.731,2135.6462,2392.469,2015.975,2240.044,1967.5073,2139.4785,2215.9548,2400.6833,2280.3018,2114.0112,2180.0425,2697.3896,2252.945,2410.743,1951.8461,2349.5222,2293.9912,2217.4607,2192.2788,2400.439,1922.8622,2173.7883,2419.0571,2341.8389,2027.5884,2096.923,1888.2622,1979.069,1907.1388,2070.6218,2148.556,2113.436,2096.477,2046.7578,1969.6432,2267.8403,1880.0764,2259.63,2551.3293,2153.6638,1899.5466,1733.7037,2203.1084,2527.327,2388.7048,2671.5579,2254.566,2202.3945,2241.676,2458.2673,2304.3105
2048,2062.528,2238.143,2516.6072,2512.5237,1957.7256,2285.7175,2346.3904,2316.8638,2116.7952,2057.3193,2163.0706,1791.8253,2317.0625,2461.551,1853.6044,2149.8826,1909.1405,2079.3613,1914.665,2132.722,2002.0459,2007.5988,2388.8433,2242.1035,2325.361,2133.4346,2217.6667,2230.9878,2275.1895,2448.583,2106.812,1923.1514,2590.0078,2406.6638,2234.1492,2267.5723,2012.0931,1947.1045,2186.9812,1879.4396,2200.3987,2439.1572,2146.2449,2358.266,2106.1917,2043.4624,1744.6567,2271.4727,2108.511,2271.6448,1606.9907,2412.8494,2349.283,1947.3552,1991.5184,2174.8298,2339.2944,1977.3325,2165.3855,2229.9402,1920.2509,2503.9102,2701.364,2439.481,2357.575,2258.072,1973.9497,2439.0112,2023.9717
2049,2307.0903,1720.8903,2529.2866,2391.3608,1938.444,2019.4943,1792.6366,1811.3954,2234.306,2055.1404,1946.4347,2176.9832,2069.5579,2013.5314,2110.3486,1992.2397,2003.2286,2357.3367,1804.2522,2361.5242,1866.2012,2315.4883,2006.6434,1891.8134,2047.9253,2294.7761,2101.8887,2179.4592,2166.0896,1838.1088,2353.1367,2380.4973,2285.9868,2143.478,2330.842,1740.0757,2257.7559,2515.8162,1967.9908,2110.8855,2263.5427,2140.1118,2266.827,2138.8306,1794.0992,2026.9495,1719.1489,1756.8029,2043.9592,1884.5023,2006.0782,1940.1355,2239.6638,2199.4167,1922.5072,2332.223,2373.0576,1964.4688,2154.0964,2118.6438,2589.5286,2590.8892,2650.5896,2351.734,2588.965,2057.6382,2219.914,2410.293,1924.8021
2050,2249.4758,2111.9238,2637.4146,2298.533,2250.0774,1847.6964,2253.3208,1866.2302,2273.3977,2142.0212,2076.034,2275.8303,2019.948,1960.2493,1934.4023,2288.1526,2023.2128,2200.713,2121.919,2366.0955,2259.146,1870.1053,2151.2527,2334.6885,2137.6873,2177.7173,2560.7039,2082.512,1647.638,2290.743,2087.1414,2337.4688,2228.237,2366.5632,2226.8318,2170.4436,2362.762,2572.1445,1925.7336,2106.421,2087.097,2217.3394,2195.0066,2134.4705,1944.0382,2145.792,1593.8219,2497.8252,2037.5406,2402.3335,1692.9556,2030.6373,2037.9517,2223.804,1572.0463,2097.5764,2346.691,2215.1052,2182.5925,2239.4417,1982.2666,2686.683,2459.7688,2279.6943,2202.7551,2608.2578,2344.2058,1750.4824,1699.851
2051,2227.078,2002.7025,2284.7876,2208.6746,2090.8596,2255.4678,2239.6008,2235.8123,2033.1785,2316.2039,2017.878,2103.5774,1965.1625,2352.043,2137.596,2107.992,1883.6582,2169.1726,2007.5316,2022.591,2135.5352,2120.7031,1855.3439,2223.1533,1677.2947,2527.3684,2268.9976,2208.3887,2003.0743,2261.657,2478.783,2097.8328,2290.2236,2206.3074,2523.929,2178.0857,1896.4697,2370.7534,2084.238,2245.9338,2281.0867,2244.1204,2166.5627,1919.6643,2129.3926,2151.8154,1845.6763,2360.732,1976.2653,1903.9011,1791.11,2131.3079,1991.3701,2162.5425,1811.3073,2779.657,2586.6418,2256.633,1618.4841,2112.872,1632.0775,2670.6536,2190.0796,2587.5647,2722.7563,2177.8596,2132.418,2169.9646,2105.499
2052,1941.477,1942.4608,2042.3387,1978.4017,2509.3567,2194.0671,1901.8074,1918.4019,2001.4414,2238.266,2061.948,2019.0702,2203.6384,2120.21,1915.9501,1738.9547,2106.42,2108.3699,2169.7463,2288.9978,2004.5372,2519.6228,2090.7144,2264.8125,1890.7295,2586.0425,2479.6775,2033.3347,1948.119,2318.1768,2298.1235,2479.2307,2217.522,2303.2036,2450.3872,2428.6523,1957.1365,2196.8784,1957.3864,2300.732,2095.1555,2590.0767,2419.0955,1982.6023,2159.7314,2152.0454,1880.1199,2197.6118,2262.4158,2219.8765,1790.6053,2315.8013,1923.11,2226.7065,2147.7744,2572.3982,2522.8835,2139.7688,2204.2834,2242.0977,1698.8123,2594.8425,2346.7131,2274.5757,2125.7615,2439.4592,2639.5906,2426.5518,2041.1998
2053,2127.0676,2316.6558,1939.271,2532.5032,1959.3641,1763.0808,2135.0796,1797.7532,2126.2554,2302.2542,2138.5579,2167.974,1810.6498,2209.4307,1884.1724,2146.3882,2201.4087,2486.6758,2136.6775,2442.9207,2239.806,2308.0132,2116.2903,2174.4648,2030.6118,1987.4426,2245.503,2103.8472,2219.258,2552.4075,2257.582,2206.608,1945.9723,2727.8232,2163.374,2185.817,2048.9854,2061.8455,2044.6365,2235.1428,2005.4259,2194.506,1963.6749,2115.95,2031.9596,2197.6523,1925.5396,1862.1405,2028.588,2206.5012,1853.3285,2168.8213,1955.4336,1789.505,1835.4247,2457.4253,2269.769,1885.5038,2398.451,1736.3285,2194.705,2151.969,2514.6467,2399.5996,2103.7417,2404.766,2219.2734,2607.151,2095.8406
2054,2202.342,1775.4929,2326.5474,2005.9042,1930.8162,1920.6516,1613.4467,1919.1904,1917.2963,2163.2598,1752.5286,2322.932,2001.0135,2081.1816,1349.6212,2073.4521,2083.8132,1956.1176,2084.5361,2319.795,2185.8157,1878.5787,2466.8464,2185.5369,1710.6084,2095.7598,2205.0774,2235.8782,2296.0317,2376.812,2096.6904,2035.8616,1942.6589,2428.6865,2296.1753,2035.9819,1932.9719,2248.184,1995.0171,1967.9093,2066.2612,2616.248,2004.8967,2300.911,1768.3881,2047.6825,1958.7534,1868.4266,1867.0199,1954.2609,2004.1892,2003.979,1726.7454,2263.5913,1850.3673,2363.5376,2425.9639,2478.0435,2063.2852,2123.4219,2451.5188,2463.668,2480.3367,2483.2378,2218.9246,2327.4644,1907.1735,2301.8013,2106.8167
2055,2223.9333,2003.7286,2592.5703,2454.2454,2172.4622,2175.813,2463.8472,2004.5157,1949.9714,2082.3862,1970.2262,2379.213,2177.7288,1937.5394,2094.6719,2034.4318,1908.5171,2477.8499,1980.6416,2284.425,1960.956,2353.8171,2309.943,2019.358,2087.108,2101.3496,2082.541,2411.6978,2074.6917,2413.9834,2179.9375,2263.9438,2112.2615,2368.5557,2314.6936,1947.235,2342.251,2003.8711,2079.6506,2350.0417,2202.045,2529.4387,1750.396,2102.6873,1882.3937,1986.4233,1659.5083,1900.7776,2238.8328,2039.1008,1847.8248,2104.2156,1580.9229,2206.2378,1720.2358,2192.8718,2135.1846,2071.8794,2293.8186,1960.5914,2053.2803,2391.7268,2249.518,2418.778,2385.541,1925.1287,2245.7048,2103.413,1885.0393
2056,2005.9332,1800.8881,2136.0945,2150.2446,2254.45,2344.4822,1917.5344,1614.0228,1946.6113,1876.5035,1939.679,2350.7795,1984.267,2124.6504,1889.9122,2160.482,1866.216,2118.574,1981.9017,1963.8541,2000.5251,2122.036,2182.6614,2207.0042,1941.0778,2243.061,1780.0468,2218.3955,2119.1536,2654.9856,2255.519,2599.5774,2217.213,2441.6562,2304.9976,2600.8057,1950.5958,2080.62,1758.9493,2310.0212,1999.4633,2116.421,1736.3362,2153.7898,2161.6177,2100.2876,1644.3937,2139.3286,2322.4326,2185.8518,1758.904,2131.4326,1989.4249,2384.139,2176.0312,2083.25,1986.0311,2031.124,2346.6606,1991.4741,2057.5928,2663.4153,2296.9763,2665.892,2090.9902,2075.79,2301.093,2047.056,1728.2672
2057,1971.7023,2040.7643,2133.6443,1881.5131,1819.7919,2245.1128,1851.8779,1948.7471,2025.1833,1812.0272,1872.303,2208.8594,2041.2087,2315.4302,2106.3403,2242.4683,1928.0906,1925.6046,2421.389,2108.918,2289.5576,2236.1816,2043.1677,2039.4427,1638.7646,2515.6204,2401.973,1986.3019,2519.3035,2185.117,2177.9353,1664.6432,2129.2073,2422.4497,2105.8088,2138.3523,1723.0415,2087.4814,2023.242,2085.2903,1908.2689,1985.6422,2014.4828,2029.3265,1860.014,1965.0283,1596.8806,2245.1543,2190.4268,1941.5317,1913.8906,2334.094,1914.3705,2534.319,1770.6605,2053.1138,2436.8928,1864.9799,2292.4648,2347.3877,2155.6643,2467.881,2133.774,2322.1768,2518.4045,2423.5676,2205.3923,2151.6848,2066.428
2058,2268.216,1822.6161,2330.251,1968.9895,2408.0422,1580.0331,2096.5457,2186.4727,2318.0808,1834.8412,2015.8195,2010.6112,1875.8743,2134.483,1654.1299,2396.6343,2027.4043,2324.294,1583.8694,2101.8384,2261.9731,1804.7491,2095.6829,2226.886,1887.136,2760.8264,2192.4336,2372.2456,1999.639,2318.7512,1983.8513,2307.3918,2189.1875,2269.8577,2321.3367,2190.3574,1977.3783,2078.7996,2082.1438,1913.0878,2330.412,2007.9917,1901.6736,2073.7893,1918.8181,2075.8435,2360.161,2077.9863,1938.5214,1699.4216,1766.6581,2307.1875,2072.4128,2308.473,1876.358,1969.0012,2128.548,1967.762,2422.238,1624.018,2000.9575,2236.862,2392.5461,2234.3323,2180.5532,2025.0433,2494.3438,2402.797,2203.2295
2059,1964.7615,1518.4733,1981.72,1996.2119,2049.6025,1859.2936,2073.7065,1888.525,2088.6099,2086.7603,1894.0892,2314.5535,2126.0007,2525.5444,1801.2678,1508.2877,1905.6254,1987.001,1997.4293,2045.9995,1970.1727,2155.3044,1977.7964,1853.4484,1949.6945,2528.0286,2212.0369,1881.8868,1811.9244,2109.6414,2527.3577,2325.3083,1961.4297,2364.382,2190.6846,2113.651,2179.9924,2194.6846,2102.8472,1689.2231,2023.0455,2069.7202,2057.113,1876.1765,2020.7094,1986.0822,1850.4828,2021.2161,2073.595,1755.1947,1541.0015,2319.9756,2054.9492,2214.527,1785.2822,2554.757,2500.653,1731.8998,2332.0383,1717.0442,1888.222,2488.0444,2674.661,2397.1812,2034.0563,2153.7673,2155.499,2420.161,1777.0774
2060,2006.0801,2120.025,2098.616,2028.4902,2326.3545,2272.1829,1761.5123,1697.0472,1831.7687,2236.8635,1615.8617,2486.204,1934.8584,2008.5518,2031.8662,1782.2664,1858.521,2136.8938,1987.9673,2076.5396,2085.0454,1935.5541,2232.5063,2138.57,1724.7181,2368.408,2147.6206,2159.9722,1923.9824,2434.9636,2510.4985,2323.0486,1977.4012,2269.771,2322.2632,2411.5417,2065.4712,2259.6895,2055.444,2187.4001,1861.2897,2213.5432,1854.061,2352.128,2009.5824,2378.3364,1730.0474,1843.3956,2134.9287,2285.6401,1692.7979,1810.1873,1996.7104,1966.3519,1770.3132,2187.385,2509.4683,1861.9176,2647.9973,2785.5315,2302.291,2490.3154,2148.4907,2476.3818,2274.3855,2485.009,2034.8073,2171.0522,2018.3029
2061,2048.3389,2176.1184,2005.3878,1984.1831,2083.2117,2145.957,1761.4152,1983.284,2274.9666,2000.6322,1877.8859,2661.5586,1998.2731,2019.9573,1706.7444,1886.8726,1746.9713,1915.3727,1831.769,2055.7776,2023.9473,1939.513,2062.354,1960.8159,2331.1052,2474.9023,2057.1978,2380.0522,2297.9282,2143.9712,2473.0889,2316.761,1817.3132,2175.6187,2051.224,2024.1909,2190.355,2281.133,2019.8442,2449.5027,2149.5845,2131.4072,1834.4832,2199.7605,1792.6139,1908.1963,1555.3022,2068.4348,2064.6348,2089.7737,1553.9806,1912.6094,2151.4583,2087.6484,1849.2606,2647.298,2070.19,1972.413,2778.6953,1931.3649,1679.0823,2404.624,2146.5686,2834.1309,2144.517,1816.1415,1798.4443,2581.005,2101.4746
2062,1927.9973,1935.2683,2352.2632,2027.5814,1936.0833,2047.155,1936.1565,1802.5347,2024.2135,2150.0813,2066.8748,2237.6055,2255.8718,2159.0603,1944.4695,2218.4612,1970.606,2066.8364,1980.0294,2282.421,2072.596,1908.6055,2454.994,2222.4292,2196.3865,2348.7578,2247.4927,2104.1565,1736.4287,2510.6553,2301.71,2642.2043,2487.7366,2460.398,2068.9636,2230.552,1992.6083,2613.4907,1886.2031,1810.3618,1768.3328,1986.3829,1772.0212,1880.9436,1640.5721,1851.197,1790.4015,2075.514,1776.0737,2004.1956,1699.1788,2022.68,1890.6418,2033.2449,1610.1307,2564.2012,2038.7544,1925.1215,2463.0205,2525.8816,2157.9084,2551.007,2306.366,2477.9294,2094.5024,2431.5479,2002.7426,2188.0913,1635.1255
2063,2184.8972,1973.559,1964.8818,2090.1084,1883.638,1984.2549,1817.9573,1939.7233,2203.162,2021.5658,2133.3079,2153.1033,1754.1184,2424.1035,2079.9004,1845.9003,2031.1174,2227.2192,1845.1382,2390.6982,2064.661,1822.3811,2020.5902,2180.8044,1671.6556,2392.7961,2063.868,2480.0134,1847.7876,2278.2036,2217.5461,2581.291,1886.0488,2254.4058,2009.819,2192.8726,1939.148,2597.5444,2052.1375,2260.3337,2210.5398,2449.2268,1512.8105,2155.4663,1983.8955,1842.2976,1950.2546,2160.5725,1666.7297,1997.0286,1644.197,2247.1187,1885.8693,2078.3616,1580.4236,2463.6646,2648.5583,2271.1265,2009.7087,2394.5527,2137.6418,2395.9639,2641.699,2668.4707,2331.905,2323.403,2004.6932,2106.2173,1789.8282
2064,1826.2767,2094.2354,2095.62,2010.3055,2013.0837,2093.3494,2400.5334,2025.4467,2061.8345,2134.0396,1894.1708,2133.658,1997.1222,2199.9487,1671.2349,2325.6736,2177.512,2134.4758,1798.2856,2147.9377,2102.6714,1526.0677,2020.0222,1952.4241,1607.6874,2935.9602,2465.6145,2074.7517,1592.7238,2280.0305,1999.7233,2325.8015,2284.5603,2511.6643,2000.1567,2259.3396,1914.9304,1990.9504,1891.4242,2574.7651,2045.8488,2304.803,1960.7142,2104.496,2024.8789,1792.59,1613.7269,2025.0404,2048.5166,1917.8457,1849.9667,2334.3289,1921.525,2036.2733,1516.9178,2500.0017,2016.9309,1895.9365,2389.658,1601.4586,1930.3285,2238.7012,2400.9417,2567.7246,2446.3525,2094.7214,2213.472,2179.6917,1922.3309
2065,1561.4421,1949.9413,2198.7874,2138.296,2098.8706,1863.3086,1730.4263,1786.9279,2142.173,1982.638,1761.3434,2128.2505,2281.866,1979.0651,1781.9893,2065.142,2105.7935,1850.4298,1885.7169,1936.8466,2189.5833,2240.8523,2104.2922,2294.8486,1802.9896,2557.955,2203.444,2721.0488,1905.8517,2206.1553,2247.9358,2328.7957,1900.4844,2391.6165,1891.4402,1965.3333,2190.881,1971.72,1810.2467,1845.2229,2355.7732,2183.8433,1809.9633,1851.9641,1891.5626,1704.1161,1556.5771,2040.7821,2066.9314,1905.8398,1842.066,2169.247,2007.6412,2110.5137,1928.0742,2687.2207,2226.6326,1677.0793,2167.6106,2035.026,1620.2858,2290.7493,2376.0251,2166.6633,2445.1597,2304.8887,1695.8726,2263.5457,2037.8104
2066,1948.2256,1560.288,2625.1855,2269.489,2423.9246,1864.328,1973.4752,1801.8713,2295.484,1992.3501,1458.0156,2223.7292,2064.0747,2152.0923,1780.9961,2066.8645,1925.1589,2012.2587,2093.4478,1830.8759,1839.4309,2127.1558,2301.9478,2091.7715,1367.9342,2404.5127,2323.2764,1904.8536,2270.7292,2307.2288,2382.4592,2137.2305,1761.8185,2283.5623,2057.4866,2114.0894,2226.0173,2046.5051,1753.5358,2382.2761,2164.9788,2303.9446,1860.4403,2121.306,1861.6858,1921.665,2004.4355,1922.5226,2009.1072,2002.7257,1644.2977,2241.8132,2130.3813,2154.2527,1884.9736,2347.8953,2234.4998,1712.3785,2561.0647,2079.8662,1659.4049,2532.4924,2406.7664,2349.914,2398.816,2030.4823,1812.6143,2399.3308,1755.861
2067,1830.4213,1775.2737,2319.391,2221.9966,1986.772,1907.9098,1712.2336,2052.7253,2432.2356,2087.4902,2086.9993,2083.5706,2047.4558,2401.9653,1635.0292,2129.9963,1895.787,2416.3408,2277.6003,2400.777,2076.4258,1648.4735,2155.7368,2011.3949,1526.1162,2344.1406,2323.8198,2420.537,1911.5684,2649.94,2231.9995,2305.5889,2325.669,2113.6545,2304.1396,2455.4421,2321.0388,2153.3916,1745.271,1880.8763,2066.0115,1863.7273,1700.6456,1899.5386,1831.4133,2343.6091,1853.4575,1969.2098,1704.3727,2011.8722,1760.188,1884.5636,1751.0857,1945.293,2029.0054,3020.125,2144.9626,1776.9342,1899.2765,2603.001,2071.7256,2232.7283,2635.8364,2247.221,2501.5906,2429.1777,1964.8461,2139.714,1959.6381
2068,2097.944,1627.0057,2165.7473,2425.517,2480.8884,2081.9243,2179.1204,1674.587,2017.2875,2174.405,2007.5363,2463.022,1952.6107,2343.0571,1851.6162,1941.7871,1915.872,2228.177,1796.4963,1903.4895,2207.2976,1943.9895,2072.575,2023.9148,1728.9664,2128.9734,2244.103,2079.3503,1865.1808,2191.6294,2364.27,2224.691,1945.4403,2698.405,2114.0962,2359.5847,2211.8362,2164.0042,1900.3396,2074.4233,1916.9395,2126.2014,1960.8812,1981.7186,1729.2891,2064.6626,1750.3015,2082.9304,2008.5463,2007.1792,1625.4346,2004.2015,1794.8398,1860.646,1453.1674,2430.7222,2284.379,2225.6526,2137.9768,2249.4841,1508.756,2121.8733,2594.275,1999.274,2035.0623,2379.0906,1847.6312,1815.2969,2100.386
2069,1856.1799,1977.9457,2217.1426,2196.9155,2639.4731,1923.6545,2000.1053,1470.7683,2047.6285,1951.4323,1593.981,2332.881,2178.9084,1972.2365,1971.0604,2192.4902,2051.7588,2506.9446,2113.9473,2112.0774,2118.861,1719.6053,1897.7134,2138.7458,1704.4003,2493.3457,2152.1963,2268.3657,2013.9823,2665.7537,1920.9325,1924.5525,2129.807,2182.7666,1766.5774,2756.5774,1702.6335,2105.2732,1798.189,2055.5225,1942.4047,2234.2336,1853.2477,2355.071,1733.4084,1848.6617,1629.8157,2065.745,1910.5938,1759.5477,1726.043,2086.4146,1802.1414,1921.4113,1745.3762,2326.9744,1964.7539,1786.1057,2171.0862,1898.3268,1907.3699,2497.6194,2279.8523,2252.055,2426.5718,2574.0896,2211.7517,1871.3158,1671.7787
2070,2141.2732,1717.615,2526.5679,2356.6318,2310.3481,1997.1691,2084.516,1800.0856,2186.0688,1899.115,1841.0906,2305.4512,2211.1643,1981.797,2014.9384,2011.5691,2025.0045,2051.775,1582.7961,2552.5662,1865.2819,1810.68,2181.3145,1799.5056,1543.0038,2269.9873,2187.804,2092.1733,2051.7148,2180.0842,2331.6155,2019.6448,2198.1545,2341.6262,2074.1555,2277.2266,2213.5642,1997.1536,1744.8031,2328.9468,1734.8939,2263.3247,1690.0623,2272.7278,1682.1512,1897.128,1498.6926,2235.0103,1997.7651,1842.0173,1779.7076,2208.6575,1935.451,1988.3604,1499.3906,2320.9792,2739.3774,1989.8317,2613.3772,2046.0957,1735.9386,2485.324,2419.4197,2430.4753,2051.2937,2387.7004,2137.134,2543.7908,1506.1469
2071,2112.3606,1924.8192,2586.6792,1881.2888,2441.8577,1853.2305,1794.3942,1964.5989,1975.8738,1814.4918,1695.1953,2231.883,2174.6675,2208.9246,1902.6134,1779.289,1881.1296,1990.4121,1761.8639,2219.5828,2455.3005,1906.5055,1784.0305,1881.4318,1964.2239,2181.934,1964.0685,1945.8076,1784.437,2568.462,2246.3748,1934.6595,1938.8807,2346.9653,2146.7441,2759.634,1848.7347,1947.8745,1770.2467,2341.9548,2059.6907,2207.1724,1793.3568,2482.811,2090.8313,1873.9937,1656.9246,2404.0623,1682.4761,1808.0629,1600.4558,2234.3254,1910.0303,2169.0244,1826.0483,2262.6038,1933.5166,1858.8584,2113.8992,2203.382,1819.7731,2304.4766,2459.815,2285.4497,2077.5588,2060.5144,2182.2153,2060.5537,1779.04
2072,2040.4861,1861.4944,2319.8784,2022.6074,2562.262,2072.2002,2369.6182,1910.1232,1906.6753,2108.484,1956.0139,2330.4307,1918.0712,2221.9995,1628.5779,2231.1504,1762.9752,2022.9844,2029.7789,2071.335,1911.7509,1966.2653,2008.1427,1917.3287,1696.7745,2723.3574,2319.9475,2537.594,2191.6128,2021.6193,2176.1125,2098.6174,1745.5205,2340.9678,1951.3877,2240.8625,1960.3246,1923.7623,1744.6211,2097.7366,2527.869,1943.4443,1745.1421,2073.5632,2144.368,1653.6776,1578.116,1874.316,1865.9564,1873.5188,1713.1444,2149.692,2432.7815,1944.8458,1550.1049,2326.2869,2073.619,1724.4377,1958.073,1785.4067,1570.1528,2499.6807,2540.2,2222.0525,2211.6606,2413.192,2255.6406,1776.3917,2011.0388
2073,2130.755,1675.1422,2561.002,2118.448,2441.2578,2100.6208,1636.0114,1658.2029,2184.4324,1744.459,1660.4293,2045.9409,1980.628,2000.7366,1724.8433,2303.436,2060.8057,1986.2826,1902.3757,2354.3699,1862.477,1819.945,2318.499,1977.877,1895.3022,2113.1606,2151.0496,1941.3059,1700.8889,2191.68,2214.4736,2308.5544,1937.6129,2435.1067,1952.3889,2283.6118,1719.3508,2052.2036,1358.0773,2111.955,2131.367,2120.5789,1599.0302,1919.8901,1913.9509,1895.2083,1526.7635,1901.0734,1812.0653,1914.022,1615.5013,2023.7535,1929.6931,2026.5323,1993.6238,2395.4043,2267.542,1800.5808,2061.243,2097.52,1626.7213,2316.9524,2411.394,2350.9614,2093.5845,2377.5164,2108.9167,2138.4692,1781.1548
2074,2314.6514,1634.6073,2357.191,1933.1718,2348.7048,1649.1583,1952.1056,1538.3225,1946.9325,1954.049,1594.8104,2232.2307,2267.0044,1861.6362,1685.9353,2010.9639,1883.2822,2064.8835,1951.9249,2420.8381,1937.6466,1878.5311,2122.4424,1920.9412,1368.4496,1983.8949,2311.922,2052.4353,2027.5057,2511.395,2185.8586,1907.7987,1794.4354,2301.451,1871.6315,1899.8756,2002.1575,2226.6997,1978.9929,2256.9094,2251.6133,2199.9604,1552.4073,2051.008,1905.8356,1643.1394,1596.6398,1940.5875,1820.3987,1680.8848,1611.4677,2107.6184,2144.7012,1834.262,1544.9517,2704.436,2408.6348,2103.945,2671.7104,2276.0637,1887.5452,2758.4524,2247.961,2432.1082,2345.346,1934.9686,2203.2615,2012.3793,1844.3925
2075,2207.3762,1467.0142,2049.8772,2190.2551,2420.1514,1659.704,2115.2585,1512.1554,2257.4883,1706.3757,1657.5708,2386.207,2379.0378,2190.4602,1833.3822,2270.3887,1983.2858,2253.8904,2003.1149,2076.091,2101.8176,1669.8538,2096.2483,1763.9604,1649.9685,2428.5762,2092.185,1980.5132,2249.1902,2371.7368,2272.885,2074.9656,1956.509,2476.021,2269.5605,2255.8347,2112.4124,1917.515,1852.7598,2724.438,2118.9014,2056.0137,1764.3435,2002.5563,1835.6326,1824.8748,1466.4872,1922.8356,1970.854,1773.7751,1570.6688,2021.3649,1926.4779,1831.5457,1653.7562,2419.7937,1939.0312,1945.2336,2236.3694,2188.1921,1825.6241,2496.412,2282.435,2331.9038,2304.4436,2470.1458,1898.5702,2100.3894,1859.8987
2076,2247.413,1480.9532,2506.2542,2589.5508,2207.4905,1720.0802,1476.9962,1508.6389,2292.0935,1857.3319,1682.9261,1968.9232,2062.5781,1752.8096,1807.0087,2089.144,1492.3832,2403.032,1710.3011,1981.7777,2029.6384,1721.6825,1910.2722,1894.56,1640.8431,2450.5483,2054.9336,2230.2148,2004.1415,2255.0034,1910.0653,2251.5015,1893.8419,2393.35,2005.7307,2353.7026,2098.3215,1923.1324,1730.9667,2163.5461,2321.8147,2273.975,1814.1656,2181.2744,1932.1246,1856.1663,1467.4176,2153.1477,1892.6255,2134.7607,1594.6212,2076.4907,1892.7858,2014.288,1415.2838,2043.6085,2158.5989,1868.594,2134.6453,2139.7427,1842.4624,2342.1794,2244.8918,2194.67,1925.2072,2403.8699,2312.1863,2325.2346,1885.0106
2077,2010.9009,1673.1746,1979.4224,1893.8793,2385.6094,2159.0706,1786.1173,1525.3368,2007.6222,2019.8411,1594.7101,2380.856,2111.118,2178.1511,2049.2659,1802.2373,1645.2053,1928.3488,1723.2974,2116.6357,1913.1631,1676.4934,2304.5127,2129.6553,1802.9196,2304.586,2365.356,2195.0017,1628.571,2569.0754,2421.9185,2037.7825,2306.5603,2481.5515,2304.7935,2191.4124,1987.7303,2298.443,1578.853,1930.2306,1915.4105,2216.4177,1452.9451,2073.0227,1712.881,1865.875,2037.5704,2190.2583,1895.1976,1860.9116,1439.0348,1846.1145,1864.5602,1987.7926,2054.6184,2264.7825,1990.2095,1820.2998,2832.6057,2208.2944,2053.6155,2425.5945,1919.7118,2345.3604,2322.4204,1978.2535,2014.9294,2034.0626,1539.7677
2078,2046.557,1572.3873,2267.0278,2120.0457,2308.4932,1958.4954,2008.7775,1667.5844,2066.6038,2092.5173,1575.5763,2161.9646,1977.5299,2115.9414,1955.1869,2061.4207,1813.0996,2091.758,1847.4625,2271.9714,2191.8494,1665.2195,2182.7144,1919.36,1815.6962,1991.875,2461.2573,2226.6343,2130.8486,2438.446,2327.4458,1986.7777,2112.6313,2097.119,2080.161,1967.1633,2346.1611,2158.2092,1440.9646,2097.0874,1786.0588,2088.9834,1753.2028,2280.673,1714.3506,1629.895,1446.1798,2064.0312,1783.0349,1861.0215,1470.0135,2380.771,1857.7711,2017.4109,1458.8845,2506.9282,2067.0051,2019.4778,2706.2693,2224.8586,2035.647,1956.141,2303.2664,1795.8359,2388.6926,1826.6422,1705.3329,1733.5283,1290.6388
2079,1807.6514,1797.0173,2192.4927,2244.977,2384.7864,1773.1694,2190.4934,1469.2214,2107.4448,1823.3506,1955.8954,2197.6487,1724.3738,1821.2379,1633.675,2144.9966,1844.6168,2146.7563,1520.182,1996.4868,2107.0806,1821.7609,2066.8596,1851.7057,1653.8457,2269.8496,2200.807,2062.3547,1841.2267,2369.6838,2556.4758,1944.4717,1655.8748,2533.039,1997.6987,2136.4365,2240.741,2318.0273,1463.855,2426.1074,2174.7705,1926.5768,1790.3857,1916.7328,1627.4965,1791.586,1433.1891,2179.3574,1861.1536,1980.3569,1630.4343,2066.548,2056.3936,1694.6329,1497.1396,2396.392,2195.377,1729.4921,2503.0276,2011.1738,2046.7653,2711.3567,2494.3435,2045.836,2087.3425,2028.7251,2001.8674,1559.1519,1477.6693
2080,1881.4084,1478.6086,2689.3247,2252.7043,2170.4343,1645.7964,2019.4106,1852.4998,2252.5718,2063.4758,1958.4916,1680.0496,1897.0083,1693.5544,1541.6344,2039.8859,1653.0841,1744.8855,1703.3811,1859.4275,2172.5303,1944.7408,2263.924,1788.0887,1821.3427,2428.9905,2303.1472,2129.8054,1853.3998,2436.7742,1984.0437,2166.6738,1752.938,2056.9666,1924.992,1969.4268,2125.5295,2293.8938,1610.8582,2186.6294,2001.1072,1926.5825,1956.7023,2141.3945,1867.3777,1884.2214,1439.5557,2151.636,1948.1763,1623.0736,1586.9468,2080.7986,2024.7754,1843.0859,1289.0294,2518.7278,2476.2815,1687.7688,2554.8152,1745.5763,1666.0117,2298.1274,2327.505,2301.5854,2093.0662,2182.8938,2115.7134,1395.5061,1586.4583
2081,1974.2013,1599.5054,2336.1003,1755.5945,2277.1099,1397.6826,1669.2435,1562.1694,2077.458,2212.5725,1626.7319,2411.1948,1977.2678,2032.3937,1658.2928,2004.7743,1640.6971,2378.5862,1542.1696,2229.579,1990.9337,2082.7405,1977.6119,2002.129,1363.9395,2479.395,2080.203,2083.941,1502.8105,2484.3442,2002.3511,2020.3552,2250.2625,2186.3267,2085.784,2353.0315,1569.3799,2152.2312,1605.1161,2263.4036,2163.652,2021.0751,1588.2388,2291.6711,1996.6171,1954.3256,1293.5463,2164.0198,2070.5059,1644.6051,1574.9103,2242.19,1989.3949,1983.2999,1646.2097,2653.1387,2759.4756,1580.466,2362.9734,2207.7607,1744.106,2377.9297,2348.3225,2073.8452,2333.9458,1909.9542,2364.2983,1590.4993,1801.9529
2082,1768.3915,1550.2799,2446.7275,2123.3079,2270.5142,1473.7042,1768.5056,1471.372,2174.961,1622.1337,1735.5461,2536.4893,2114.502,2198.4932,1635.9634,1962.4447,1659.2955,1811.2563,1863.807,2437.3008,1854.2424,1817.736,1876.0897,1797.5299,1643.877,2519.8914,2136.7075,1812.5616,1549.4957,2652.8987,1994.6393,1851.478,1862.4368,2328.6482,2036.1384,2119.828,1983.3503,1834.7516,1998.5402,2628.8372,1670.9379,1822.8499,1883.7003,2353.0244,2057.0603,1695.3903,1495.1277,2284.922,1906.07,1640.4011,1426.9187,2036.7749,1938.9437,2066.6855,1676.3839,2545.5217,1937.4275,1672.6453,2599.8867,2080.6885,1979.1649,2064.5146,2273.4304,2244.6985,1787.8774,2406.9285,2036.0751,1750.8246,1642.6414
2083,1818.779,1678.0503,2333.01,2181.6665,2498.1094,1672.9358,2050.3335,1456.5249,2157.578,1761.1438,1654.4688,2085.925,1799.6885,1921.8092,1833.178,1837.0747,1871.4513,2074.7795,1681.3873,2736.7922,2157.8557,1738.0662,2262.9202,1777.7086,1518.1478,2158.3655,1890.652,2288.76,1873.3191,2250.9043,2124.092,2106.491,1840.2822,2089.642,1854.6278,2614.9714,1729.3502,2180.8474,1486.5864,2112.0266,2245.7551,1933.4695,1708.5951,1892.116,1917.626,1719.9775,1539.7532,1656.0851,1862.1984,1658.16,1532.5345,2058.629,2040.5262,2200.1455,1623.7811,2534.0413,2196.0642,1912.0378,2279.389,1992.9875,1389.1163,2184.408,2043.7584,2396.489,2027.6147,2384.8765,2037.5468,2185.0557,1691.4044
2084,1737.1433,1653.9578,2398.6565,1895.6605,2208.0156,1489.5939,1789.985,1354.2097,1784.683,1738.3339,1812.7883,2519.1497,2145.2761,1830.8892,1729.1969,2034.2922,1906.6702,2043.526,1872.4521,2121.916,1914.3251,1795.4435,2089.269,1893.0563,1247.274,2375.4004,2167.7112,2303.3503,1911.9702,2115.1223,2455.4878,2212.9373,1776.6682,2057.0403,1966.224,2559.1763,2113.1013,1877.1415,1680.6215,2227.2375,2180.643,1905.8687,1618.5204,1788.3304,2006.9476,1705.6848,1282.5936,1963.0328,1910.1727,1942.4589,1518.2144,2283.615,1845.6141,1876.8834,1314.2042,2341.0447,2055.6604,1958.6089,1941.6031,1838.654,1904.8025,2445.2437,2437.9905,2511.3345,2437.2295,1976.9285,2089.942,2239.0532,1706.4736
2085,1974.8994,1712.8812,2553.6199,1708.4065,2439.0483,1638.5876,1969.3569,1694.1406,1968.5266,1968.1039,1782.6298,2157.8,1947.3472,2088.121,1466.3457,2032.705,1825.0734,2045.1989,1376.0996,2403.3677,1960.7888,1576.6421,1963.215,2054.4546,1627.7086,2380.7861,1946.1599,1860.8048,1581.8385,2718.4695,2327.297,2091.3152,1846.3369,2185.6646,2140.6697,2146.9558,2007.5713,2034.4993,1625.7998,2505.831,1907.5052,2156.2988,1610.729,2024.3617,1851.1794,1877.9993,1365.7657,2185.0085,1838.9446,2111.7974,1353.0796,1819.6866,1998.9003,2098.6301,1519.4557,2588.1736,2343.4656,1429.8617,2495.713,1842.87,1804.557,2176.986,2337.3518,2518.594,2076.3489,2346.1238,1977.3699,2150.5662,1254.8114
2086,1998.2275,1977.5327,2289.2588,2172.7207,2443.9524,1836.8322,2328.617,1610.682,1992.85,2134.398,1588.8057,2242.594,2104.1516,1850.6693,1963.58,1965.7141,1609.3026,1761.2902,1958.4872,2456.3044,2152.5068,1717.961,1816.6207,1656.2009,1923.2567,2338.7324,2258.1523,2138.426,1819.5597,1967.2988,2469.1865,2325.5771,2010.4502,2067.1074,2023.8639,2246.619,1923.4686,2172.5173,1501.7069,2257.3767,1871.2913,1761.5326,1668.767,2133.5808,2144.9343,1824.7236,1048.5189,2118.1487,1615.9769,1595.2151,1281.4254,2049.1702,2479.9116,1660.7382,1755.7277,2379.0955,2220.8306,1670.8069,2190.955,2102.426,1964.1045,2501.3184,2431.062,2352.8267,1979.7955,2247.4114,1600.9357,1758.769,1410.5283
2087,1760.2112,1471.7053,2040.4337,2218.4785,2459.2725,1620.554,1881.0321,1560.6367,1989.7815,1958.3948,1583.1227,2155.662,1923.6273,2176.3997,1720.6157,1981.3497,1423.3077,2123.025,1600.2053,2116.9626,2227.856,1699.5663,2021.3096,1849.4667,1555.1259,2335.4792,2179.1147,2022.5243,1626.0428,2620.53,2016.6127,1837.6819,2002.4502,2351.429,1937.566,2085.9949,2001.1996,2202.1187,1675.6876,2440.8257,2217.2954,1860.937,1664.881,2298.1423,1902.864,1548.7125,1399.3427,2066.185,2079.779,1555.2346,1205.0696,2144.1409,1454.6473,1695.369,1663.1196,2043.5037,2160.1277,1681.0215,2253.093,2576.867,1839.1703,2268.8347,2120.8135,2144.419,1956.2869,1952.4893,1891.9132,1689.8373,1707.8258
2088,1981.2657,1641.1658,2225.23,2268.8706,2128.5125,1660.7944,1757.8917,1187.5518,2169.62,2053.2854,1541.6365,2509.5264,2186.8845,1850.0889,1755.2942,1723.2772,1607.0902,1947.77,1675.2437,1764.3158,1661.1243,1561.5498,2181.3752,1713.557,1489.5704,1886.325,2171.6052,1896.7982,1913.5803,2141.8503,2202.18,2131.736,1691.8475,2665.2056,1899.8235,2394.9949,2042.3304,2153.0532,1849.7166,2314.3057,1994.0612,1818.0316,1686.9255,2056.2805,1870.2018,1574.7294,1452.8004,2116.7644,1883.3583,1882.356,1485.724,2027.7313,2061.7393,1705.59,1450.4094,2271.201,2093.474,1775.5332,2251.2395,2393.3066,1533.7594,2612.6035,2454.6755,2452.8943,2033.4459,2169.158,1759.609,1958.7407,1531.3623
2089,1900.4988,1453.9365,2274.0825,1932.1035,2388.7595,1666.5343,2072.7478,1291.2097,2043.8739,2150.0347,1942.1333,2239.612,2272.784,2176.1907,1759.0099,1933.5087,1743.751,2099.486,1799.9055,2043.4794,1850.6143,1791.8938,1810.865,1696.771,1610.6815,2549.413,2340.2021,1895.3727,1853.2037,2411.8638,2335.6934,2420.3596,1888.6383,2377.9238,2017.7861,2215.4958,2104.5332,1728.9014,1507.5349,2307.1892,2213.4207,2131.7317,1634.6014,1907.0092,1849.8772,1645.2263,1277.1654,1982.9583,1873.3479,1990.0317,1355.1609,2324.2773,1537.5137,1812.4712,1677.9719,2249.448,2250.5112,1629.5415,1924.8475,2031.397,1612.7587,2458.6282,2345.431,2023.7937,2131.8728,2191.181,2118.5994,1882.8279,1342.6434
2090,2078.6943,1695.2449,1976.8861,2213.4146,2332.969,1533.4905,2148.711,1665.4187,2495.7537,2062.7498,1823.3141,1871.9846,1907.0613,1861.9744,1440.309,1837.7106,1863.2924,1603.1702,1584.3673,2246.7664,2035.4506,1410.6489,2305.8074,1756.7446,1073.8066,2360.8684,2681.376,2123.6501,1719.3641,2758.2595,2228.0254,2200.2734,1815.3425,2083.8804,1860.8152,2481.2458,2088.9053,1828.6887,1530.4283,2105.065,1827.6902,2143.3975,1475.678,2066.7231,1709.6157,1718.6847,1279.9419,2025.3981,1817.2802,1789.6051,1573.0659,2254.4346,2051.5242,2154.5237,1713.007,2217.0322,2371.4028,1827.0048,2391.9333,2088.94,1680.5343,2152.2087,2245.197,2100.8025,1863.1229,2106.4436,2303.713,2028.5867,1647.542
2091,1978.6531,1517.9197,2083.7131,2183.0015,2225.5918,1739.4858,2047.1465,1516.1,1867.1547,1828.2606,1438.0712,2169.9023,2211.7485,1950.825,1487.675,1992.5027,1653.9878,1927.9728,1525.0018,2215.377,2174.4463,1843.0457,2048.0422,2141.5945,1502.2123,2633.236,2334.483,2098.4717,1900.2896,2189.1592,2355.1194,2155.9639,1814.4252,2378.5237,1895.0665,2348.32,2368.0708,1916.8568,1287.789,2116.101,2108.9841,1851.229,1385.2688,2018.628,1865.8727,1590.8516,1172.9241,2243.0244,1989.8773,1473.4326,1355.8533,2343.0059,1949.7695,1844.2583,1560.4962,2496.1973,1841.0448,1599.1182,2267.608,2224.898,1452.3182,2575.2078,2511.743,1985.3038,1823.4668,2154.7324,2054.8435,1753.8429,1624.8186
2092,1718.2692,1554.8657,2405.3774,2032.7148,2178.3716,1819.5819,2206.7214,1017.8371,2073.4773,1908.5024,1595.3826,2120.1238,2122.8289,1942.3715,1845.6718,2115.4907,1585.2332,2053.0156,1313.4471,2206.5896,2122.662,1800.7322,2239.1943,1936.7104,1572.8992,2157.3315,1991.4257,2058.9856,1814.3175,2199.4062,2555.5334,2054.7058,1810.0732,2136.1018,2092.3042,2507.9397,1629.4957,1948.5349,1306.6848,2210.3591,1849.2102,2050.2043,1688.0933,2076.933,1947.1552,1565.0559,1211.6799,1988.935,1989.1482,1641.0497,1287.7788,2251.3582,2073.5232,1903.9865,1468.9579,2545.4045,1684.7466,1482.5575,2536.134,2307.8418,1812.0691,2601.8923,2589.8723,2351.0923,2025.2686,2373.6104,1693.2786,1984.7747,1637.2307
2093,1848.9688,1452.7114,2465.3335,2212.162,2359.2905,1773.7213,1856.3097,1396.5221,2470.9333,2013.9185,1428.1881,2257.073,2271.183,1766.604,1578.4136,1602.6738,1378.4557,2174.4055,2036.1434,2528.6064,2153.1685,1510.0603,2063.065,1694.8242,1612.1924,2302.8367,2255.4285,1944.1313,1453.1418,2479.8115,2323.9688,1989.7634,2019.3198,2237.7397,1920.812,2252.7112,1852.3448,1777.6201,1503.9713,2273.742,2121.3877,1918.3939,1463.8359,2320.7761,1740.3826,1867.2529,1381.4191,1887.4658,1866.1317,1604.6543,1656.6274,2092.0347,1831.7327,1816.9801,1409.3108,2259.4766,1877.2915,1790.6342,2709.0923,1867.2101,1507.01,2241.4565,2046.3644,2235.2603,1796.1704,2265.3416,1873.446,1822.9832,1381.7487
2094,1849.3027,1363.8644,2301.9038,2247.1738,2433.9124,1787.6888,1907.2871,1050.1318,2371.1472,1828.9027,1394.7758,2368.4868,2002.2091,1857.6724,1627.4717,1996.8474,1786.7672,2018.375,1473.5798,2112.264,1926.9152,1788.9778,1795.9607,1872.3403,1499.4377,2243.9148,2353.416,1843.8184,1753.1458,2481.2834,2300.8455,2069.4902,1816.3354,2289.9487,1878.0133,2193.4316,2090.1418,1977.9341,1813.743,2303.916,2099.4343,2163.6116,1553.1763,2296.4783,1552.7484,1544.1587,1195.264,1987.6364,2051.157,1765.9863,1120.0837,2182.6328,1846.6979,1490.386,1335.3492,2323.6113,2511.7812,1669.2048,2408.3474,1714.3314,1275.5845,2308.8772,2177.168,1845.3071,2019.8318,1950.9088,2031.0181,1891.8538,1132.7043
2095,1788.693,1366.8055,2550.515,2324.834,2355.9421,1602.573,1690.06,1343.3033,2508.4326,2020.1625,1471.9606,2346.4255,2129.7554,2182.5784,1433.1677,1983.2661,1497.5544,1674.2079,1604.3806,2144.6116,2211.7722,1531.8438,2014.3187,1458.468,1699.3561,2636.355,1919.3207,2356.947,1881.5305,2406.875,2463.4753,2063.497,2203.6646,2131.8044,2167.912,2363.1917,1911.3396,1711.2812,1492.1058,2139.7986,1937.6151,1959.8583,1794.9233,2063.5435,1677.1293,1542.0813,1489.1665,2402.7234,1870.3372,1774.4211,1298.2668,2111.7952,2014.927,1801.5259,1556.5782,2339.2585,1895.6313,1980.6877,2641.3118,2322.6382,1330.4199,2514.3652,2361.2207,2279.934,2020.5938,2264.458,2016.1908,1679.1439,1644.164
2096,1381.3738,1230.171,2194.2646,2291.259,2406.227,1621.9834,2246.505,1245.1017,2135.2944,1798.7184,1429.2189,2011.1788,2017.7681,2060.08,1800.3738,2036.741,1654.3469,2198.3252,1625.1202,2461.3503,2090.945,1706.4213,1800.4105,1891.9277,1404.7213,2315.4346,2311.1494,2066.5532,1660.3546,2267.6045,2218.1836,2010.8413,1832.8452,2284.244,1833.6155,2353.2976,2111.658,1635.5985,1508.2521,2543.133,1822.8867,2029.2493,1491.1882,2234.123,1688.6206,1587.4532,1350.9838,2133.2185,1762.4724,1415.1515,1296.0474,2444.0725,1802.673,2263.2285,1576.4646,2282.4714,2055.6719,1456.1024,2218.2021,2050.8184,1577.5559,2328.305,2367.1057,2096.985,2026.1917,2523.3706,2091.3726,1820.3047,1534.6011
2097,1900.6567,1443.8109,2273.4907,2231.2417,2252.5007,1947.1964,1827.6641,1274.1001,2195.3206,1647.8295,1061.4252,2421.7178,1527.8856,1990.505,1138.8236,2069.0034,1929.5966,1981.442,1815.2078,2372.8662,1872.1731,1480.1521,2085.878,1851.1238,1383.8594,2469.3582,2068.802,2084.032,1791.9016,2409.3823,1982.4728,2087.055,1795.2668,2356.1162,2074.1465,2266.803,1727.069,1716.5432,1496.3395,2467.3806,1962.3655,1711.5255,1677.8896,2120.3042,1879.2612,1588.1605,1191.735,1754.2972,1827.8954,1552.2842,1300.8693,2293.1206,1759.7339,1609.418,1391.2646,2684.6956,1853.2467,1590.3145,2071.2202,1977.6346,1597.9774,2679.8186,2420.1912,2115.7712,2184.1274,2243.0266,1807.2738,1458.9606,1472.1967
2098,1613.1173,1527.4335,2652.3274,2206.8184,2004.28,1970.0315,1789.1995,1502.2365,2123.2625,1874.1642,1657.3503,2506.729,1530.6885,2080.1853,1827.8907,1484.2689,1354.8025,2060.509,1447.6825,1982.0564,1962.547,1566.7635,2180.155,1858.0354,1525.868,2235.0151,2032.6229,1966.6829,1749.9247,2262.2761,2127.4182,2339.994,1831.8162,2274.365,1940.0199,1976.1693,2223.4148,2050.4133,1316.2784,2284.151,1997.3983,2225.4492,1369.2616,2440.6643,1994.6001,1432.1256,1164.078,2064.031,1701.8224,1689.635,1246.7281,2223.483,1854.0665,1902.021,1584.2006,2481.8591,1979.4584,1855.779,2135.177,2497.573,1971.6534,2424.429,2416.084,2025.0856,1675.4781,2234.6204,2417.955,2120.04,1622.3009
2099,1837.2765,1427.479,2301.2488,1895.5061,2145.22,1603.7028,1722.3573,1363.4348,2107.8308,2274.9822,1725.2029,2207.4172,2037.4602,1830.5717,1465.1222,1926.1682,1466.5823,1920.1295,1581.9316,2165.6758,1838.5582,1541.2185,2198.5312,1773.7518,1469.5393,2557.007,2325.8652,1958.0953,1518.4282,2251.271,2167.534,2318.531,1651.2871,2424.904,1488.1826,2131.7812,1453.6765,1774.205,1411.3788,2483.5344,1994.973,1894.3925,1433.6968,1913.9193,1708.4459,1502.4873,1189.5604,2176.6035,2158.2295,1816.5685,1416.1067,2145.432,1586.0287,1702.5267,1422.3722,2201.911,1831.3065,1599.504,2459.2273,1777.1152,1489.5072,2120.382,2193.5022,2126.534,1849.223,2420.3672,1834.1908,1963.482,1651.7091
