year,ACCESS1-0_rcp45_r1i1p1-longest_run_tmax_abv,ACCESS1-0_rcp85_r1i1p1-longest_run_tmax_abv,bcc-csm1-1_rcp26_r1i1p1-longest_run_tmax_abv,bcc-csm1-1_rcp45_r1i1p1-longest_run_tmax_abv,bcc-csm1-1_rcp60_r1i1p1-longest_run_tmax_abv,bcc-csm1-1_rcp85_r1i1p1-longest_run_tmax_abv,BNU-ESM_rcp45_r1i1p1-longest_run_tmax_abv,BNU-ESM_rcp85_r1i1p1-longest_run_tmax_abv,CanESM2_rcp26_r1i1p1-longest_run_tmax_abv,CanESM2_rcp45_r1i1p1-longest_run_tmax_abv,CanESM2_rcp85_r1i1p1-longest_run_tmax_abv,CCSM4_rcp26_r1i1p1-longest_run_tmax_abv,CCSM4_rcp45_r1i1p1-longest_run_tmax_abv,CCSM4_rcp60_r1i1p1-longest_run_tmax_abv,CCSM4_rcp85_r1i1p1-longest_run_tmax_abv,CESM1-BGC_rcp45_r1i1p1-longest_run_tmax_abv,CESM1-BGC_rcp85_r1i1p1-longest_run_tmax_abv,CNRM-CM5_rcp45_r1i1p1-longest_run_tmax_abv,CNRM-CM5_rcp85_r1i1p1-longest_run_tmax_abv,CSIRO-Mk3-6-0_rcp26_r1i1p1-longest_run_tmax_abv,CSIRO-Mk3-6-0_rcp45_r1i1p1-longest_run_tmax_abv,CSIRO-Mk3-6-0_rcp85_r1i1p1-longest_run_tmax_abv,GFDL-CM3_rcp26_r1i1p1-longest_run_tmax_abv,GFDL-CM3_rcp60_r1i1p1-longest_run_tmax_abv,GFDL-CM3_rcp85_r1i1p1-longest_run_tmax_abv,GFDL-ESM2G_rcp26_r1i1p1-longest_run_tmax_abv,GFDL-ESM2G_rcp45_r1i1p1-longest_run_tmax_abv,GFDL-ESM2G_rcp60_r1i1p1-longest_run_tmax_abv,GFDL-ESM2G_rcp85_r1i1p1-longest_run_tmax_abv,GFDL-ESM2M_rcp26_r1i1p1-longest_run_tmax_abv,GFDL-ESM2M_rcp45_r1i1p1-longest_run_tmax_abv,GFDL-ESM2M_rcp60_r1i1p1-longest_run_tmax_abv,GFDL-ESM2M_rcp85_r1i1p1-longest_run_tmax_abv,inmcm4_rcp45_r1i1p1-longest_run_tmax_abv,inmcm4_rcp85_r1i1p1-longest_run_tmax_abv,IPSL-CM5A-LR_rcp26_r1i1p1-longest_run_tmax_abv,IPSL-CM5A-LR_rcp45_r1i1p1-longest_run_tmax_abv,IPSL-CM5A-LR_rcp60_r1i1p1-longest_run_tmax_abv,IPSL-CM5A-LR_rcp85_r1i1p1-longest_run_tmax_abv,IPSL-CM5A-MR_rcp26_r1i1p1-longest_run_tmax_abv,IPSL-CM5A-MR_rcp45_r1i1p1-longest_run_tmax_abv,IPSL-CM5A-MR_rcp60_r1i1p1-longest_run_tmax_abv,IPSL-CM5A-MR_rcp85_r1i1p1-longest_run_tmax_abv,MIROC-ESM-CHEM_rcp26_r1i1p1-longest_run_tmax_abv,MIROC-ESM-CHEM_rcp45_r1i1p1-longest_run_tmax_abv,MIROC-ESM-CHEM_rcp60_r1i1p1-longest_run_tmax_abv,MIROC-ESM-CHEM_rcp85_r1i1p1-longest_run_tmax_abv,MIROC-ESM_rcp26_r1i1p1-longest_run_tmax_abv,MIROC-ESM_rcp45_r1i1p1-longest_run_tmax_abv,MIROC-ESM_rcp60_r1i1p1-longest_run_tmax_abv,MIROC-ESM_rcp85_r1i1p1-longest_run_tmax_abv,MIROC5_rcp26_r1i1p1-longest_run_tmax_abv,MIROC5_rcp45_r1i1p1-longest_run_tmax_abv,MIROC5_rcp60_r1i1p1-longest_run_tmax_abv,MIROC5_rcp85_r1i1p1-longest_run_tmax_abv,MPI-ESM-LR_rcp26_r1i1p1-longest_run_tmax_abv,MPI-ESM-LR_rcp45_r1i1p1-longest_run_tmax_abv,MPI-ESM-LR_rcp85_r1i1p1-longest_run_tmax_abv,MPI-ESM-MR_rcp26_r1i1p1-longest_run_tmax_abv,MPI-ESM-MR_rcp45_r1i1p1-longest_run_tmax_abv,MPI-ESM-MR_rcp85_r1i1p1-longest_run_tmax_abv,MRI-CGCM3_rcp26_r1i1p1-longest_run_tmax_abv,MRI-CGCM3_rcp45_r1i1p1-longest_run_tmax_abv,MRI-CGCM3_rcp60_r1i1p1-longest_run_tmax_abv,MRI-CGCM3_rcp85_r1i1p1-longest_run_tmax_abv,NorESM1-M_rcp26_r1i1p1-longest_run_tmax_abv,NorESM1-M_rcp45_r1i1p1-longest_run_tmax_abv,NorESM1-M_rcp60_r1i1p1-longest_run_tmax_abv,NorESM1-M_rcp85_r1i1p1-longest_run_tmax_abv
2006,1.7114335,1.8222498,0.8526026,0.0,1.2553957,2.2849262,0.20779079,1.1842825,3.6911728,1.2595118,2.130411,0.0034171303,2.8622622,0.6102601,0.108793125,3.4952233,0.9211675,1.4540062,0.6168904,0.7057436,0.39400852,2.796208,0.7171081,1.1217664,0.8756569,1.7534107,6.2063184,9.990532,0.52010125,7.129259,0.20095652,0.40083346,1.7975574,1.1672795,0.4562592,0.99655855,1.1109116,2.3658676,2.0707483,1.6333921,3.1863205,1.3935479,0.7287283,4.608201,1.2828728,0.8812709,1.277394,0.020641433,1.7564434,2.6046731,0.3846739,1.1930183,0.33280396,1.3379576,0.80439174,1.7477416,3.8552866,2.3663177,0.99406844,0.63396674,3.4158466,0.42076084,0.7588136,0.6003345,1.6719168,1.3248686,3.33483,2.486409,1.8719159
2007,6.258668,0.46636263,0.42979708,1.5266211,9.409766,2.9142628,1.6367476,2.8565013,1.7721636,1.7615753,0.75261235,0.09535723,0.17358328,0.115850694,3.8489425,3.2949524,1.5334829,0.42956445,0.034152664,0.53183126,1.7515315,0.9518838,0.7006904,0.0068342607,2.8882458,7.342512,2.2195876,1.8944131,5.001204,1.165662,0.4765535,0.0034171303,0.0,6.153748,6.2111473,1.1124303,7.7398186,2.2199378,2.2559931,2.3839846,0.74298316,1.7225883,1.1026856,0.93266475,0.8388048,0.0034171303,1.3551041,0.44928628,1.1271454,1.4587463,3.2948442,2.2483926,1.2287276,1.6504148,0.9742161,0.41954568,3.4158516,1.7419167,0.1045197,0.64659303,5.353165,0.88067925,1.3773681,1.4101468,0.3278382,1.0979339,2.0873063,1.1808295,3.4482398
2008,6.5436096,0.14859031,0.69827753,0.35728568,0.7605851,1.5917679,3.4308562,1.8752706,1.011462,2.0592496,1.8738856,0.63075364,0.60154843,0.7676427,1.2342304,0.6817366,1.9777888,0.28265455,1.5789231,1.3329414,0.0069822315,2.261639,5.209963,1.1156232,1.6584091,6.2278304,2.077167,2.4433293,2.1500633,6.517853,3.8352032,1.4119363,11.736622,2.7716086,0.9642972,0.4780427,1.0847802,1.3317704,0.99655855,1.081441,2.0094786,2.9601471,0.9190055,1.5048254,1.8439246,0.020641433,0.5484428,0.42281485,1.8381552,0.0068342607,0.89247805,0.09877436,0.3755021,0.38367248,0.7019676,1.4237183,6.7507668,3.3373163,0.82356364,1.1297143,1.1245363,0.70519006,3.218863,1.2013209,1.8587219,0.9606854,1.4542856,2.4401288,0.87877643
2009,2.4197092,1.1745315,1.7619536,2.1652849,0.6361655,2.7514677,2.5020318,1.4168526,1.0108609,3.0003245,2.235494,1.3191204,0.56713176,1.8487759,2.2140436,2.462991,0.6032026,0.11243356,0.10793683,0.11243356,5.065795,1.6073328,2.3224638,1.717911,0.4193977,2.7348094,0.41107553,5.6047883,3.1958308,3.0961912,1.5891329,0.0034171303,0.47860876,1.2301221,1.5266064,3.597741,1.5104898,3.3982153,0.44943425,7.609564,1.5389189,1.2203517,4.041891,1.6811512,1.8884727,0.9233707,0.44928628,0.19987693,1.4004407,0.66129446,1.6595654,1.5693772,0.62051153,1.2069021,1.6179951,3.1716385,0.21695326,0.9079784,0.6365836,1.607459,3.1275947,4.2045207,2.2119687,1.2324471,1.9593657,0.32775357,0.30889335,1.7895045,1.6841558
2010,0.33878192,2.19516,0.0034171303,1.5577937,0.26876274,2.033705,2.0208642,2.0457382,3.5630422,1.6539158,2.7153728,2.7161436,2.0692928,1.8892612,3.1405075,0.8287218,0.36426792,0.27574494,0.0,1.8326422,1.8893422,4.235767,2.4354043,1.0508741,8.210129,1.5041893,2.5905738,0.7838136,2.6364508,0.48679557,1.3596456,4.2147346,0.0034171303,1.0938953,5.506717,2.9444509,2.4477096,2.4215338,2.9865258,0.7303463,0.0034171303,1.5271728,2.4731185,0.2008812,0.44003916,1.7769694,0.8276729,0.43305692,2.5277755,0.8063393,0.68138665,0.5474946,0.4925639,1.8230133,0.15773453,2.6071446,1.5521758,3.842937,1.9611486,0.6226909,2.2432663,2.4937234,0.7768919,1.0808582,1.5552866,0.20779079,1.6517391,2.240541,0.20437366
2011,8.175535,11.724926,0.6918288,4.11437,5.3452196,5.9148865,1.4964831,1.8586131,2.0352786,2.6093097,2.4394143,0.9427913,2.1732504,2.9694133,5.194603,0.0814654,0.789263,0.4629548,0.5445588,0.816962,1.3353593,1.2023355,2.8552225,0.6711276,1.8010597,3.7447553,11.282455,0.7473715,6.654716,0.4229628,1.6078508,0.7589194,0.9172243,2.0063136,2.0144577,2.3134577,2.9623928,2.098134,4.0075736,0.013816493,2.7914853,3.856034,4.042246,1.8822416,1.026358,0.46189573,0.8588433,3.640399,1.217587,5.194524,3.099786,0.44672543,2.3988996,1.2620246,0.45597538,0.9684831,1.0097246,2.3769717,2.1399739,3.0607965,1.3651668,0.020493463,1.4645942,1.7220492,0.27217984,0.6432727,0.9832795,1.1534369,3.366998
2012,2.7566671,4.526183,2.4138477,1.6584002,4.3851414,1.0677345,1.0432303,20.118225,3.682135,3.4794183,4.208109,2.3005998,0.2113559,1.3659,1.3372159,0.7700269,1.0857247,2.7814198,1.5471,1.7252103,0.38033998,3.210971,0.63266087,0.38774827,2.305734,1.121932,8.142918,0.98576105,1.0171578,1.2760723,5.6038284,1.4039192,3.842819,3.2916715,3.3905995,0.4801093,2.1609004,1.9316097,4.2805285,0.8170218,0.4625274,0.8031548,1.0316437,1.1836429,1.2403339,0.28598702,0.44586915,0.8679181,1.053533,1.275089,3.2462971,3.213812,2.409478,1.675404,0.013668521,2.6899498,2.6331794,0.8907639,3.1187036,2.990121,1.106649,0.60067034,1.5637574,1.6023425,1.4665225,1.2721863,2.0731413,2.8953693,1.6989015
2013,2.7836962,3.4674385,5.986505,1.5263028,10.112146,6.613778,2.7177455,0.89458936,3.0601056,6.5620875,5.6948,3.6841223,3.7939613,0.19071446,1.8704071,1.3712152,0.48543373,0.010251391,0.25282648,1.000346,4.671957,0.82037914,3.6065786,3.9346972,4.417356,1.17533,0.24235179,4.243065,0.10560862,6.4323177,0.6820607,1.9511293,1.1938848,1.8753206,6.715354,1.3177656,4.8467116,1.3560854,0.93130285,3.45035,2.310857,0.6701263,6.6856294,3.1503134,2.0763054,0.94440407,3.1662636,2.1778793,0.77447695,0.49719495,12.147913,0.013668521,1.4632034,2.204013,2.9595304,1.4611682,3.1655645,0.26876274,1.8937594,3.567522,1.068037,0.5427748,5.7176776,0.66617906,0.9484526,2.8511848,5.5473013,2.6837888,2.0304785
2014,2.8257039,0.7560534,3.5191321,1.1255219,0.8221506,1.940287,1.2664825,1.524127,3.4782288,6.2226677,1.7511147,0.56180733,1.1976326,1.0895431,1.4678459,2.8168972,0.71554863,0.7802223,0.7260548,2.54389,2.617061,1.9245499,0.8760251,0.86797845,2.162259,3.083999,1.507239,0.98037857,12.599864,3.7784433,1.8849332,1.5887806,0.9464719,3.3774114,0.85193956,3.279041,2.0720747,1.0948653,0.4253757,0.7988158,2.423516,6.389622,2.609693,2.398643,1.0514655,0.4595405,2.4343913,0.6842982,1.1477762,2.9813964,4.2979956,0.10560862,1.1354097,1.6677265,2.714463,1.9250005,0.82037914,2.0287337,1.1653384,1.8503975,4.234257,2.5725198,3.0061815,0.27217984,0.19389896,3.0663743,3.3818524,2.3531055,1.1632464
2015,4.382532,1.6700221,1.4656876,0.5721099,6.99169,1.3975793,5.1762137,5.803114,2.040123,4.558581,4.5544844,2.019417,1.6439178,6.18537,0.5651398,0.29987887,0.83152616,0.34286988,0.55966586,0.5269262,0.17682263,0.33443984,0.7454549,3.2536643,5.954041,1.2714807,3.9440057,0.53780925,0.09877436,0.19404693,0.69208443,4.1907663,0.09877436,1.8491949,0.282149,1.7403778,2.2259889,0.6273365,0.5283674,2.9391875,1.2798185,1.674132,0.50086313,0.59337056,2.9124198,0.027327724,1.3657917,4.146544,0.37777916,0.8585499,0.81681406,1.3263211,1.8383609,2.0093925,0.9285384,3.4205942,0.5412264,3.6228616,2.945929,3.698209,0.9068435,1.2662389,2.4698706,1.4294229,2.2257664,1.7446121,1.3255769,1.1670966,2.2590702
2016,4.0878034,0.39143836,3.428094,0.925071,0.77954805,3.3217533,6.1764016,5.777794,1.6150068,1.9575763,4.0881352,1.5860376,0.7222664,2.492901,3.0363455,4.846217,3.3235269,1.1564054,1.1615245,1.365118,0.83645123,2.273469,0.9719317,0.33821586,3.9988773,1.6577754,9.090492,0.871683,0.37451,4.832838,0.6029203,2.0525665,5.4750175,1.358649,0.069242224,1.069834,1.5992488,4.526074,1.6094686,5.777837,3.517302,4.2855716,0.5783781,1.5234264,3.73418,0.4935452,1.2253792,0.46303296,2.3399956,1.9150478,0.8212261,1.4412827,2.0355964,1.5548996,1.1693323,7.4601827,4.737015,4.5152283,1.8967578,2.3290076,0.9258305,1.1176658,1.2161194,0.85774046,0.42281485,0.82810116,0.11243356,10.673054,0.7013
2017,3.0084045,4.1052213,11.630503,2.5425415,1.1196442,1.664508,3.5383003,3.5764244,1.7694453,2.5857868,1.7360508,4.997079,0.6253812,1.128861,3.3776207,6.821388,1.2083433,3.7355213,0.7055206,2.2012405,1.9292,2.6124628,0.5737151,1.7817764,3.724284,8.329161,0.8323716,1.3543257,4.3026733,9.5667925,3.6175973,0.034152664,0.49076903,1.9095201,1.5290904,0.91113675,0.8946493,2.3569129,3.336556,0.8033028,2.2431123,0.95726824,0.9732924,0.97628736,5.071033,0.35734618,2.1565588,0.67606354,0.122684956,1.5156232,3.0261235,1.7471651,1.1523166,0.91764367,1.6521255,2.1830614,6.93647,2.8453543,1.2069079,2.9084964,1.3542053,0.30889335,0.36051244,1.3100258,2.057682,1.8318417,0.20437366,3.1618311,3.0280237
2018,4.9819984,6.1984534,1.2187983,0.88187027,1.1374583,8.337492,2.202256,10.001985,0.87919134,4.391449,6.3850474,3.0496063,1.2944549,3.365205,3.4278924,2.2618332,1.6505975,0.10560862,1.6483402,0.026471432,0.37436202,1.0741231,3.741271,1.2919407,4.195428,9.673487,1.4386421,0.5274825,1.1560799,0.8982612,1.7898016,0.442452,1.3180485,0.9155884,1.4143132,2.7552707,1.7597045,3.5319498,2.6044176,3.0257144,0.59383607,1.5769885,3.8861146,1.7038713,2.4420235,0.4535597,2.2916882,0.6881604,1.415092,1.4320066,1.300786,3.0705235,1.9122744,4.6996393,3.7286615,3.8306212,2.3141716,3.4109972,0.6711353,3.5907202,2.814059,1.3625984,0.023910593,0.36411995,1.0194457,2.2707167,1.1079125,2.7506642,2.0810535
2019,4.314147,7.027232,1.3927009,1.905925,2.4933746,1.000198,3.1672423,9.914562,0.4625367,2.7069433,2.0312562,1.3194509,0.44943425,0.9649588,1.7992749,1.7181327,2.7599475,0.9928046,0.54095626,2.4453306,0.4193977,1.8726444,6.5854154,4.1865544,9.546205,3.0336394,3.0094035,4.2983603,3.3993866,6.127429,1.3679036,0.098689705,9.790775,3.3971353,5.48995,5.109403,1.1400089,3.389977,5.8818665,1.5325657,3.7213287,2.0320716,6.5032296,3.799918,0.96867305,1.634063,4.8261213,1.6641409,0.5341688,2.0844152,5.4846587,2.041522,0.818302,2.1391559,0.50607514,1.391704,2.8834925,0.9410063,1.5469941,2.9132395,1.0161672,0.8584326,0.69162107,0.64350533,2.5144715,2.6279082,0.6247115,1.24414,4.496415
2020,11.283401,8.765437,5.619015,3.2946658,0.11243356,0.8462938,3.474649,1.8080868,2.3672729,7.6559544,0.7146331,4.321004,3.3148973,2.1637557,3.5276163,4.669829,0.30889335,0.6497972,1.9838002,1.0070829,5.3613176,3.624112,1.8551577,7.4421782,4.5014987,3.5291228,1.5545386,0.29523414,3.4083686,6.0556545,0.96198726,4.558035,0.0034171303,1.1605222,2.4294257,2.3903065,3.0170243,3.2587478,2.088898,3.826785,0.51832,1.4633467,2.395404,1.7148502,3.1435852,1.387429,3.13432,0.6154492,1.3784267,7.710331,4.639802,1.2315997,2.290732,3.4095755,1.0934553,1.83374,3.772315,3.080736,2.4341085,4.656015,1.4489039,2.1005871,2.6384747,2.54097,2.503561,6.3088694,5.1068635,0.10901643,1.8101908
2021,0.6986956,4.080418,7.778488,1.9572906,2.5372198,3.109673,3.379192,4.8001833,4.752218,3.4253333,4.171158,0.9862311,1.8324586,2.796967,2.2874253,4.7989955,1.7264404,2.3909814,1.879197,0.71170413,0.55105966,2.5534034,2.8541772,6.9304447,1.6841277,7.3792367,0.89393014,1.6325228,2.9686217,0.6832554,0.87524116,8.671304,0.099574596,1.4971716,0.9541265,4.626788,2.2718287,0.85324377,1.4886159,1.3150628,1.3990257,0.543887,2.7583058,1.292922,4.317083,5.4226646,3.2473469,1.5201267,1.8240368,2.7040513,1.3409294,0.6496014,1.136757,1.1475363,3.0035408,4.2997737,1.0557042,1.9290674,1.8131912,1.93736,3.1548007,1.1128688,0.65010697,1.7818531,1.2254145,0.4864473,5.6318235,1.0593392,3.293172
2022,1.4859685,8.02279,3.3620257,1.8701893,1.5756179,0.5742901,7.696989,2.6371157,1.8654331,2.684406,3.7107923,4.7821684,1.7662287,0.5637872,1.6152258,1.401536,0.9258305,0.94571114,7.520518,1.889375,0.87557954,2.6502774,2.7028701,0.44928628,7.5250406,0.098689705,2.6955564,0.0034171303,3.8179533,2.4958122,0.5962204,2.0876284,0.9592236,1.1488389,1.5324672,4.831654,2.3557801,2.0474784,0.78230375,2.94034,0.7378146,5.4750924,1.4720539,2.9258158,1.2571185,1.5716006,0.44872022,0.47126767,1.9398837,4.0265274,2.438955,5.3350167,0.79049057,0.44872022,2.2791705,3.043874,1.6151282,2.2489734,3.1196237,2.106841,0.882998,1.8431479,1.7002237,0.30889335,1.6109773,2.63785,6.6791987,2.123815,2.1961346
2023,1.9136761,4.9946237,3.8506758,6.90433,3.106062,1.198616,5.5460253,5.2819543,2.8490398,0.6773286,2.9195223,1.3458729,1.295734,2.1645875,0.73862994,4.104492,0.75092727,2.559161,1.6873851,0.024058564,1.5334548,4.476508,3.6744616,3.2981663,1.6795623,4.1484785,0.59398407,0.2997309,2.6755705,1.4390613,0.9745486,5.6172805,2.3131583,0.0034171303,11.7284,5.596864,1.4201849,3.2272382,4.995404,1.7893064,1.0564977,5.6433225,0.7874928,5.5676985,0.47519165,2.4748917,1.1604406,2.0892248,1.0369714,2.515318,1.6711738,3.495122,1.9109119,1.7991323,1.2366214,3.154615,8.418738,1.9813395,2.7412603,3.4206467,4.3285136,2.1943572,2.0216901,0.89220196,2.5075548,6.158097,8.8383255,1.1731462,4.326072
2024,2.24705,2.569467,16.725199,2.7847006,0.9348075,9.23107,2.419632,5.149536,0.7111599,7.4728575,7.2756367,5.160182,0.82738185,1.712108,7.602483,2.1264656,1.8729817,1.5489401,1.3317577,0.30547622,0.7966041,2.863505,2.5183458,1.989461,3.2669573,0.70488894,1.0471023,2.5953174,0.9906001,4.777306,1.0680554,2.4207408,2.1741223,0.0034171303,2.5898664,0.89414376,2.3769147,8.810985,4.674387,2.0385904,3.842628,0.9612167,7.8621564,2.6357255,5.9286294,6.384353,3.9129727,1.901317,0.61367726,2.6988635,3.976193,1.0206943,4.306921,5.7181773,1.8359934,6.017465,5.392567,2.695947,2.3699367,4.318174,5.199502,0.16088638,2.124139,0.30547622,3.3206325,6.1111517,0.023910593,1.4517888,3.758915
2025,0.17112845,7.596646,6.0124803,4.307449,1.6140397,4.5093465,7.959287,3.695767,4.3289623,2.3026745,4.8464527,0.69872826,3.7698846,4.355254,1.2023755,2.8579316,2.2841647,0.2008812,2.6538548,2.2870765,3.36058,5.812925,4.889062,7.461707,5.7232466,5.8324046,1.930178,0.40867198,0.6256155,1.0407276,0.19071446,3.04647,2.2027824,0.2653456,0.6869489,8.832504,1.5757638,0.5273346,1.5342942,3.1602578,4.0352736,2.29097,6.0289073,2.4722266,0.55105966,1.6313936,1.5770549,1.2066869,0.79632056,0.7709845,1.4518394,3.1267788,1.5262035,7.142864,1.2584023,4.8515406,4.559856,1.4634202,2.027011,2.9274962,1.5718397,0.9478824,0.7695013,2.8788517,2.7521749,2.7419949,1.6318023,0.22378752,1.4023533
2026,0.91916275,3.0857005,3.999505,8.733629,1.9822246,1.1874642,2.1692162,4.2715206,2.618238,8.699902,1.5772136,3.4142878,1.6732683,2.0298383,0.7415415,1.7665846,3.2661173,5.1497307,2.2512534,1.6274476,6.3222327,2.2911305,6.310854,3.2603323,1.7258446,2.5043008,1.442195,6.5958095,5.409529,2.3389406,4.9046516,2.609613,0.5285621,2.3741643,2.5934594,1.2296828,1.3704643,0.5343168,1.5487212,6.5487833,1.3317457,2.9762802,2.4258654,1.9334784,1.0873344,0.55488557,2.2855198,2.8725383,0.9260631,3.0198755,1.0316623,1.517583,2.2966762,3.0267715,3.7917392,1.7310978,1.9492096,1.7332331,2.8220775,1.1600829,0.9922565,1.7717987,0.7056472,1.5221384,0.48217386,4.4901175,3.3518705,1.8118942,5.20581
2027,3.1183019,4.7697277,11.261156,2.4142106,0.93258005,1.1398301,5.5874567,8.50562,3.8482769,7.2377586,3.4432585,2.1326694,2.755141,0.8389434,6.234394,3.239741,2.5338569,1.7082516,0.8626811,3.9162428,1.0488495,1.2009819,1.5793134,1.9098779,2.2587512,0.47860876,0.19389896,0.4042506,1.3587519,3.748842,5.4495173,1.2640109,8.22719,0.74872404,2.5162735,3.676493,3.3551888,3.2504523,1.5884209,1.5826503,3.2262444,0.45952836,4.4638104,1.7231582,4.6963453,0.93948966,4.172289,0.9625551,2.433176,7.617313,1.948699,0.83381504,2.786608,3.8504002,2.1312273,5.98775,1.2177292,4.852772,4.1314726,1.639953,6.5315824,1.0066723,1.5636189,0.8302882,1.0808002,2.0102725,5.7793703,8.96436,2.8588488
2028,6.2959003,5.8003798,5.3459153,7.3314643,1.6770043,10.213256,2.9778762,2.7792287,2.7768645,2.1464283,3.08982,4.510446,7.1849885,4.4239025,1.7037286,4.358764,3.0386338,4.1316476,5.799189,5.008235,3.5641134,0.9454228,8.198736,1.9544504,6.3121877,2.8329153,5.181158,0.9382246,2.9149065,0.4488682,1.1833044,0.37436202,6.482378,0.3846646,0.7132724,1.5443252,6.2565746,1.7440872,0.8817522,2.6676407,4.453153,7.09334,6.5452857,1.0672889,0.9344455,0.9630926,5.0857787,1.7982283,0.72843903,2.4429808,2.4839907,2.6516678,2.657551,2.6561973,1.7684863,6.899244,1.6125886,5.128662,0.8340477,3.568807,4.209853,0.9990908,0.3483317,1.4013859,1.6524862,1.8735297,2.323269,3.6077244,6.2681985
2029,3.6222665,3.0405116,7.2272987,3.9389644,3.0376637,1.9236536,1.5051733,8.138593,1.8775512,2.5850718,4.2876105,0.6373838,3.2518268,0.8736215,2.0447342,1.1298869,1.3239405,2.0917268,3.650817,5.8801765,0.193626,0.88770837,8.760265,1.818785,3.9955423,1.0526427,0.0034171303,0.26876274,1.1203656,7.043783,1.4868636,7.737758,0.77767074,0.31204036,0.115850694,3.392102,9.888329,10.489621,8.650273,5.517898,4.4718056,4.5602016,4.5871625,6.230926,9.014673,0.9395083,5.794015,4.434671,1.2937049,1.962833,9.085864,2.3314674,3.531395,2.625517,3.2984102,1.8150086,2.7452874,3.7174063,2.2880738,5.71599,1.2419494,1.1087595,3.114253,3.212102,3.1638312,1.5883998,5.1165996,3.8509614,1.1431991
2030,8.773366,4.003966,8.847823,1.5852661,4.901827,9.064828,3.9526339,4.1416407,1.9764249,2.757704,3.2659845,0.784719,2.19516,1.9358279,2.1146777,0.60383785,5.2728615,1.2631531,2.3890147,2.135977,1.5983686,0.95144755,3.021699,9.034331,3.4772108,0.56022215,2.3434541,1.9503523,5.743837,0.38802123,2.161018,0.4229628,9.192203,3.252055,3.881339,6.3316545,1.7283136,2.521607,1.9262552,0.91210544,2.1981544,3.4292133,2.359849,5.8119445,2.477925,1.978429,6.4348187,6.3355355,0.5104062,5.9114814,2.8987625,2.8365986,2.3212023,2.734249,2.4207573,1.3477747,7.3977203,2.6776297,2.2197936,3.280361,1.3743258,0.28583905,0.71085715,6.12428,8.149725,1.2500495,7.755655,0.020493463,5.322837
2031,5.4397135,1.7842364,4.1316977,4.0475664,2.9427428,3.8473194,10.799082,2.6454954,4.7091846,3.9234135,9.2284155,8.78905,6.953952,1.4353836,0.9891012,0.34126478,1.5377302,1.0671325,1.0316825,5.043238,2.0104377,1.5836004,3.1705196,3.6643567,7.1866555,13.390622,0.27923742,0.6624043,4.6392016,2.4185977,2.2641258,2.5869339,3.2625823,2.0584016,2.7428596,1.4180622,3.3749259,0.57946044,4.582003,2.3770514,4.141199,0.020493463,2.188306,3.33376,1.738733,1.7817222,6.2729044,2.8334694,2.3989837,6.163304,7.8300285,5.970122,2.508272,2.3640165,4.379266,4.665446,1.1340909,1.9079307,0.010251391,1.952833,5.5217643,1.79676,0.9585701,0.69850373,2.8681788,9.847226,1.1230596,1.4430647,1.5888689
2032,3.7448664,6.739564,7.1282005,5.5027027,0.5653724,6.1245885,2.3835726,19.746214,1.7773243,3.3082113,2.1096253,2.756521,1.7544127,1.4672095,5.1236444,5.86344,2.7227995,1.5520165,0.030744854,4.110757,2.4561274,1.9200068,1.5095909,5.3026156,4.4058647,2.301433,2.0775554,1.613728,3.8137405,5.4614787,0.46659806,1.2610192,1.7416321,16.412605,2.8248835,5.5849233,1.3305974,4.3351564,2.8059897,3.9884834,10.584008,3.1928616,0.7151072,2.0074697,2.9866927,3.5580993,1.3773874,0.42245725,1.4539684,3.0314665,1.6299016,1.0842266,1.510192,2.7419405,3.0488386,2.0591123,0.77667785,5.9384036,2.286606,2.2211008,2.2999644,1.3056045,0.8724918,1.5698316,0.96039146,1.7944033,4.263766,4.461916,1.1976906
2033,3.0950162,20.242777,17.01431,5.11349,4.289217,0.55503356,4.958142,2.211,9.168383,1.9193374,8.449695,3.1427417,2.2379549,4.119024,1.6972934,0.37436202,1.5268327,4.2202134,0.6379467,5.52485,4.750455,4.1572437,4.216643,6.884276,1.3937082,1.4440638,1.6844137,0.442452,1.0811089,3.3831408,2.307083,4.594779,1.6469704,3.1519892,2.9450033,2.0378687,3.0366366,7.1382422,2.1213596,0.97012717,1.5528706,5.6374183,7.5014205,5.7386427,4.368203,7.26836,2.3160987,0.8031548,1.6519806,0.96454597,3.9366534,2.7727091,5.603888,2.2282736,3.4812207,1.1604546,2.3099675,0.76073307,2.7355127,6.32228,8.220871,1.4984938,1.4194347,1.8771511,1.7382388,4.0684953,2.9694803,1.3643686,2.620414
2034,3.6474347,10.073986,6.397327,7.917559,5.3828616,2.3868835,7.6573305,4.161896,1.4715561,6.447653,6.7907295,3.9868636,4.4084916,1.0493249,6.7271104,1.468279,2.3295484,3.1626444,0.47649747,7.895857,3.2122447,4.745552,4.252513,4.765914,12.013505,1.4053189,2.615075,1.6462525,1.5776777,1.1862402,5.1503015,2.0128577,1.0119791,5.9844856,1.969763,1.5924515,4.4734936,5.002157,7.8742256,3.4640524,4.2969522,5.886719,5.7746696,2.411803,5.0891376,3.3811207,4.1301703,2.2090838,1.0662093,5.186535,2.0131297,3.535364,2.1497872,1.8426827,3.7099202,0.7992321,2.4385774,3.5840144,6.359824,5.259273,7.7309656,1.3392034,0.37777916,1.0526254,0.55105966,11.5810585,3.737811,6.4392524,4.2065353
2035,1.7022753,4.8369823,13.178428,4.4307947,9.778266,1.0641787,2.7206504,1.3223324,10.295947,5.4485826,4.224758,5.7772136,6.648222,0.92132926,4.126616,6.8166337,3.0448873,0.9258305,1.8687799,2.705711,4.562527,1.5491668,4.351284,8.097744,2.747999,1.4281929,9.9525795,2.0907667,5.621026,0.3837571,1.2055686,0.5446435,1.8521338,5.8776035,1.0384686,4.408966,3.6343925,1.2347542,3.1423743,8.1154375,4.2462854,3.866418,4.810291,0.44195575,3.3541267,6.6199303,2.670007,5.9254127,4.1062098,1.4272193,3.8050525,2.3564034,2.3002505,5.233474,3.2029057,1.2510427,7.5941257,4.5651608,1.864517,1.0782309,4.761817,1.1919646,1.1660726,1.6391903,1.301751,2.7989295,1.2746317,2.8118138,13.003068
2036,13.833781,10.38062,24.291039,4.711458,4.2645497,5.1213593,3.2196777,5.43097,2.1240575,2.3288212,14.387494,2.7731423,5.8470163,0.1667797,4.942437,4.6445503,1.8475983,0.28598702,2.471361,0.19071446,6.319798,1.1331755,2.270397,4.9480453,3.8742394,1.1488901,1.6393248,6.8266544,10.262318,0.8491081,0.87149054,5.0785317,0.4287928,3.822733,0.14395802,4.1662054,8.523112,4.553355,2.0096192,4.4996705,3.3928874,14.171546,4.8587146,2.1228292,12.837412,5.516358,5.888109,0.5284235,2.8305879,1.4561083,6.237758,2.8890147,4.830932,4.46597,4.993937,0.98312163,3.760132,9.654252,0.9780918,3.8359962,5.5108037,1.5093521,0.2928213,1.1861556,1.3186655,1.4732578,3.6012268,3.7997017,10.7250185
2037,1.2850561,11.760634,9.406709,3.9301143,14.818036,2.7131047,1.4992057,9.158399,2.7043374,5.2229786,15.437517,4.272925,1.0075797,1.1092051,11.518825,4.105214,1.8268789,3.4020667,4.2059984,3.4957964,3.4068582,2.5407388,3.7625144,3.1428318,3.0162098,1.7947518,15.2045965,5.224609,6.1874433,1.8469414,0.6589965,3.00557,8.65479,0.94104815,3.022979,9.977095,4.0520573,1.2987756,2.054484,1.580892,1.5078813,6.48449,7.813706,1.7744354,1.1339738,3.6963441,5.307901,3.9174492,1.7805821,2.1734035,3.3005447,1.734315,1.7623218,3.4487004,1.9240885,1.8197486,2.1976867,3.2579436,10.20921,1.4476094,8.426881,0.7333441,2.9798558,6.218158,1.1346462,2.0495963,3.299667,0.115850694,3.157902
2038,7.3357906,9.824058,4.1514907,2.6620064,9.289137,6.36166,6.6364536,6.894761,3.7227411,4.2709584,5.8424416,1.6019413,9.525438,5.128551,4.039571,3.2437396,2.793848,2.26621,1.4633466,1.6873266,1.5150211,4.844665,5.048688,6.449911,2.6388958,1.5527142,3.7169304,1.5911318,1.1274791,0.8480752,2.3922396,4.2785916,1.6922456,1.6913819,0.024058564,3.2523403,1.5186905,0.9043478,3.0587227,5.6728306,2.5652583,3.0651414,7.2656054,7.9035707,13.358796,3.019346,3.0949395,1.8823181,1.5275389,1.0692458,9.751125,6.2562523,2.6430726,2.257341,2.3462172,2.6715121,7.7051306,5.3313107,1.6104901,5.9043393,4.720968,1.1351237,1.8459015,0.5285621,2.7105317,2.5071602,1.9832964,4.976733,1.9086667
2039,4.86725,9.158124,7.6088758,1.0801572,8.372896,2.588725,3.7486656,3.0241349,2.939545,3.4481008,6.6422844,0.9772548,3.7831442,1.7997413,8.540351,3.1759775,0.8402598,1.4881493,4.481369,1.7360723,3.1858134,5.9718747,4.462446,2.5909224,1.844022,6.1785684,4.4249873,1.7321963,2.9608543,3.4491484,9.422329,1.3700356,1.4118869,1.3221489,4.2539845,2.6680357,2.1512,9.120212,16.463013,0.96154165,5.9630156,10.009528,1.4935895,2.5756636,1.6776216,4.1021023,13.346085,5.1463747,1.3189846,8.003145,2.1618974,1.9318877,5.0276437,3.6617527,3.8590677,2.6364894,5.5529776,14.11181,2.4700532,1.5694484,2.9437048,2.215708,1.5667287,1.8478869,4.2121005,3.1660798,8.285226,3.6001594,3.8022697
2040,3.7018936,12.580272,3.190734,13.561034,3.5780847,8.876133,2.1771655,3.2852852,1.8450831,8.596121,10.623816,1.7394551,3.2882335,2.9996805,3.0935445,4.4445753,1.8001735,2.7586582,3.927506,4.279705,0.6881604,3.502573,5.6474805,5.938505,4.8682723,0.79597354,4.4184437,1.6495559,1.7877264,4.614727,16.372753,3.5085933,1.3675169,0.97977376,2.9022036,13.037815,2.154338,8.455811,4.052023,3.04351,7.0680737,8.854389,8.41747,4.6473727,2.0099504,6.3325644,5.692804,4.0298934,2.826487,6.4994617,6.129363,3.920256,11.9151535,0.7421829,3.6443295,1.5964822,4.288779,4.7308116,4.2436795,3.275909,5.6522117,3.0256689,1.9572171,2.2606075,1.804146,2.7247236,11.619659,2.5675411,5.7569313
2041,13.020941,24.605682,3.6192575,4.357711,5.235625,5.9628835,4.5731535,7.9005933,4.4380546,4.220528,10.140127,8.590211,7.917413,2.024449,5.4849863,3.3410883,5.127772,0.24940935,7.759056,4.4290867,2.9126513,2.8773613,3.5194547,1.640786,4.3221254,2.029735,3.7432241,3.0455558,5.4621363,0.7626857,9.213934,3.299301,2.5040426,0.20437366,0.40494508,1.671865,7.530882,4.806192,1.3619102,6.918494,1.2764299,4.4300904,3.882255,3.0146284,2.5853217,2.630308,4.378287,4.29911,6.1631064,4.5663075,3.416375,1.5950028,6.435768,1.8437775,4.0122337,1.0070829,1.6096412,3.605823,4.553005,3.1761668,2.8482776,0.6231986,2.5307882,0.115850694,1.8203015,6.398017,5.3512845,2.341445,6.998699
2042,4.6591334,11.909293,2.8956573,2.3175778,13.3236475,1.1890324,6.2259774,16.980663,9.188436,8.062793,27.250668,4.00422,6.5631537,3.7176604,8.0540285,4.149751,3.1425414,2.5993927,3.4800313,1.568159,2.4431803,4.9623704,3.9300117,5.3168716,11.757337,4.662744,0.46986723,1.0718329,5.521714,3.3560777,0.5705489,1.0226854,5.2150187,1.6541698,6.429519,1.2212692,0.4665106,1.2683216,5.1824274,2.561105,3.289141,5.495513,3.3943462,5.6510944,6.6313634,2.3717487,13.3501425,4.066002,4.9880347,4.443613,3.7634263,3.4128597,4.6786585,3.297308,8.715581,7.0476007,6.221569,2.4939532,0.92060435,4.497026,3.107186,1.9402959,2.5613794,0.4664501,4.0562344,6.759812,5.4666452,2.9411972,5.8626127
2043,1.8455352,6.815182,2.4766674,2.480215,3.5335207,9.923399,3.6770844,12.986019,3.300937,11.625197,9.680412,2.893902,4.224727,17.452719,7.1190147,5.20143,6.0029774,3.2118483,5.033055,1.198677,5.6044016,7.176735,5.0646267,3.8651795,7.8130593,5.315549,15.80535,3.752881,0.8764358,3.7606394,10.620384,1.5358219,1.5606066,0.017076332,5.9806924,2.3445554,5.2186503,1.500824,6.515297,2.8625271,9.111659,4.9266057,1.7527041,5.730433,8.674974,4.8693657,13.056668,5.147186,4.775073,0.70599914,9.993575,2.321898,2.8507664,0.795963,4.118976,2.3513236,1.6796817,4.2702003,3.2098525,0.9117257,9.094519,0.66414535,0.5776983,0.51114744,2.320475,4.972603,2.650356,1.7704154,0.9190877
2044,4.0431046,10.29756,5.6831813,4.4420514,3.5970812,3.771795,3.7874875,5.0840845,8.696984,4.385916,9.226325,1.0320252,3.6180248,3.924742,4.357579,0.65907186,7.4613466,3.6695292,3.3126905,1.8393533,2.4603963,3.2414384,4.019798,6.652582,3.2775822,0.4120891,1.6518546,1.2329648,4.3762746,6.582357,3.65833,3.9382317,1.6502938,0.37451,3.4615996,1.216578,5.4205728,1.5708274,20.350948,1.9933213,1.1284934,4.8663096,4.1868043,7.634566,1.5705597,5.370808,9.268808,4.951737,5.247149,3.8435414,5.0006886,6.0076294,7.5347404,4.778639,5.202838,3.1486568,0.5533879,5.291742,1.2085309,2.9449577,5.3907056,0.20793876,2.821808,4.18411,2.8062227,1.6906413,1.067531,2.149953,3.7980998
2045,7.9815164,7.31875,1.9180994,3.8269072,6.3900213,1.0765373,1.9067922,3.5931084,1.7015572,2.5061104,16.621355,4.8752723,3.7733936,3.2989323,5.0340633,7.975574,2.8570182,0.90578896,2.790881,2.422834,7.5684953,9.270868,1.1337426,5.1010575,15.055328,5.316919,9.699181,1.8644254,1.2259741,2.2390149,2.4068835,1.0041114,0.42637995,4.5669513,5.02562,11.508533,3.6479013,3.2206762,3.9924753,1.1099246,17.464272,3.8293579,7.982495,11.992006,3.8383718,3.6273944,9.53389,1.9902066,8.922322,4.7537327,15.132512,2.3065608,5.7751036,3.036187,4.9361734,2.1680884,4.83821,13.925661,0.7712821,1.7712892,3.8379977,0.9248886,0.9253656,3.7140207,1.3279495,4.2161636,7.8925776,2.3446658,12.2653265
2046,17.226027,8.040047,4.427848,8.565206,3.6113806,3.5646763,5.421637,17.83042,6.132895,10.585137,10.861606,6.298094,5.8747044,4.192332,2.865971,5.2042627,6.5109277,4.818357,0.75540584,1.2941126,3.1285405,5.7702813,4.515798,8.816331,14.238959,5.1523504,9.436936,1.5222834,2.4055293,2.3522825,4.0511675,5.622848,2.343661,3.5767963,6.2582183,3.4349964,3.1414042,5.57158,5.5429635,1.6296222,3.7655246,10.497768,14.180324,3.4941523,11.046891,6.4643326,7.735929,5.4648004,4.3054194,8.88433,6.4116373,7.2071,5.8284035,2.6683903,2.1430163,2.1732297,0.72160476,5.1385508,2.7744112,5.0600305,3.1756647,1.2766076,2.369115,1.6809132,3.0466201,1.0641694,12.486678,3.5638127,5.494453
2047,11.657134,2.9630907,5.5685554,5.2574224,3.6788473,7.5239873,4.8946037,10.396763,4.3614154,7.786562,6.1926074,3.8555212,1.467461,1.8094584,4.2950196,6.81312,8.160172,3.3009987,9.84301,1.5567058,5.9978924,9.402561,3.2974854,5.987706,3.204015,4.3391914,0.9637428,1.9423583,3.4350078,0.39159566,4.751619,0.4971389,5.1102114,13.441361,6.1802373,2.5534587,4.5343323,7.3183823,2.7786438,1.1020825,7.5978174,11.550258,9.998907,4.1942353,6.3830385,7.0441604,15.214714,18.010452,8.18632,8.516704,6.384342,1.6464367,8.098,5.179495,5.3559074,6.0214863,2.838304,3.9528644,3.9121346,6.8742385,6.3391266,0.44940358,1.0290374,2.5822897,1.704925,3.6301677,3.691159,2.184746,3.8519516
2048,19.91244,16.073854,0.105523966,18.124424,11.442376,13.724147,3.2683656,4.6908154,8.07294,2.4659846,12.502148,4.7315407,3.3274696,1.0752786,5.983447,1.547897,1.9990482,2.3021326,2.9850934,2.3187096,2.6463046,13.69569,16.114525,1.8926789,9.11067,2.9485564,1.4630104,2.9896998,2.4159896,0.73762566,2.0733848,2.4107783,1.1654388,3.1507232,1.1357356,3.4439352,7.9977603,6.151378,6.0856905,0.97738355,4.458523,2.172075,12.70858,3.7370183,7.1955357,6.933239,8.413022,4.3160334,4.9418015,2.6017408,14.801001,1.1888119,2.9484572,1.9543957,11.077176,5.664342,3.6248221,5.2670927,3.4868393,6.0668616,9.978166,0.9859992,1.7288336,4.410369,3.0384433,3.327417,5.6094933,6.1021576,15.961713
2049,12.248458,17.193577,1.1680673,12.822393,24.72005,9.801902,9.625789,8.95752,4.940059,8.43914,12.934218,6.277108,2.2693985,2.5621703,1.6940705,3.6532865,3.7962446,2.3515956,14.966348,3.4353247,5.468216,7.3008137,14.343123,5.6131086,11.87355,5.249876,6.4853773,4.795501,6.168626,2.2748384,3.3177168,9.176383,3.8616774,10.852894,0.6170077,2.6145191,4.0478096,2.9372718,13.492989,5.578062,5.804093,10.883754,7.9443183,5.161041,2.2860122,3.346244,6.769359,2.2731547,6.2281733,10.730767,9.2172,3.775776,6.3269343,2.017467,8.229937,7.710193,2.6028829,7.082616,5.86095,2.501249,3.9200764,0.46986723,3.9007013,5.4296165,3.4373617,2.5346148,3.9706051,0.81312394,5.5750427
2050,12.986623,7.306554,2.3094425,7.8277903,13.224437,10.369688,10.50188,12.022403,8.743242,7.817697,3.7705123,3.459398,6.3928123,2.6274424,3.261164,4.619701,3.076949,3.8112218,2.7971606,1.7162575,4.970721,7.5490966,5.4379745,2.5682755,10.398309,7.062408,2.0685983,2.2318525,7.62164,2.5118227,2.627773,1.1322594,3.3953834,0.29879925,3.1744702,3.7949307,2.876191,7.3097095,6.0534267,2.7553182,3.7378192,6.268182,3.4633017,6.035864,8.749167,4.6506095,15.708749,5.152705,5.768263,5.0066066,15.023095,4.9147897,3.813822,3.4771633,7.372907,1.3787333,5.9829516,6.151621,11.370443,6.291359,3.772893,3.4302266,1.7484324,1.6688664,2.689095,4.141796,2.407231,5.621343,5.7942896
2051,9.22603,16.435528,1.9506873,5.1636825,6.501492,21.0334,7.586778,12.396978,5.6729345,4.176648,7.7120337,1.4687214,5.198768,2.0002542,2.8471696,12.100731,10.01216,0.93522555,5.676346,3.341388,7.760988,3.795469,6.8766546,5.7648373,10.7412815,1.017265,0.4664501,4.7556496,4.520279,8.397804,0.38026467,8.318718,2.3937519,4.0775976,2.9410264,5.756514,3.7400365,2.7500052,10.52975,3.6832526,6.1882567,5.052814,13.683475,5.0241623,7.5323033,8.189547,12.083871,2.9412255,3.0710075,3.426592,8.058071,5.3500547,8.258812,8.72685,6.2987547,4.7720757,5.327654,2.1000876,7.993476,3.5530655,7.8235016,1.6589142,1.481038,0.7396628,3.7071846,2.5071323,7.9761887,6.5385203,3.9838846
2052,12.184885,17.596184,1.9112102,13.766433,21.117065,12.077158,21.217592,3.3148065,3.8811235,4.7297554,6.457029,1.2391084,1.6934263,3.1691997,6.8412404,8.295964,2.9903486,1.2250966,7.214754,5.6293883,3.8080115,10.498656,4.4411864,3.4940243,7.5542903,3.7818189,2.9104724,5.111784,19.203444,2.4524078,1.1422269,2.7575343,5.9900002,0.8134085,0.97037065,3.353711,5.965087,4.621742,9.1270895,3.437228,4.3322077,5.228393,19.436504,4.596645,2.0107665,6.3103623,13.335122,3.387017,5.5662217,8.702821,3.946242,1.3648405,7.857753,1.950892,4.2072306,2.6305227,4.705652,6.9927487,3.7252538,4.614984,2.970227,0.020493463,5.5595384,1.5421244,3.1682506,0.21695326,1.6919252,5.6635914,4.9089622
2053,26.533901,12.925721,7.8402867,3.0069585,5.2013745,17.915468,3.7396598,19.093851,3.5762851,7.9836397,9.440382,0.7077976,4.5273542,3.7946122,11.034984,7.721396,4.483977,0.72445583,8.138871,3.6146183,5.6476593,5.7417955,9.50085,1.7550212,20.692432,1.7393091,1.5354613,3.5482204,7.039007,3.0768316,3.559863,4.0118723,3.2780397,2.0041645,5.290497,3.432077,4.3809123,6.970663,17.861763,2.1346734,1.776327,4.38082,6.6514373,2.5612824,8.342149,4.775115,7.8850603,7.987038,10.861496,6.0226297,11.661257,10.067443,9.494824,1.7397586,11.646367,2.978568,12.490443,6.9647827,1.7375159,5.2252483,11.881531,2.2003822,0.81637776,0.78351766,5.3484,3.0640259,7.5510163,2.0094733,5.6466575
2054,4.103934,13.16016,3.6790597,5.423171,6.0704746,24.188229,8.377388,8.500623,4.0841317,3.74201,11.766646,1.0628768,3.0115945,1.9224985,4.356065,5.3915453,5.8283577,1.7974575,1.3346578,6.9913487,4.1152153,9.066575,10.731956,3.9504137,5.0497975,4.3759527,4.394523,1.8575327,9.34558,0.5892611,7.997644,7.1234617,10.54081,0.4042506,17.545675,1.2086531,10.409826,4.3261647,4.2765574,5.3030634,2.8382704,2.5893111,19.435354,5.0653872,3.2112534,12.342079,13.770129,6.252914,3.2327158,3.3269072,8.805905,6.961502,1.4472995,1.5750715,11.809717,5.7491894,3.8804336,3.8389266,3.042244,7.553639,3.703021,2.1306908,0.7699096,2.409295,3.9501057,4.5447745,3.1487288,2.7306154,9.951018
2055,7.9984603,18.786488,2.8098142,6.053224,6.216999,10.115521,2.231524,23.96362,3.9495928,11.184167,8.245565,3.137634,3.0975454,3.2564032,5.1505165,2.3914773,4.6121507,1.6368555,9.2892065,3.413372,6.823202,5.319765,16.537516,2.1803622,17.109264,1.5132463,6.3492227,5.511595,5.9616833,4.3049035,2.782255,2.3397043,5.095153,4.116025,10.389674,1.0021081,4.227399,3.924699,6.646988,1.8824769,4.466416,4.167379,7.4904866,2.8576832,4.639606,5.4125175,13.70671,1.6236023,6.915744,4.7961025,13.098438,2.01286,5.545841,4.390831,3.1160593,2.8327272,5.1485,7.911227,0.64355654,5.516002,13.205898,3.0993083,6.570236,2.7303379,4.8991966,5.659505,5.4080586,3.865817,8.525073
2056,3.5025976,19.400145,5.5027785,11.585205,2.6219764,9.34813,13.774603,10.8347225,4.788304,3.2286716,8.118016,0.7804263,11.763132,2.8556216,11.11633,5.684368,9.082702,0.83178633,3.136775,4.3443913,4.031032,7.479927,2.0654125,6.9032273,9.55347,2.9939165,1.5208486,3.8980057,16.184523,1.1603559,3.9065301,1.2854367,18.46836,0.83247733,4.524319,2.9803116,9.811884,6.333865,6.6152997,1.040972,13.823442,2.5248709,6.3933606,3.4294512,10.514066,9.566623,24.546375,3.5669682,4.744303,7.753537,13.839048,2.715473,9.469336,2.920671,7.0810776,2.3074632,5.0493093,9.129427,0.778042,6.0296535,10.005646,1.0219897,2.3791232,1.586738,1.0290656,0.81339693,8.296321,3.7258956,5.733749
2057,10.561593,11.713385,1.4230558,13.48263,5.9042706,4.6772366,5.444059,4.183874,4.9952335,4.658659,7.3558393,2.4803822,2.4157634,3.644672,13.339158,4.076628,4.4104176,4.070263,4.046048,5.338272,10.827544,4.0928183,4.2139606,6.676005,20.959517,1.2394544,2.2977889,6.761708,13.178153,0.9553807,0.91556424,6.932206,3.2433906,0.92089456,10.119771,5.5444384,6.291181,9.984548,5.9842668,3.0747058,4.8771486,2.3051302,8.723674,3.7292655,8.307535,4.108025,20.656454,3.247168,1.9241726,6.8646064,25.062746,2.2962196,4.529059,1.3749145,2.999182,2.97776,6.2043195,4.101225,2.5912337,1.0295817,5.309426,1.9428567,1.0624741,2.1596365,1.5989629,2.22216,8.323042,10.330324,14.10324
2058,9.857127,21.475002,1.2471077,8.624287,4.260715,8.45125,10.900675,8.496077,5.8976407,4.9006424,21.254055,0.9131662,4.3462715,2.83963,4.967695,2.7356088,5.1282315,3.9058998,9.990329,3.1385767,10.481255,20.787697,8.811876,10.432206,13.423732,1.0591098,5.3670278,3.938897,12.438706,8.329365,8.899041,8.99623,3.3284693,2.7796981,6.7045,4.2132344,2.5722957,3.7734601,21.332726,3.5854208,6.510963,12.590237,25.00874,2.7717764,16.236042,2.959962,9.702604,3.0610983,10.195143,5.6304336,16.420446,3.4328957,4.116063,7.5711093,4.9603763,4.5254045,1.8293065,12.747764,2.14341,6.6643066,9.684738,2.1212125,1.4530933,1.9710652,4.2882895,5.607488,3.5494504,3.621152,8.271825
2059,8.668682,26.15288,2.09193,6.7489877,8.985001,18.910269,2.7121234,13.8125105,3.4819255,8.165547,17.495758,1.272324,14.228732,6.3789115,10.01206,9.016105,8.408668,4.031736,3.2264328,5.9892573,3.9515212,6.831356,7.466702,6.3133645,20.261305,0.28242192,18.856192,6.044421,5.566763,8.209765,1.2988399,0.38717425,7.338818,4.294839,13.178691,4.411473,18.825941,5.644757,9.485639,2.6250691,4.597738,11.963264,2.781253,5.423969,12.706073,2.1497045,16.805342,3.9571986,11.30765,19.715237,11.946101,1.5259619,4.1949983,3.0309339,6.0815206,4.817946,2.557085,11.1378975,2.5625956,3.1189506,1.96154,0.5343921,4.099211,4.277442,0.67273104,1.8741418,5.6664968,6.4345107,9.3440695
2060,15.879782,37.13675,1.2187004,12.199369,7.4991026,11.99135,4.44506,3.866762,4.2449436,9.008753,18.071686,2.1633053,8.372363,6.4980593,7.084628,1.5816922,12.9845,3.1074243,2.3422542,2.4130385,2.7783947,6.9998436,1.8161391,10.029631,28.593967,5.0119267,1.8764007,10.42644,1.3196255,4.9742827,0.36085078,1.7952269,6.6565585,1.7824204,2.7000747,2.5547736,10.395121,3.043076,11.284696,4.274811,3.4522893,10.631424,9.988947,8.12843,3.020021,6.0759273,21.723679,4.9315667,6.4451685,4.1666374,8.54033,3.0579607,3.0537236,1.2654693,9.760438,5.6482773,5.4062915,23.039684,2.52825,1.5781993,6.754483,0.72491616,0.8909119,1.0968097,2.623832,2.6541815,12.69385,5.574121,2.9710226
2061,15.927756,7.7504315,3.8731585,5.9829574,7.906067,3.1197345,10.122937,12.556142,9.297419,4.130462,12.634374,6.6482263,12.806275,5.1683893,6.8226686,5.0456524,4.959694,8.147542,7.9919963,1.3396418,4.4676228,10.788672,7.3898525,17.773394,10.767588,5.2849536,2.3608017,5.075511,17.967482,2.1171775,3.0422204,0.19405626,11.902792,0.43015596,13.920266,1.8790257,4.6151633,3.3764331,2.6942554,13.340975,2.6648612,11.906631,30.078804,3.6551695,15.105382,5.369558,29.696077,4.6436944,6.819209,6.8260856,27.59786,4.4202766,3.0270686,4.5767064,11.305106,4.5076017,4.005163,19.357897,3.7069314,3.2553408,8.082981,5.2889605,0.59786725,2.6760924,13.350203,4.9379463,6.4491034,3.6969686,5.939439
2062,10.362968,10.733861,2.874577,11.126708,13.951882,3.3085127,5.267996,24.446419,12.669588,9.301147,12.812851,2.2970214,2.8063958,2.801502,6.42561,7.5313935,12.90471,18.247934,8.017102,1.1204317,7.68547,12.551791,3.4625766,4.079824,5.809039,5.9987245,1.9784482,2.3412168,6.4247465,1.4631917,3.0463672,0.42623198,5.0851927,2.572467,14.1068125,1.4224125,7.9617825,0.9677143,6.7851124,4.4555416,15.0925,4.0416765,16.056658,4.3032537,11.198305,10.012038,16.487597,3.0347433,8.26823,5.9622335,12.917205,1.7964694,3.0321004,5.529293,4.8975606,1.9162656,4.347665,12.919496,5.0344896,7.6295586,6.7274985,3.6298304,2.0266874,5.583448,7.3909883,0.8647635,3.2029889,8.856138,12.640723
2063,6.2809563,9.662818,3.433862,6.47269,12.757364,23.669823,6.6926894,6.122982,6.9403086,11.513632,7.810723,1.8211033,4.507328,5.3823514,11.790813,16.10151,14.394118,1.1838455,4.5468063,3.5003688,3.8633976,12.857103,3.9809515,9.709533,21.549202,8.116437,8.263559,4.997644,4.5893636,14.071419,11.211281,0.09877436,3.4845223,0.7311886,6.960683,9.3084345,7.1743374,11.074695,13.374316,2.5210125,6.5523286,6.726107,9.3954115,1.1299336,6.6302485,7.3443785,27.480738,5.5038667,9.870917,9.052865,7.0052395,4.721656,4.9275427,5.2353764,6.1174645,2.0610898,1.4298257,15.200557,7.1287127,1.1462313,8.788694,1.0717558,3.4479995,1.7650735,4.443221,1.1250763,6.4843445,9.296645,14.379885
2064,22.62148,25.951979,4.7681956,11.043033,13.451085,16.791838,3.4390018,11.747871,8.63166,20.587986,17.84171,0.34111682,3.9881752,5.1840334,11.954836,1.2559662,19.190685,4.9595795,17.876066,4.2520947,4.068663,9.818237,3.8760831,6.969446,37.636723,1.9993783,3.168791,3.2939022,15.458051,2.3814847,2.363357,1.085415,12.067446,0.39741632,7.1959314,1.1671703,8.206677,7.254582,10.148747,3.6412845,4.263107,8.597025,7.7897534,6.674025,12.421042,4.229639,42.51618,5.3391905,13.128767,6.340706,10.200674,3.441358,3.4441953,4.8861084,6.812556,2.894743,5.764161,28.774044,0.4179098,9.263457,12.14423,1.7763178,3.2732794,1.9142482,9.486265,4.704939,8.577927,4.057965,6.9924703
2065,6.3704443,12.349972,1.2592119,6.5298014,14.536357,13.326383,4.232484,9.341637,3.9878213,4.350127,22.762558,0.8940964,4.3969493,5.236754,5.7536345,6.1819854,4.037067,3.6838493,1.9676096,2.5811112,5.5059757,15.167699,19.660257,7.8502536,32.122566,4.11235,3.6805978,3.710827,11.638845,1.5987581,2.5603313,0.685954,13.120524,1.736737,13.528398,5.0171795,4.1278186,3.0907478,8.37448,3.9068654,7.542445,5.627514,11.742559,4.2564197,20.955086,10.173267,17.433302,3.2613811,14.398284,5.3667984,49.480362,1.4267405,6.5314956,6.968679,9.698149,2.2245033,3.7906225,9.865646,2.2999196,8.441409,17.524094,2.948848,2.7803786,1.2424418,4.0441,2.9912663,6.0627685,2.5622835,3.0889256
2066,16.959574,25.474262,3.1005933,22.878138,9.276541,7.338476,3.2131038,11.951485,4.6689186,5.172638,10.750294,1.8868971,1.3034403,7.237275,4.915371,8.510492,4.8301997,2.8612092,10.31009,5.151797,5.369212,12.280138,2.4516969,4.2472353,28.726675,1.2867106,4.055508,5.757767,9.021247,1.9262415,2.5617826,4.6890645,3.9566565,2.3097985,9.236096,2.7041225,3.0858867,12.0420065,7.4638085,3.9681036,9.980649,17.844784,12.254794,6.241342,3.9059803,7.43186,13.136604,7.6931543,23.107588,9.767468,13.228277,3.8182979,6.127168,10.841151,5.6727443,1.2353176,2.8612528,16.369774,1.0430126,5.963316,13.294924,2.682491,3.9269717,0.5498045,3.1351488,0.9879832,8.913193,7.1679025,13.979567
2067,2.2607007,10.7196,2.7021708,8.458462,20.805468,13.33227,8.993488,9.889104,4.6548867,6.726125,12.735019,4.3691154,5.916984,8.31961,17.423206,4.932665,9.750869,4.2871013,4.6214123,8.94408,12.2287245,26.103752,6.3173866,18.473417,14.51311,2.939029,0.96595377,6.109399,12.531689,3.1004875,1.3263863,2.0422313,6.077192,3.208577,5.4784875,3.1361506,11.556438,3.1329043,7.1470423,1.6566988,7.252714,15.688507,25.390524,3.0087132,12.893066,17.97058,18.715214,11.024116,5.19678,4.559955,17.494457,2.9374142,4.1022997,2.5095334,16.98432,0.7266876,9.208549,14.07292,7.26032,5.430666,8.599211,1.7702304,3.5923562,3.3597026,5.433862,2.3553348,9.777078,5.0165024,15.580627
2068,9.740276,25.303202,10.812634,7.6703277,4.833242,3.8347976,3.8004596,19.720665,3.0465007,1.8280066,16.334133,3.7236242,6.822215,3.2413185,17.249931,1.5158195,14.652459,2.180893,9.961047,2.6759465,13.976508,15.829412,7.5987616,3.6175773,43.47165,3.9944885,5.8158717,4.29984,14.146493,4.1636095,1.5068486,0.55488557,12.582307,1.0386769,11.088368,3.615437,3.9002137,8.243665,24.42838,1.4022124,8.244494,25.933783,13.002494,2.9450283,14.373277,11.844342,10.995426,7.722611,7.6287785,6.49748,29.760262,2.439782,3.4875789,5.981179,4.4779058,2.1327806,4.540547,11.3905,3.3246803,8.715486,14.75931,1.7570059,4.4607434,1.7232058,7.8858843,0.67439675,9.499641,2.8742473,12.906593
2069,19.494022,19.29865,1.3190265,11.697385,2.6837091,28.199116,6.745411,16.533747,4.18409,14.58406,18.677107,4.833835,12.624335,1.637521,13.974225,2.9026635,13.260544,4.102363,5.3204594,2.8493288,3.4920096,11.764576,9.623415,10.254074,38.570267,1.4074107,5.3532076,11.495742,6.6182075,0.80536973,8.007181,14.201736,2.060382,4.7406745,16.189726,1.9244088,4.691713,2.3915393,32.74203,2.2534554,5.504156,11.90155,14.182137,2.977505,9.679509,14.24044,19.344755,3.0141199,5.0520997,15.754941,43.486217,4.0219917,7.936964,3.0548842,21.522797,1.9320844,2.9428535,10.101208,1.9770277,6.1031065,19.336454,2.5997722,1.2120221,2.7705343,4.7977524,3.6121755,10.717367,1.6835032,19.069984
2070,25.779747,25.517096,3.1275318,9.534338,3.3017082,36.174137,0.9935117,25.564846,2.0213757,4.784762,28.381306,3.3303607,2.0043423,3.246545,14.818688,5.229875,8.177157,3.6709173,6.076396,5.3622694,11.588155,6.628352,4.2448006,23.811651,15.067452,0.30545798,19.303356,6.1812577,20.132109,1.8029839,2.586103,1.807793,5.0766625,2.6887383,1.3037492,10.561268,4.4379883,3.7271585,13.254966,0.5114858,4.9185467,9.288455,20.52168,2.0990715,9.37262,23.72363,21.19018,4.436292,7.3686748,18.992615,22.796299,9.2452755,4.227461,5.771643,13.9358225,3.585384,4.7130766,7.7261667,0.6154999,5.17932,9.85854,2.3988407,1.3354445,0.72093296,10.365761,3.8554287,8.170366,2.2672644,19.927973
2071,16.937885,15.5213785,2.2269669,6.8902802,12.624094,12.585769,7.0063505,20.769901,3.0029967,4.365827,25.94355,5.046563,3.8269506,8.7523155,17.141386,4.2667375,7.645106,0.9063897,19.137753,4.4027686,8.090786,7.3182425,9.982628,12.956601,36.99968,1.8782609,4.829597,8.076855,9.827264,3.7919853,1.4898367,2.9817107,29.17238,5.6401215,1.0459372,7.054939,3.3694963,16.753633,15.360705,2.4200327,7.90335,9.114255,21.4697,8.608843,8.449756,14.710186,19.372747,5.2362523,3.852088,6.24335,13.84658,1.1933793,6.624115,8.145599,16.23615,1.7838079,3.0058544,16.72887,1.50734,13.13939,10.229573,0.20770614,0.8042808,0.70752466,4.483524,1.3432848,2.172082,8.030667,15.788507
2072,31.874924,19.540781,2.3112524,5.944091,6.422717,7.6361575,4.3303285,6.412467,5.5746813,11.985188,13.621979,2.9315505,7.1945505,2.8213687,12.872806,6.7152944,8.851266,3.804204,6.0111065,4.3935595,11.597689,15.552733,4.4953456,12.055547,29.728079,0.7160555,8.612964,5.8814874,6.4839997,6.349823,6.89862,9.950243,43.58633,4.011813,10.754683,4.078415,5.7319345,4.370985,37.56158,1.6244146,3.7784593,15.932841,19.6361,2.9093134,7.453519,7.519866,22.644104,2.39137,11.076563,8.282784,28.139143,7.3799,3.6494203,2.870021,12.41588,0.7320356,12.656933,14.120803,4.2619977,6.211079,7.0361314,0.76158744,2.5335963,2.0426478,12.005919,2.2776923,7.78183,5.135602,12.004906
2073,20.142511,10.836376,1.3548099,3.9031315,10.194605,21.887186,6.2282023,17.613136,2.1226084,7.9472795,31.742283,4.4633193,4.664634,2.4447823,9.519516,5.387144,14.917654,1.1354257,6.407833,2.8275619,8.70798,13.997527,10.772545,10.634448,77.15086,3.2024117,2.2413006,7.4033647,6.9475107,1.2194806,3.4186459,1.8419462,10.144081,5.8734593,15.377855,3.6556187,4.5905375,7.5931573,16.960646,6.176285,1.3566462,7.636437,23.573809,5.608041,10.071804,22.530088,37.59297,6.3813553,10.860091,8.125423,24.27504,4.09516,3.3644693,5.4779067,36.812035,3.4620502,3.2104456,4.7527514,11.459554,2.238786,14.238156,1.2194337,1.1233698,3.410951,3.8810186,2.8229516,11.059274,2.6238828,12.824941
2074,12.038014,23.05902,4.7344494,6.564835,3.572611,23.659079,10.360976,12.666006,2.2266738,3.579546,33.02282,7.526468,8.392979,3.7289371,10.327607,8.756896,29.360605,13.342825,13.9959755,8.671875,3.138842,18.727709,3.811263,12.252298,43.90078,2.1287372,6.3410573,3.519773,12.969063,0.6226313,9.135498,9.002085,12.6848345,14.654836,25.116476,7.2435865,5.06123,18.175032,23.371948,1.7263191,8.676474,7.8450894,15.043352,4.7952647,10.968988,15.107543,58.02296,2.244754,9.512887,9.638582,19.210964,4.14616,5.145744,3.6247728,18.054914,1.3439187,3.4796035,9.757679,3.092622,3.5836291,27.603767,2.1920185,3.0535278,5.572648,6.622745,2.2057817,5.455963,5.1825504,8.933185
2075,4.7777386,31.538305,0.28583905,6.3569593,5.8216863,8.797141,10.567035,10.839806,2.0362952,12.0777855,13.392145,2.3581362,9.6832,9.245749,11.779459,4.7996583,6.7094617,2.1718035,9.727098,3.5256138,2.8724399,15.000982,8.272545,31.273983,40.84248,8.710311,13.893901,8.214131,13.7833605,2.7253714,9.049054,2.6771672,8.799413,17.706306,6.7525434,0.7108826,5.237649,4.69105,21.179903,2.8532016,7.7230673,6.0378857,14.943924,3.756887,15.343606,22.533508,35.614407,4.9281015,14.049634,15.609273,39.009956,2.2822657,6.726194,6.750503,11.360114,2.731315,11.314427,7.4743776,5.354917,6.0863376,17.059559,1.4819576,4.9892254,8.447212,4.651359,2.895473,14.757761,5.8714204,12.655773
2076,6.0893345,38.724564,3.3320355,2.2568057,7.1518116,19.292778,17.261103,12.871724,6.438039,13.060271,33.864754,2.475623,6.10193,8.447337,13.238704,2.805512,33.760715,5.790351,10.663602,0.8962165,5.947343,8.595971,12.983431,59.66419,28.24835,8.2799835,12.208968,2.8511481,18.859188,0.7229679,2.0089576,3.4755,27.710762,10.026086,1.141241,4.6942425,6.32852,13.2027,16.90484,2.8004448,7.201957,8.092942,51.97079,5.181191,6.0888896,26.23201,21.299358,3.6370583,3.5508008,13.809852,22.840479,1.0016998,4.85283,5.317594,16.879055,2.9042513,4.6971574,19.414537,3.1433563,10.416402,12.128235,2.29806,4.862483,2.7393334,3.6448913,2.0036507,6.3737493,6.2192044,5.9101734
2077,10.089858,34.01577,1.9552808,5.251015,4.467049,25.692772,39.51581,13.2258215,1.4934679,12.44812,17.973373,2.2011971,5.017627,9.236993,9.054137,4.4207735,11.993354,4.4917912,3.9189203,3.3314548,13.433035,19.747393,1.816029,14.421401,42.814102,3.6471286,2.4160767,9.909471,26.071814,0.36085078,6.244019,5.763599,24.186077,2.5927303,2.5207863,0.5936032,8.258779,4.821734,22.758987,1.1801537,9.852753,12.034895,24.334986,15.949832,7.6775565,21.545734,51.0912,11.734157,5.215378,9.373016,18.510744,2.0557914,5.170374,3.5080483,16.058722,1.1871492,2.0932837,20.593733,1.8374858,2.5790339,12.982402,1.497263,5.0837646,5.026457,9.183722,0.55488557,3.0301518,10.026577,9.27677
2078,20.046984,20.52786,7.45912,7.0921383,2.3107924,12.773681,17.789625,21.142946,4.5335073,12.887415,36.936672,3.9909163,8.205437,1.5230128,8.086988,2.1664567,9.467347,4.261478,15.785153,2.9770093,3.5602973,20.388203,3.9377856,31.925102,24.380888,1.2116227,4.2830267,6.0845757,22.521881,2.442328,1.3031844,1.2428423,2.874636,0.9108187,6.90526,8.1738205,4.121043,12.932667,20.98471,3.114038,7.303767,8.335821,40.37136,13.613842,2.8493054,6.88144,14.132152,8.54557,9.961444,10.495889,30.539412,5.699874,8.262163,7.4304132,18.585674,1.1683873,5.8641186,12.542993,0.58397543,6.104993,5.6024847,2.289168,1.5880495,3.6964512,4.526443,3.7239873,2.1587026,12.887325,16.093729
2079,14.994944,22.52607,2.5057335,7.7508197,0.82576287,31.794825,6.017766,26.116425,7.6372204,6.5304904,27.420832,3.735065,6.7657247,15.234619,14.235779,1.9492508,5.401925,5.997582,7.9500766,2.7078347,3.620902,37.741047,2.3412943,5.7015047,20.030455,2.9193122,2.3327825,13.422452,6.8908963,1.7595524,7.3756266,6.807654,15.9261055,4.196055,7.6741805,3.5915053,5.9105806,10.200038,25.252522,0.5967694,6.1745906,13.438075,9.784694,9.827446,10.185051,13.128247,84.221466,2.7926495,16.788181,12.754452,27.178177,4.825138,4.6923575,2.6727502,34.333687,3.8603613,7.576089,17.180662,1.7747183,8.401718,8.282141,1.1353356,6.005817,4.724681,5.298478,3.2381682,13.118364,7.0070996,30.1854
2080,14.167787,27.180159,2.840533,6.3560486,2.0286171,53.40735,14.41351,39.955715,12.256348,7.2100844,34.92502,3.964346,6.162065,18.502443,11.800799,8.127702,12.879678,3.53724,9.213727,0.60842395,11.490823,18.261406,8.59941,20.737467,11.325974,3.0548766,1.229582,12.038362,10.590539,3.7748392,2.531865,2.875785,5.8714,9.449932,9.6577015,3.9269311,20.209845,4.082636,20.116308,1.4156876,5.711079,6.9604945,30.94031,2.109571,7.4034543,17.229067,62.95621,6.491972,9.593248,24.349205,27.443968,1.193116,10.194082,3.854843,12.016487,1.2950652,7.250732,16.48525,1.4588608,11.770642,17.180132,5.337789,5.951811,1.8634508,5.0340977,7.1338735,4.6438766,8.892531,8.872325
2081,14.528115,49.94903,5.813087,9.8386345,6.5439906,26.66412,9.0228615,12.078573,2.4108515,13.18554,34.546043,1.948373,4.81274,6.659807,26.836098,5.4373064,8.676351,0.8896843,19.022257,7.451687,5.9715476,12.199436,9.735536,13.385469,61.523647,3.4865973,0.999257,9.506806,32.173157,3.4460924,5.2068396,2.8307133,6.3734183,1.7513341,7.172565,1.9481659,2.680702,8.4362955,11.341551,2.071016,4.3293543,8.851034,32.047665,7.489746,6.576157,11.794283,25.000965,1.5566449,9.824097,8.879216,47.87439,2.0607138,10.971196,6.3886757,14.72863,3.558842,3.8676457,16.977297,5.564027,4.9028244,30.961487,1.3083634,2.779997,5.784248,6.151418,2.6073928,3.9223742,8.772439,4.8767424
2082,14.163472,29.793327,2.1315377,9.089136,1.7534292,43.79462,17.63098,31.10725,3.8423934,5.7896667,16.179306,3.259685,4.1833158,8.405191,12.06581,8.013629,12.888597,11.151568,12.662857,2.724769,7.917539,20.743376,11.566619,14.799842,43.046,0.2246345,9.999408,11.469848,14.486788,0.6714558,8.0830345,4.7782025,10.789911,3.9220917,5.050027,3.3616598,10.733369,11.115558,26.114792,5.288056,8.268928,12.035158,21.74201,6.651693,6.8826795,23.426857,43.10451,5.0590515,5.867733,10.812277,50.083614,1.1533802,7.458488,7.2264347,12.515281,2.707521,3.0706904,14.465583,1.3806766,3.6637878,13.6329565,1.9159119,2.3339243,6.529229,5.595418,3.2845528,6.294919,11.190487,8.033432
2083,17.25103,47.842495,2.3286474,14.306832,15.932098,24.555943,7.725586,37.562492,5.594784,9.152649,22.261442,1.5864608,6.1878266,10.368507,10.383306,4.4878774,17.34129,7.8762507,6.4483843,2.6101391,6.2393894,10.31837,15.617204,17.483067,75.115204,1.9152318,13.543563,5.83578,8.875936,0.65911216,1.3518587,3.3063886,23.313925,3.9407277,13.750531,1.1307604,5.941985,12.464604,15.175387,3.3448505,4.248787,8.677189,38.127087,5.4654746,7.670026,10.1910715,61.55463,4.31841,5.998267,8.652328,66.31602,1.6976392,8.951708,6.9100413,15.334867,1.9673264,3.8935385,42.12469,2.0181582,7.3268476,16.940271,0.5770149,3.4980495,3.148442,4.2994523,4.9502473,9.57257,5.5705132,23.369055
2084,9.436359,20.486631,1.0240992,5.0341153,0.65304714,24.988638,7.107486,18.873669,0.87920064,3.8651257,30.669817,0.627357,4.4148264,11.586936,18.281912,4.545592,15.502785,0.9888601,12.448286,2.752637,3.2671995,14.97958,16.147844,34.796673,72.96337,0.26876274,3.9251957,7.973553,12.189334,0.86677796,2.307001,6.114012,8.333008,12.622628,6.486348,6.626848,2.983063,10.142178,23.604008,12.340059,12.257299,15.70078,32.690487,4.637925,24.472132,17.889475,26.53829,2.5527973,14.079585,16.14898,32.156567,3.4327695,6.3818297,3.736878,19.112017,0.5513838,3.1501498,24.610918,2.534924,4.236215,14.395017,0.6862499,2.3045304,1.6942455,3.5003185,3.7146738,2.4837058,8.075823,15.153277
2085,16.619062,39.055786,0.5579451,33.94876,6.282595,53.328075,3.2470877,24.247309,5.2672367,3.0275936,30.71731,1.7313985,3.678412,3.4084923,7.3885007,8.413657,9.413015,1.9113233,20.277567,5.0670905,4.8306017,22.102438,11.11258,10.357087,53.261177,1.6667751,10.620952,6.0270987,9.038897,0.6621301,7.735596,2.1533682,29.122908,0.6603491,13.871537,2.1657398,2.4377778,16.888533,30.549812,10.764993,13.210277,8.568558,40.385777,1.3955806,12.807758,10.30182,76.93462,2.2595499,10.51098,16.799126,65.97646,1.1218418,6.5479426,3.191931,24.611969,2.1943154,6.194445,27.484941,0.9489404,8.762998,15.487737,1.7154405,2.0773587,2.8834436,5.648481,4.142757,7.3813257,14.591409,13.574969
2086,30.814001,63.240047,4.3878074,7.0123396,5.2577877,43.870106,7.01516,27.567327,2.248077,5.21929,17.089754,2.2158108,3.2950895,6.5599284,27.845919,12.018512,10.690406,6.140443,15.000278,8.039391,2.0755377,31.266026,7.5516467,11.771927,83.57572,0.8683842,2.1307874,19.431091,10.617032,4.010564,1.0615617,7.5970783,5.5054035,1.0819459,11.437358,2.488938,3.912612,10.909518,29.93753,2.2955348,12.225889,11.412657,27.801895,10.304504,15.174864,10.521105,79.32638,6.4386106,11.033001,8.756807,45.43441,3.2399714,5.4630775,13.157988,17.187405,3.662778,4.248868,19.999222,7.109814,5.5101624,10.250819,1.2453666,2.7884834,4.19998,20.283747,2.0831509,11.115732,3.9083416,10.931316
2087,58.951855,53.285847,0.96521395,18.005632,3.1618958,18.872301,10.707599,53.662468,4.416186,10.899708,43.365566,1.6487508,5.1806946,10.484173,22.279793,6.3996453,10.660286,3.5917015,4.318756,1.69267,3.891944,16.48394,10.681664,26.311787,28.116322,3.2049906,2.0330734,3.714487,8.81291,0.20437366,6.0554852,19.335499,13.390029,0.5284235,23.279713,3.7976532,4.500038,6.3650565,24.109043,5.2076883,4.56307,11.326355,43.520657,3.9345706,9.309337,23.73864,57.425095,13.993765,6.224243,17.000088,44.27562,3.9469678,7.0806403,4.861964,20.52585,5.8445425,6.7586517,33.00524,1.2595314,3.8114264,21.99002,3.0354664,2.755482,11.580518,9.600799,9.867265,7.2894664,5.6782913,16.42905
2088,11.035574,57.314747,3.847395,19.048342,4.4406767,36.203545,9.832363,37.868237,0.6364522,8.55161,25.163979,4.4192452,3.565137,4.1200485,18.997318,4.9894876,29.057825,6.031351,15.203733,3.2067251,2.269841,32.449104,1.9707448,23.242125,72.17307,3.3235257,6.243651,13.242808,16.914177,2.080005,2.4722486,11.543957,11.554949,0.4213269,27.645876,5.090584,13.957747,6.515079,19.173649,3.6119492,10.69726,19.004093,35.842346,5.9813247,7.9686217,30.698505,47.526485,4.006942,4.496243,15.319461,75.13299,2.4540606,4.4401875,5.823002,11.632522,3.09562,4.6582975,36.756714,4.3066273,4.251836,11.902276,0.9757944,4.064661,3.350906,10.469254,3.428804,5.5191016,11.17381,16.81757
2089,8.894007,48.218338,2.2350843,11.240868,3.1761913,60.83379,4.563731,28.962908,3.3939362,1.3654805,16.218786,4.027778,7.514318,4.5523705,29.258846,14.863305,12.340824,4.401398,16.202463,8.249394,13.558936,20.989925,3.2654934,4.99944,51.77961,2.5450666,2.1234357,2.5423064,20.395937,0.28948882,1.6673843,1.4546084,11.58603,0.68159145,3.9179845,3.5352736,3.3945656,10.735964,34.43475,0.67427945,6.834266,5.315707,24.383095,2.3021412,16.376993,16.968092,60.24932,1.9852982,9.193806,11.679327,24.788542,1.2305882,1.154144,13.071287,24.994137,1.5802925,2.3818512,11.629645,1.656622,1.8450105,18.58552,2.6874628,2.298223,6.583498,5.947744,3.5062017,6.131318,7.0876856,19.585005
2090,14.794198,48.14111,15.424469,8.54803,3.605289,37.566956,16.376717,32.73733,4.611661,2.3416576,42.76398,5.861577,4.771979,5.371693,19.641893,4.199244,17.922983,7.726575,11.21065,2.5370932,6.6208134,33.381443,11.465145,16.192793,73.50758,1.9468099,2.2234964,8.670275,14.557328,1.0242649,5.8781466,8.384476,9.8519945,1.8405931,10.756477,1.1836233,6.084049,11.64494,34.642197,0.5776561,4.451273,18.07144,34.20637,8.770346,18.80923,27.860153,73.709076,1.1480379,8.444963,18.147923,59.043987,3.1231513,5.03471,4.8038306,9.85983,4.2006025,1.8829806,13.441377,2.1111507,4.2772794,59.639095,1.8419063,1.9928066,4.472198,5.1843333,5.131215,6.1046844,6.6645737,39.709164
2091,5.997256,56.146923,0.7113627,5.6160436,9.617452,31.214876,16.263494,38.74714,4.0625477,3.4697547,40.800148,1.5586159,3.7866883,6.217895,18.327536,3.1273177,10.913559,1.849602,19.985947,5.6327596,8.259722,25.913706,9.147391,10.295702,38.756462,2.340541,2.041313,2.2038374,10.739322,5.661832,1.2985286,24.92634,8.590839,16.691545,15.26992,4.4548693,15.950358,8.202065,49.80603,1.5468673,14.302543,23.318615,28.47115,4.9350266,16.147995,28.214733,35.513687,3.8922987,7.192171,9.741864,84.99042,7.592553,8.7207985,9.212759,7.117053,1.5782361,4.9227753,23.11343,4.6649895,4.2064986,17.13247,0.45585042,0.7506857,5.751222,7.333073,3.2652018,7.393528,6.3998327,24.169174
2092,11.885026,33.285664,5.794765,6.697297,8.458098,27.123583,11.790564,34.231846,7.3789706,10.298059,26.977432,2.4517207,6.6375003,20.403547,18.511145,4.354496,11.911025,10.532563,9.625663,7.1748853,3.125966,54.055984,6.5072794,13.729297,66.97021,0.98583955,5.602779,10.021433,9.130783,0.58261234,0.73301196,21.02135,29.476696,5.416924,10.086762,3.609439,9.13462,7.6898317,62.08089,1.8772992,8.982138,14.902185,30.158024,5.535547,6.1892796,13.375161,83.33519,1.3519579,14.09697,9.232183,59.294388,4.9941974,4.1451607,5.7143373,14.998398,5.046515,9.057497,30.015905,3.8957953,6.0931897,14.89375,1.169215,2.4222648,2.2277277,8.302708,2.6842077,15.614042,4.7613664,12.891117
2093,14.645324,45.943993,5.891331,4.344209,4.428287,35.144493,8.996575,17.660341,2.2829914,15.050557,61.21043,4.7362576,18.151234,7.363314,30.271675,3.2449384,24.2457,7.2967496,15.507586,3.5881224,17.80682,25.916885,6.143975,15.205896,67.58292,6.2301927,3.6406875,8.268969,37.20063,1.5166533,2.7614567,13.252766,38.64588,4.913491,16.96826,3.8317747,7.9887376,9.145988,51.129776,3.0738974,9.185018,7.211094,12.998264,3.584502,23.349684,9.386075,66.77456,1.6283989,10.315954,22.943968,76.75453,4.7373543,3.0004928,9.091116,23.186148,2.1268823,7.4660497,31.588778,0.9108501,5.4075513,45.822365,0.3835245,3.2633834,4.4371657,11.706226,2.9130726,8.171413,7.2595625,10.425125
2094,5.2454853,87.55921,3.6308582,8.499771,7.69038,28.781172,6.2555676,30.905865,8.795225,3.7269454,40.052727,1.4008092,6.2379947,20.368946,34.2879,6.283554,27.403482,5.8397164,19.65007,2.6527228,7.1817865,36.6389,17.869883,15.323247,79.58554,6.480477,5.280654,3.9411182,23.542475,0.85069376,3.7768233,9.186757,9.781285,3.9126682,9.42809,12.602331,6.8164077,6.5510073,40.262295,2.4189224,15.656682,3.402163,20.267601,4.289235,8.458805,26.829817,66.88111,3.9035265,17.380116,13.058902,74.165985,6.2530246,4.288773,5.100265,24.855686,2.1889238,3.3829956,27.109749,4.030542,4.8262024,42.638557,3.7486062,0.7664925,3.6662989,9.153843,0.84761006,16.53673,1.9492704,25.77851
2095,17.6787,50.27904,4.266268,4.2517767,6.994002,47.07285,8.87737,27.109756,3.6555128,4.3178864,59.755554,7.6515446,4.592254,16.496246,28.37808,3.7893593,19.742233,8.052462,48.65144,8.4647665,14.802875,25.487564,10.236454,17.817242,72.83895,1.3605939,10.922865,1.8343062,13.512101,1.4118061,1.4235622,6.3076982,25.514679,3.1583052,6.7404466,1.3310292,4.4972987,7.1786294,25.960672,3.7578428,5.8077683,3.2864609,33.89842,2.2947993,16.121712,23.180017,73.52924,8.971391,9.981031,27.251799,64.7031,4.253437,4.018055,6.870804,23.158154,4.105575,2.6654603,56.575382,2.1337385,6.2795396,39.561558,0.30306336,3.6166248,2.3642204,10.295068,3.13291,12.840637,14.279236,24.90826
2096,15.313281,29.419342,3.2252233,2.8344712,9.264604,29.045984,14.120626,57.79582,15.661823,2.98401,46.51231,4.0355325,3.1148334,7.5427995,36.948105,7.059505,15.394139,1.2289598,19.635698,4.2019,4.8060803,25.473639,16.348885,29.00298,67.7906,3.9130251,2.8177311,4.081856,47.044422,1.154817,1.0108415,7.7858047,18.05502,1.0083381,7.355532,4.6128345,6.0935965,10.806222,44.805054,3.6219904,4.289833,18.958488,57.340626,3.9089036,7.244404,15.4514,55.54756,8.777338,13.256853,15.03662,86.63054,1.5028653,16.90352,10.084253,15.175497,0.7132724,9.667729,22.197783,5.244388,6.8841276,50.10217,1.6875414,4.9457965,2.8180995,11.501063,2.093386,3.6483436,8.677868,17.358398
2097,8.242555,55.293327,5.6937532,1.9418525,3.0300853,42.23983,7.4189296,21.71459,5.536782,7.5687604,48.79441,1.4866117,4.3523483,7.174628,8.871182,2.9118419,30.41879,9.138492,11.050753,2.4820583,12.928137,23.639246,9.916219,8.169021,103.15919,3.307085,5.527093,12.114279,16.682938,0.09892233,17.052984,12.81495,6.736293,0.6057626,13.079243,7.4634366,3.8928297,33.166924,42.672417,5.0711775,2.5781066,34.072323,34.006744,3.7161508,6.8903646,7.983114,87.750725,6.617022,14.304685,14.400258,78.71904,7.9724035,8.066887,9.619802,19.449423,0.31914476,6.3548512,14.01216,2.6105475,7.066627,35.293606,3.1113126,1.9950867,4.340322,11.299867,1.8161488,4.5498624,9.308903,41.189926
2098,35.432476,37.50801,1.6757392,13.552312,2.0010564,58.499443,11.0875845,47.755463,3.935027,6.0273094,33.02709,2.653303,6.954015,10.611064,16.83763,2.8171325,16.163023,16.417059,13.408888,5.6937222,12.534423,53.967434,3.3821876,16.643024,60.812626,1.2913787,1.5789368,25.073942,15.004768,1.1962029,1.748352,6.056888,21.941038,2.0360703,6.5821276,3.079723,4.2813907,11.626603,46.075882,6.3724675,6.014841,6.2650857,22.26688,2.8014872,15.605247,18.788624,62.88121,4.154153,5.715461,10.997007,75.99386,0.49277356,4.6848397,11.093946,28.23032,1.189035,2.367787,33.53779,1.9728884,12.193448,18.191298,1.9641278,1.3888828,2.1359305,17.950884,6.4459558,8.348557,4.01112,27.591986
2099,10.862282,55.74965,2.3795397,8.78282,7.0525975,17.312332,11.696549,43.71566,2.99833,10.871735,22.167658,2.2874503,4.8305693,19.294613,14.9762335,3.431723,35.702892,10.916788,32.786068,2.3787994,17.148413,23.626133,5.0294642,20.447166,59.822094,1.9086838,2.9754164,17.11692,51.88805,4.653325,0.33429188,6.5298066,34.295975,7.386559,26.533834,2.3169734,16.204094,13.885145,17.076607,3.8330703,16.807444,12.780068,24.748018,8.987351,23.749954,18.492817,73.58183,6.445669,5.9844623,18.792896,37.89535,3.7885468,7.048308,17.988811,57.385426,7.5709424,4.165905,36.072746,2.1210139,12.199904,31.90297,1.7725568,2.6415677,6.549416,22.255674,3.2726746,3.7094793,7.377998,27.42075
