year,BCCA_0-125deg_pr_day_ACCESS1-0_rcp45_r1i1p1,BCCA_0-125deg_pr_day_ACCESS1-0_rcp85_r1i1p1,BCCA_0-125deg_pr_day_BNU-ESM_rcp45_r1i1p1,BCCA_0-125deg_pr_day_BNU-ESM_rcp85_r1i1p1,BCCA_0-125deg_pr_day_CCSM4_rcp26_r1i1p1,BCCA_0-125deg_pr_day_CCSM4_rcp45_r1i1p1,BCCA_0-125deg_pr_day_CCSM4_rcp60_r1i1p1,BCCA_0-125deg_pr_day_CCSM4_rcp85_r1i1p1,BCCA_0-125deg_pr_day_CESM1-BGC_rcp45_r1i1p1,BCCA_0-125deg_pr_day_CESM1-BGC_rcp85_r1i1p1,BCCA_0-125deg_pr_day_CNRM-CM5_rcp45_r1i1p1,BCCA_0-125deg_pr_day_CNRM-CM5_rcp85_r1i1p1,BCCA_0-125deg_pr_day_CSIRO-Mk3-6-0_rcp26_r1i1p1,BCCA_0-125deg_pr_day_CSIRO-Mk3-6-0_rcp45_r1i1p1,BCCA_0-125deg_pr_day_CSIRO-Mk3-6-0_rcp85_r1i1p1,BCCA_0-125deg_pr_day_CanESM2_rcp26_r1i1p1,BCCA_0-125deg_pr_day_CanESM2_rcp45_r1i1p1,BCCA_0-125deg_pr_day_CanESM2_rcp85_r1i1p1,BCCA_0-125deg_pr_day_GFDL-CM3_rcp26_r1i1p1,BCCA_0-125deg_pr_day_GFDL-CM3_rcp60_r1i1p1,BCCA_0-125deg_pr_day_GFDL-CM3_rcp85_r1i1p1,BCCA_0-125deg_pr_day_GFDL-ESM2G_rcp26_r1i1p1,BCCA_0-125deg_pr_day_GFDL-ESM2G_rcp45_r1i1p1,BCCA_0-125deg_pr_day_GFDL-ESM2G_rcp60_r1i1p1,BCCA_0-125deg_pr_day_GFDL-ESM2G_rcp85_r1i1p1,BCCA_0-125deg_pr_day_GFDL-ESM2M_rcp26_r1i1p1,BCCA_0-125deg_pr_day_GFDL-ESM2M_rcp45_r1i1p1,BCCA_0-125deg_pr_day_GFDL-ESM2M_rcp60_r1i1p1,BCCA_0-125deg_pr_day_GFDL-ESM2M_rcp85_r1i1p1,BCCA_0-125deg_pr_day_IPSL-CM5A-LR_rcp26_r1i1p1,BCCA_0-125deg_pr_day_IPSL-CM5A-LR_rcp45_r1i1p1,BCCA_0-125deg_pr_day_IPSL-CM5A-LR_rcp60_r1i1p1,BCCA_0-125deg_pr_day_IPSL-CM5A-LR_rcp85_r1i1p1,BCCA_0-125deg_pr_day_IPSL-CM5A-MR_rcp26_r1i1p1,BCCA_0-125deg_pr_day_IPSL-CM5A-MR_rcp45_r1i1p1,BCCA_0-125deg_pr_day_IPSL-CM5A-MR_rcp60_r1i1p1,BCCA_0-125deg_pr_day_IPSL-CM5A-MR_rcp85_r1i1p1,BCCA_0-125deg_pr_day_MIROC-ESM-CHEM_rcp26_r1i1p1,BCCA_0-125deg_pr_day_MIROC-ESM-CHEM_rcp45_r1i1p1,BCCA_0-125deg_pr_day_MIROC-ESM-CHEM_rcp60_r1i1p1,BCCA_0-125deg_pr_day_MIROC-ESM-CHEM_rcp85_r1i1p1,BCCA_0-125deg_pr_day_MIROC-ESM_rcp26_r1i1p1,BCCA_0-125deg_pr_day_MIROC-ESM_rcp45_r1i1p1,BCCA_0-125deg_pr_day_MIROC-ESM_rcp60_r1i1p1,BCCA_0-125deg_pr_day_MIROC-ESM_rcp85_r1i1p1,BCCA_0-125deg_pr_day_MIROC5_rcp26_r1i1p1,BCCA_0-125deg_pr_day_MIROC5_rcp45_r1i1p1,BCCA_0-125deg_pr_day_MIROC5_rcp60_r1i1p1,BCCA_0-125deg_pr_day_MIROC5_rcp85_r1i1p1,BCCA_0-125deg_pr_day_MPI-ESM-LR_rcp26_r1i1p1,BCCA_0-125deg_pr_day_MPI-ESM-LR_rcp45_r1i1p1,BCCA_0-125deg_pr_day_MPI-ESM-LR_rcp85_r1i1p1,BCCA_0-125deg_pr_day_MPI-ESM-MR_rcp26_r1i1p1,BCCA_0-125deg_pr_day_MPI-ESM-MR_rcp45_r1i1p1,BCCA_0-125deg_pr_day_MPI-ESM-MR_rcp85_r1i1p1,BCCA_0-125deg_pr_day_MRI-CGCM3_rcp26_r1i1p1,BCCA_0-125deg_pr_day_MRI-CGCM3_rcp45_r1i1p1,BCCA_0-125deg_pr_day_MRI-CGCM3_rcp60_r1i1p1,BCCA_0-125deg_pr_day_MRI-CGCM3_rcp85_r1i1p1,BCCA_0-125deg_pr_day_NorESM1-M_rcp26_r1i1p1,BCCA_0-125deg_pr_day_NorESM1-M_rcp45_r1i1p1,BCCA_0-125deg_pr_day_NorESM1-M_rcp60_r1i1p1,BCCA_0-125deg_pr_day_NorESM1-M_rcp85_r1i1p1,BCCA_0-125deg_pr_day_bcc-csm1-1_rcp26_r1i1p1,BCCA_0-125deg_pr_day_bcc-csm1-1_rcp45_r1i1p1,BCCA_0-125deg_pr_day_bcc-csm1-1_rcp60_r1i1p1,BCCA_0-125deg_pr_day_bcc-csm1-1_rcp85_r1i1p1,BCCA_0-125deg_pr_day_inmcm4_rcp45_r1i1p1,BCCA_0-125deg_pr_day_inmcm4_rcp85_r1i1p1
2006,2.7794642,3.5293033,3.8304598,3.5817747,4.065527,3.5457935,4.809748,4.040351,3.537459,3.7074022,3.579679,3.7473907,3.2405334,3.0375993,2.8513522,3.5003433,3.6888163,5.019177,3.4362555,3.4295838,3.878901,2.974238,2.489045,3.2746348,2.874031,3.1978283,4.277388,4.0748706,3.8340707,2.9969249,3.327134,2.40968,2.9714324,3.8294468,3.2617831,2.4979837,3.2698622,2.7859437,3.9489079,3.8111756,3.7698808,3.7018836,4.187666,3.2971253,3.506227,3.0130935,3.417674,2.8996,3.298337,4.0016623,2.9095693,3.2503026,3.8241906,3.8906596,3.062281,3.1829102,3.1836858,3.1897004,2.9381094,3.9070516,3.8796396,3.190451,4.073894,3.7683954,4.2916064,3.2892683,3.2217896,2.901099,4.7912173
2007,3.2663755,4.3395624,4.0230117,2.7379503,3.4349034,3.8718777,4.33309,2.8215015,3.4371364,3.616179,3.9471073,3.9912348,3.193744,2.9959133,4.2434354,3.4811783,2.6533654,3.6021426,3.6025925,3.609998,3.4582727,2.954222,3.6039457,3.6718776,3.7405162,3.0453086,3.8991625,4.3849516,4.656701,4.013138,3.010198,3.5328417,3.3986285,3.4252741,3.843452,2.9373646,3.1446664,3.475189,3.3121388,3.5723245,3.679585,3.2420313,3.5560179,3.589833,4.018362,4.069812,3.013278,3.4073973,3.2718148,3.5906105,3.385902,2.7826076,4.760229,3.8167305,3.4666882,4.424572,4.0215025,3.510743,3.9506338,3.9104128,3.1340227,3.8594208,3.4559617,4.2690783,3.504358,3.0343578,3.2434938,3.1279337,3.466372
2008,2.9351385,3.6913867,4.108089,3.5331402,3.472739,4.0793247,3.1209528,3.6489155,3.4959805,3.401963,3.9636822,3.9600594,3.5518534,4.744765,3.935254,3.3647232,3.213839,3.3807611,3.1033647,3.25967,4.00283,2.697338,3.2288039,3.605078,3.4300392,4.0122776,3.5481527,3.606947,3.6064491,3.0513945,3.886348,2.8875084,4.5416346,3.4130335,3.6382303,2.801205,4.11418,3.4511778,3.0823166,4.012934,3.2811546,3.8121512,2.9969406,3.28324,3.5887256,3.7383406,3.0233116,3.4635463,3.9030519,2.6954892,3.9077926,3.7893434,3.8375669,2.9492352,3.8752837,2.9731758,3.4729493,3.3464372,3.27883,3.4828303,4.174161,4.3723955,4.0141134,4.261882,3.7340226,3.4671063,3.625413,3.181659,3.692979
2009,3.6885693,3.9818091,3.725109,3.6663268,3.805307,3.7682905,2.9123511,4.113805,3.4306786,4.021378,3.6946113,3.7986934,3.5428994,2.8801215,3.6033313,3.1631014,3.6121323,3.3672454,3.4144585,4.7650433,4.8693333,3.5728927,3.8773248,3.4168499,3.7002754,3.4099936,3.213355,3.4522688,4.035533,3.1698902,3.0235262,3.7938542,3.6105726,3.4272676,3.4256423,3.995284,3.6580148,2.708923,3.7023478,3.851766,3.6351147,3.1660178,2.6931365,3.2247248,3.1084108,3.8683035,3.886401,3.1713557,3.5078964,2.9157276,3.185433,4.509839,3.778869,3.481708,2.9621189,3.362819,3.4096646,3.5254984,3.1802437,4.2110534,3.2882025,4.087676,4.5957003,3.2998214,2.7597208,3.9044967,2.8081028,3.70747,3.8349524
2010,3.9604628,3.7399216,3.870652,4.0824914,4.7452927,4.3839664,4.5005026,4.188806,3.152022,3.5551977,3.3776057,4.307468,3.2414067,3.319111,2.8779023,3.1942747,3.471354,5.128473,3.142436,3.6425443,2.9806244,3.5368032,3.3298306,4.4433355,2.8604226,3.391397,4.180584,2.7661088,4.043237,3.7147634,3.5942228,3.790489,3.108009,3.540598,4.730548,3.5014384,3.693075,3.3292346,3.717455,3.7865593,3.7865384,3.7058694,3.1326313,3.7971058,3.118892,4.263761,4.0592356,4.183703,3.8003876,4.047283,4.040107,3.2986932,3.885282,3.3452156,2.5701056,3.1121113,3.155653,3.9242895,3.172451,4.106679,3.3664203,3.462508,4.445817,3.308562,2.5126226,4.33309,4.26087,3.4186065,3.0181515
2011,3.9624643,2.6381412,4.6112313,2.7812827,3.733337,2.9460943,4.327273,3.1797366,3.9313653,3.8374858,3.9710119,3.9154916,3.476405,4.1645265,3.9168499,3.2526627,3.5897722,3.3294318,3.6872852,3.51425,3.4386966,3.9294994,2.0904653,3.6078138,3.396192,5.4490857,3.485545,4.8002157,3.5873885,3.0463367,2.8416028,2.7067013,2.853503,5.3175325,4.653372,3.601489,2.8455997,3.1297421,3.8211453,3.6506119,4.4789696,3.0493097,3.931964,2.5739348,2.8153386,4.161923,3.8741283,4.2736063,3.6000202,3.0821,3.961837,3.1241393,3.4667435,3.8357623,3.7065356,3.53498,3.8851824,3.8863215,3.3763273,3.3409314,3.4963927,2.9752798,3.0773063,3.591981,3.7201214,3.1372862,2.6751158,3.2090802,2.6755958
2012,3.4703412,3.8667011,2.642866,3.2911563,3.610357,3.2497284,3.8774405,3.5003912,3.5878203,3.3007643,3.3578405,3.615695,3.7066772,4.5008984,3.81257,3.7085872,3.7229598,2.782247,3.6029441,3.9466324,3.8579023,3.1421146,2.8293767,3.9412892,3.8011293,3.3848073,3.1323125,4.156987,3.4070265,2.8528516,3.0158637,3.7593822,3.1302571,3.5596495,3.414381,3.3352454,3.0046856,3.7719686,4.203112,3.5714095,5.01005,3.5440414,4.003512,2.880297,3.5294275,3.1137776,3.201202,3.9845495,3.8259003,3.4689636,3.4719055,3.9762537,3.3064935,3.4742856,3.340277,3.198978,4.0591655,3.523776,3.678532,3.8937595,3.472734,3.0472357,2.8330255,3.3664944,3.2212775,2.5816271,3.0249665,3.5932689,3.0340183
2013,3.788884,3.0509653,2.696163,4.0670085,3.7184954,3.630256,3.6478646,3.8698337,3.9906807,3.352518,4.939484,3.5778682,3.864558,4.6112213,4.5512443,3.1821144,2.9306955,2.9958792,3.8205423,3.1149113,3.7757506,3.5462809,4.0871577,2.8878996,3.727229,2.8663902,3.603033,2.8457725,3.6177714,3.5400763,3.7002122,3.426132,3.094126,3.442894,3.7809527,2.8625703,3.1323538,3.731602,2.4791536,3.5934217,3.21324,3.392422,3.8904595,3.4656825,2.4180067,3.5239336,3.3834143,4.2958837,3.6661043,4.526913,4.124812,4.3110166,3.2390852,2.6842153,3.456281,4.0919547,4.182228,3.4524937,3.5168154,3.155429,3.4955459,3.76159,3.678269,3.2055464,4.0408444,2.4989588,3.4376562,2.9519153,3.946883
2014,3.864005,3.351093,3.3018844,2.7334294,4.375094,3.4021096,4.052429,4.1427,3.2308362,3.3385313,3.1287844,3.466536,2.686638,3.1416032,3.4192352,3.1775184,2.7149704,3.3686147,3.8348773,3.7030766,3.3597414,4.9420757,3.5812378,3.8406327,4.1620345,3.3638945,3.7955074,3.3183913,3.8204927,3.0930068,3.6781614,3.5069568,3.2056491,3.1212728,3.0076349,3.1320233,3.2817545,4.0269275,2.8977427,5.043625,3.6104689,3.992362,3.9737906,3.844507,2.9034748,3.9346333,4.271193,3.1272638,3.9018426,4.359874,4.024473,2.8139794,4.920875,3.1932569,4.278287,3.1702785,3.3244298,3.6168866,3.4666173,3.1418278,4.1906753,3.1538804,3.5302866,2.571206,3.75088,3.2832918,3.2008383,3.361473,3.1337235
2015,3.121258,3.4157765,3.3661785,2.944886,4.2401595,3.8767319,3.399815,4.406885,3.8965373,3.14266,3.8761847,4.0205536,3.532742,3.9059784,2.8984153,3.162108,4.046762,3.5476005,4.1038103,3.6099777,3.3323038,4.469088,3.1832027,3.9885702,3.76551,4.8572845,4.1833587,2.8828275,4.6353016,2.759531,4.3779287,3.6325715,4.030027,3.0358665,3.789421,4.3491488,3.1826308,3.5662577,3.5869765,3.728683,3.3382514,3.2911189,3.510111,2.8221257,3.8220701,3.4982693,4.7620482,3.2459364,2.5677805,4.5988536,3.9386292,4.272184,4.581369,3.4253318,4.3217845,3.095006,3.681632,3.7647846,3.102113,3.7965863,3.4318495,2.993142,4.5036907,2.9838324,3.2940125,2.8969731,3.2278326,3.268518,3.653836
2016,3.598506,3.6678994,3.2700853,4.268532,3.5067852,4.026349,3.3578346,3.3679602,3.7614002,3.302731,3.0912433,3.6942916,3.5654087,3.6928866,2.341314,3.5358462,4.0272207,4.3528156,4.3037663,3.214962,4.4706697,3.7595987,3.697904,3.445713,3.8850567,3.1041634,3.7236736,3.3255105,3.5298073,3.4464083,3.3491876,3.0934951,4.0733304,2.837002,3.3351376,3.2773252,3.7936645,3.702666,3.1937935,4.061345,4.112247,3.7494938,3.5905852,3.8595924,3.930406,3.461704,3.9931889,3.0809526,3.2644958,2.9181778,4.0945115,2.8963234,4.253637,3.3949957,3.9496622,3.3027964,3.3105352,3.2260997,3.199205,4.5581527,4.0691023,4.647952,3.982055,3.7651062,3.434747,4.408263,2.8651838,3.3316479,4.0029793
2017,3.5422342,3.0320666,3.2938657,3.9020343,3.591809,3.7769635,4.0454206,2.9860568,3.4907055,3.510427,3.3219914,4.0904408,3.62144,4.7328258,3.8056116,4.3723006,3.3039155,2.5640757,4.096092,3.7022135,3.8521264,2.6242144,3.9644954,3.6614537,3.1190715,3.2324643,3.6955886,5.1838136,3.5765066,4.1736126,3.3703306,4.015955,4.422641,3.8969834,3.2107174,4.185579,3.618583,3.4384706,4.0748506,3.3860638,3.363793,4.339301,3.2167125,3.7070525,3.4627469,3.8813088,2.6741729,3.7665663,4.15873,3.102159,3.1557937,2.3654091,4.4666114,3.952323,5.198696,5.071007,3.59673,3.2214324,3.4928553,5.237036,3.3374183,4.763244,3.8498292,3.9187996,4.0618677,3.7374,3.030609,3.9942153,4.089281
2018,3.3644457,3.5939124,3.6340272,2.4396465,3.2114592,3.9648666,3.5378258,4.1722064,3.8004723,3.908167,3.8141134,3.610709,3.4655085,3.8597062,3.6704037,4.340599,3.2167988,3.5561907,3.211962,4.2025576,3.776308,2.5804338,3.8705256,4.1541896,3.4860969,3.9203787,3.9059086,4.523381,3.3481827,4.593853,2.8431988,3.191386,3.7809427,3.0908828,3.3531432,3.4367685,3.3285546,3.4764755,4.178161,3.9526336,3.9973278,4.04133,3.3608732,3.8899195,3.4296327,3.6923065,4.1006184,3.033631,3.6273744,3.4195895,3.0254967,3.5105884,4.12326,4.0584426,3.1345782,3.1728208,4.1257296,3.5990531,3.5241723,3.7279353,4.410083,4.976138,3.7059479,3.4209085,3.644546,3.2522764,3.425612,3.5693786,3.3650973
2019,3.435449,1.9895563,3.7717907,3.5017693,4.1620903,3.516685,3.6443987,3.8894641,3.0798278,2.8347619,4.671585,2.9218988,3.1558383,3.1934676,3.101203,4.6885986,2.90722,4.1771164,3.3366168,3.412502,3.0355127,3.2738512,3.4491394,3.4793012,3.3202732,2.7148428,3.9909518,3.816107,3.8390937,3.4373572,3.8065484,3.876574,2.9572833,3.4773624,2.6371374,3.6877604,3.7047753,3.4295845,3.241001,3.8673813,3.5834794,3.8310053,3.3618498,3.591679,3.752515,4.380881,4.016942,3.7413123,4.8298316,4.2376633,3.7314727,3.867954,3.8542624,3.3716745,4.397574,3.9213026,3.4757137,3.1729665,4.333016,3.9043226,3.367358,3.0215473,4.3373165,3.5305753,3.2365305,4.0849733,3.567611,3.2991154,2.6201146
2020,3.104499,2.9638844,4.766313,3.1586807,3.3051932,3.3136802,3.813494,4.177612,3.66448,4.3421082,3.8811371,3.2267659,3.6670036,3.61999,3.2715619,3.3757715,4.2170386,3.689809,4.2253175,3.5077622,3.7075179,3.927657,4.732866,4.0674906,3.105349,3.6065366,3.418867,2.9851105,4.5656314,3.3274598,3.8419535,3.4696696,3.6526415,3.2628543,4.3455887,3.295654,3.0344648,2.905908,2.8063636,3.5349534,3.9098396,4.5314293,3.8893304,2.8149056,2.8958411,3.9207156,3.7497997,3.4004045,3.1127894,3.8334672,4.3883133,4.4698167,4.11278,3.3034987,4.2224956,2.620041,3.0984244,3.5188932,3.2618933,4.8856697,3.9604292,3.938044,3.4751475,2.8854277,3.977218,3.4340026,3.6288486,2.9783676,3.2555854
2021,3.7965138,2.9716797,3.7413886,3.130721,2.9954002,3.8116088,4.6624627,3.8372157,3.7856743,4.1912065,3.1852539,4.1872573,5.2586284,3.773287,3.7706666,2.6733935,3.6416974,3.4638238,3.520373,3.3035784,4.3110743,3.3237023,4.2200375,3.5658572,3.5944247,3.8740594,4.403425,2.4002025,4.15716,2.475974,3.3112926,3.5797038,3.5734224,4.1308913,2.9107165,3.8751004,2.9762583,3.8835175,3.4634433,3.0330324,4.0788116,4.459832,3.6199553,2.9360788,3.173535,3.737376,3.823453,3.6472201,3.4024715,4.068324,3.7458231,3.5882962,3.13854,4.3658977,3.95985,4.0266786,3.8145447,3.9170678,3.750181,3.2126546,3.5358686,3.845307,3.565424,3.1549003,4.613281,3.6774244,3.5168586,3.1599123,3.0106006
2022,3.7913337,3.172444,3.0114512,3.9231932,2.541031,3.6574676,3.4464211,4.3790627,4.2299533,5.2466745,3.9451475,2.735348,4.1207824,3.7986403,2.604351,3.177747,4.618373,3.5695918,3.357751,4.291212,3.9090881,4.004494,3.161004,3.9155996,3.325563,3.9476771,3.9364634,3.3820686,3.775234,3.7679482,3.3862588,4.595041,3.975523,4.0387564,3.6242762,3.2313678,4.1826944,3.1913614,3.9021783,3.761244,4.0425143,3.7742395,4.300758,4.0679817,3.1023126,3.8111036,3.82736,4.206947,4.179198,2.823736,3.0143664,3.802989,2.919312,3.2849863,4.2694945,3.908995,3.9985623,3.3575294,3.6547818,3.9863715,5.053976,4.510642,3.8388069,3.151763,4.2651825,2.92068,3.7964056,3.3167179,3.9516735
2023,3.2019315,3.7922003,3.9981716,3.678942,3.6612391,3.9076946,3.4146657,3.8226054,3.737484,3.252906,3.9419641,2.810222,4.5996947,3.7118242,2.9192615,3.7973335,3.7916024,3.333694,3.5966313,3.488088,4.3011622,2.927689,3.9166043,3.4840028,3.712159,4.4655576,3.2944577,3.1080434,3.5892649,4.832963,4.1837583,4.3082314,3.7699664,3.634316,3.2433977,3.7112358,3.4222653,3.1292932,3.4632194,3.4208508,4.0876837,3.857647,3.5677373,3.6406567,3.301802,3.9782665,3.3205285,2.8991587,5.26151,3.3856282,3.2525656,3.731862,2.6844232,2.7457132,3.5163143,3.5602818,3.547794,3.8858128,3.0519156,3.123644,3.884545,3.4759405,3.9244375,3.4529502,2.8930295,3.7430055,3.5556588,4.5058722,2.6375368
2024,3.070125,3.848445,3.3367589,3.559008,4.016626,3.8037415,3.7521005,3.52532,3.1547482,3.7995818,4.5712276,4.164565,4.645302,4.084395,3.5065696,2.9666097,3.22681,4.0835576,3.316097,3.4120212,4.0889597,4.587148,4.8152013,3.4269338,3.9465933,3.0271242,3.63592,4.194076,3.957888,4.667501,4.178243,4.024697,3.5385025,3.2735891,3.5498755,4.3308773,3.2885685,3.6847737,3.9550686,3.8233347,3.6888702,3.6018631,3.844326,4.272879,3.1717563,3.0341446,3.2583973,2.865834,4.626466,3.2865603,3.1244729,3.6425023,3.4139721,3.0356576,4.140306,3.9349742,3.1415286,3.833111,3.5626886,3.8934362,3.515263,4.0458136,3.9522223,3.6179967,3.9996452,4.339573,3.1619773,3.874432,3.650319
2025,3.0648685,2.7565653,3.0852354,3.4176643,3.9614685,3.5358984,3.6439462,4.4239273,2.7596247,4.5699143,3.933419,4.3728266,3.4739807,3.3765342,3.662262,3.5711584,3.5937912,3.4308417,3.5174923,4.090825,3.7786686,3.8317127,3.3565032,3.5309868,4.139724,3.2567213,4.025524,2.8666813,3.9191413,3.5449495,3.4848871,3.546412,3.795311,3.8117797,3.927641,3.859633,3.7756026,4.1634007,3.6366866,3.558512,3.7167532,3.8594036,4.1334386,3.3781683,4.6157517,2.6510267,3.7005029,3.0912318,3.361988,2.8215656,4.494059,4.29771,3.129997,3.2387428,3.725253,3.603444,3.6814141,3.1445808,3.829326,3.6006467,3.6272295,4.1880374,3.2397976,3.8328168,2.955406,3.6124346,2.765019,3.8141706,4.2432566
2026,3.4899065,3.3561926,3.9294412,4.2363133,2.8497386,3.4175453,4.1540127,4.3113985,3.3005345,4.0227914,3.6967618,4.671408,3.144585,3.9558356,3.8283572,3.3661797,2.845898,3.3748126,3.410615,3.8702722,4.0413823,4.9241877,3.715968,3.371269,3.5345697,3.5384853,3.0801432,3.2923024,4.238816,4.086186,3.4695234,4.048635,3.3832393,3.9528627,3.188732,3.6986217,3.5181274,3.7750714,4.81627,4.4500566,3.2847707,4.038084,3.686942,3.9530945,4.3102546,3.9243588,3.9067655,3.017044,3.6158137,4.5701876,3.5764225,3.854607,3.6593993,3.8181827,3.7601302,3.1330295,3.5801272,3.371778,3.6253312,4.0932016,3.3882232,4.727255,3.3693833,3.4005196,2.8508139,2.9408295,3.1509771,2.9896166,3.8769844
2027,4.363522,3.7323422,4.287565,3.6974192,3.0848489,4.678929,3.7032337,3.436091,4.5308223,3.5177805,3.0267804,3.4634087,2.8778665,2.8356822,4.4317656,3.676202,2.3468153,4.5864577,3.5172358,3.9137032,4.1464777,3.5519004,3.5381737,4.325365,3.9307656,3.5793836,3.3973775,4.1225686,2.3208616,5.057965,3.9234655,2.9417033,3.9358435,3.2459755,2.5151477,4.1575933,2.5330563,4.4730678,3.0658143,3.2123542,3.2369053,2.9299822,4.6927342,2.9609466,3.3661258,4.1166067,4.2764416,3.893298,3.857487,3.5795648,4.0049376,3.3747706,3.5302658,3.2305171,3.8236105,4.064467,2.907201,3.4371104,3.6002476,3.5199416,3.9401457,3.6687462,4.3945584,2.5849166,3.082838,3.5171747,3.729249,3.4932268,4.67627
2028,3.581604,3.3881645,3.5975313,3.7285974,4.0256033,3.6722596,3.1504066,4.0990386,3.818837,4.2182546,3.2313716,3.0378573,3.3351586,3.0491228,4.0471625,4.8631296,4.1866245,3.5821278,3.3679368,4.340632,3.6897767,3.4033465,3.1406078,3.3406858,3.7778456,3.8357885,3.6313555,3.8979154,3.1653166,4.0112844,3.110731,3.0721767,3.1469398,3.0215633,4.0960917,3.537024,3.0843484,3.7109435,3.750372,3.4365823,3.451564,2.693959,4.0731354,3.103982,3.281368,3.6087947,2.6774616,4.2009754,4.0411882,4.3055305,3.8128114,2.9954824,3.8194935,3.6300743,3.5991282,3.8257937,2.8883219,3.6033115,4.1397943,4.029255,4.1895504,4.5376534,3.8987844,4.585902,3.1087332,3.901538,3.3426213,4.3370814,3.535206
2029,3.4812238,4.477653,3.4264054,4.203142,4.4477606,3.1178184,4.416311,3.864073,4.46189,4.1425433,3.1970015,3.9143653,2.5240855,3.977217,4.3165307,5.269687,3.9917414,3.3022685,3.7832782,4.181598,4.1659055,3.66053,4.5558257,3.4872007,4.221958,3.5796778,3.3998702,2.5127833,3.6716938,3.872769,3.4692745,3.100493,3.071956,3.7337165,3.7208962,3.3298187,3.0391514,4.129258,3.665372,3.2521794,3.8058565,3.7729583,3.6753397,4.4542403,3.5801501,3.3752966,2.9861584,3.8532798,4.2923646,3.1289332,3.5893972,3.4076033,3.4994192,2.9555092,3.8146553,4.0122085,3.057683,3.81551,3.6580186,3.88746,3.3221483,3.3663533,4.0826974,3.1905348,3.3088667,3.5992105,4.477552,3.4986753,4.5024815
2030,3.439969,3.5111592,3.313843,3.6550636,4.142608,3.7926157,4.18061,3.9150004,3.3151197,4.086053,3.7242756,3.8463795,3.442146,2.6016047,4.0461526,3.1681025,4.2706327,3.6083167,4.887804,3.5847855,4.540319,3.249576,4.5325356,3.7059946,3.8626413,3.8745203,3.0672126,3.1117148,3.2202513,2.3252535,3.4667041,3.5967064,4.2069883,3.7614868,4.184011,3.1179605,4.117335,3.4318852,3.7450318,3.999986,3.8393774,3.775807,3.7218628,3.5150247,4.0504246,3.4354875,4.0299463,3.6022403,3.085105,4.098709,3.4272053,3.5217245,3.6636055,3.3747687,4.091303,3.5819955,3.2535853,3.3090863,3.2174768,3.289032,4.2733107,4.552021,3.6766205,3.446055,3.4949455,2.368161,2.9878845,2.8360465,2.8831122
2031,3.581344,3.2646382,3.5167117,4.7440586,3.5071049,3.8907712,3.8020616,4.0765715,3.5092518,4.2250175,3.6234274,4.113829,3.133771,3.7441862,3.705737,4.2171273,3.4782329,4.734225,3.3545523,3.8943791,2.749384,3.1443775,4.303856,3.5210824,3.2382507,4.205563,3.0762227,3.7776027,4.035535,4.1954813,3.0318413,3.9313755,4.1022134,4.0762954,3.6380851,4.19299,3.314269,4.5434523,3.4247603,3.0114312,4.0729218,4.2061377,4.2838154,2.969856,3.6250906,3.0589347,4.1067867,3.3912816,3.018463,3.4632561,3.7650511,3.6627448,3.6139033,4.1389422,3.938461,3.1277938,3.8575647,3.451756,3.357435,2.9169414,4.325202,4.386049,3.2363908,2.473696,3.8183343,4.474155,3.7274754,3.1132932,3.2892802
2032,3.40281,3.3468094,3.514896,4.126499,4.1158104,4.7873154,3.6276257,4.108338,3.5874853,3.6809158,4.0980453,4.448288,3.957398,4.322264,3.7499864,3.4835763,3.1779144,4.526852,4.1394124,3.4809647,4.0278754,3.7745748,4.1109333,3.9031465,3.7514017,2.7555535,3.4510207,3.3771145,3.1560442,3.8534744,4.1380286,4.7608323,4.542818,2.9221127,3.574211,2.9463615,3.9289289,4.107426,3.4608097,3.5173767,3.6327958,3.9758089,4.445185,3.9287949,4.4906487,4.239165,4.488344,3.7818372,4.837234,3.4841313,4.3046975,3.4368484,4.4207473,3.666679,3.51182,3.640462,3.5446239,3.4580464,3.8330884,4.023301,4.3038664,4.3141775,4.68772,4.905146,3.6455386,4.104748,3.105301,2.6730833,3.260196
2033,3.857327,3.2449021,3.1854792,4.345734,3.5552585,3.8466089,3.7042806,3.5145907,4.073067,3.7994728,3.090077,3.6265554,3.450505,3.5125213,4.478299,4.1614227,3.0107088,3.1051733,4.02229,3.3764405,4.1138744,3.9634042,3.6449301,3.5927,4.040585,3.7807183,3.5406804,2.976886,3.2968345,4.4213915,3.4155037,3.070475,3.027941,4.556469,4.210812,4.263203,2.7473414,3.5509257,3.205832,2.2427602,4.108963,3.2575223,3.5293334,3.0327647,3.7183893,2.9667795,3.6433024,4.2770085,3.6189559,3.0982184,5.0062594,5.1257234,3.4893248,3.0207372,2.8788285,3.3623612,3.7958624,3.5837848,3.369492,4.6502647,3.8569038,4.014441,3.6008532,3.6132362,2.6690261,4.634592,3.8594363,3.6593912,3.3116207
2034,4.909391,3.3020191,4.3130484,3.6187098,3.832082,3.6852682,3.46027,3.6654825,3.6055987,3.6351483,3.7090986,4.068239,3.5148091,3.8518748,3.477187,5.2560554,2.8570387,3.269566,4.1027627,4.058614,3.4481254,3.6760187,4.5330024,3.8755562,3.6035936,3.6986825,3.4205303,3.2442083,3.4544737,3.7766933,3.8133836,2.9625676,3.8484933,5.085671,4.858043,3.7403343,2.8255234,3.4934587,3.4453647,2.9970424,3.2470586,3.8734348,3.4835002,3.443726,4.139299,3.3710048,3.3119447,3.2054977,4.532819,3.7201214,3.3604667,3.0965872,2.782467,3.422095,3.7581484,3.4570143,3.4049296,3.2371697,3.7676365,3.2916439,2.962029,3.3171937,4.299548,3.2175872,3.6952329,3.399393,4.162248,2.6831307,3.080238
2035,3.8745735,3.350778,4.2921705,3.6528459,3.9506505,3.0859,5.066628,3.7260015,3.5571916,4.059448,3.4870315,3.7310712,3.2655914,3.6591306,3.1367326,2.9953713,3.0367599,5.389017,4.6499295,4.5954275,4.1171336,3.097542,3.530593,3.1177583,3.199211,4.6815257,3.7127733,3.5171502,3.6774004,3.1314569,2.834711,3.2392855,4.061179,2.8924778,2.907936,2.7034006,2.4762535,3.7676308,4.047601,4.175047,3.5565555,3.4329178,4.563057,4.3260565,3.9063644,3.9807491,2.780164,3.694432,2.882683,3.9401426,2.6987414,2.9534924,3.3474975,3.5829198,3.1023247,3.9408572,4.0713882,3.223457,3.905163,5.157716,4.2103887,3.689244,4.09271,3.4334722,3.4102905,3.7604551,3.551102,2.6936984,2.9322493
2036,4.128849,2.9358954,4.210916,2.9503362,3.9942176,3.3635902,3.7698157,2.440362,3.67485,3.0904224,3.95476,3.9679523,3.682123,3.2023723,4.769985,3.732688,3.5504537,2.6433506,4.2435703,3.4461353,3.6141677,3.8270593,3.3771887,2.8961854,3.1553042,3.9193664,3.8524334,2.935616,4.269592,3.0540001,3.5958855,3.1069028,3.359724,2.377153,3.7012541,2.5310166,2.763591,3.1754797,3.4892304,3.0799804,4.0437655,3.6847637,3.3587668,3.790332,4.117221,3.9535446,3.4084802,4.0415797,3.4630997,4.661042,3.9062185,2.7217736,4.0898943,3.6566055,3.2202537,3.7531068,4.169289,3.7950125,3.8943331,3.4662719,4.052772,3.5807102,3.7438436,2.6161969,3.044382,3.8922682,3.1420643,3.115453,3.6576524
2037,3.6143227,3.6185179,4.8109703,2.9911191,3.84332,3.4413872,4.282135,3.2693512,4.064285,3.3721032,3.863507,3.104734,3.6798146,3.7131932,3.888819,3.7820451,3.896766,3.0954669,3.8976467,4.0946574,3.99983,3.8163939,2.1036184,3.9563491,3.5101223,3.9205256,4.3119516,3.570401,3.481471,2.8199754,4.3776603,3.7065501,4.0274467,3.800942,3.6521559,3.1191514,3.1654675,3.837878,3.262813,3.57203,3.5043006,3.2492259,4.1750565,3.6703062,3.8107336,3.3326862,4.11225,3.1105738,4.426542,3.5011568,4.2057037,4.314226,3.598608,3.5471354,3.2594643,3.3989427,3.367851,3.3715453,3.5769145,3.7887592,4.4614043,4.256081,3.1742995,3.361984,3.5471308,3.048715,3.5570247,3.706549,4.1619663
2038,3.0562782,3.3335745,4.4209485,2.749496,2.9145117,3.9767933,3.4567997,3.7826383,2.903741,4.3423824,3.2988074,4.0475683,3.9981568,4.0362906,3.6601608,4.1394277,3.117549,2.6963305,4.138511,3.4895835,4.5255017,3.3640785,3.1601582,3.5989373,3.5105724,4.292898,3.2380137,3.3514845,4.3530707,3.419329,3.2042046,4.1097784,3.7884762,3.2105746,3.793147,2.8399134,3.0553534,3.8136752,2.8231282,4.48545,3.9773285,3.082787,3.4863408,3.311081,3.192762,3.536728,3.447211,3.7018414,3.7548923,3.7323077,3.0181892,3.6997337,3.458244,3.1317172,3.362331,4.095467,3.2845702,3.4756196,4.130919,3.7899652,3.496041,4.234536,3.5869896,3.8124576,3.6361012,2.873937,3.6866207,3.8643568,4.5225134
2039,3.7387905,3.387096,3.188988,4.688127,3.7456312,4.155042,4.248747,3.1634285,3.881214,3.4556072,4.2203436,3.787593,3.5908887,3.0921328,3.723991,3.6000938,4.308649,2.9707165,2.7946975,4.8016825,3.612381,3.936266,4.147903,3.9791424,3.5897257,3.4491506,2.5978413,4.276525,4.5504246,4.7043533,4.4144406,3.2952056,2.7177472,3.515939,4.456186,2.413988,4.6030273,3.9355965,3.4583418,3.3677523,3.0253108,3.8149664,3.8746724,3.1871157,3.5868928,3.770924,3.0436387,4.0703893,3.4446118,3.457116,3.456203,2.9528806,3.355506,3.7263236,3.3670473,3.7674885,3.4566753,3.2615838,4.0836,4.536426,3.3439429,3.33485,3.0230837,3.1240566,4.5441275,3.487552,3.8173842,3.8628564,2.9801
2040,3.406222,3.3619032,3.7374845,3.894916,3.989675,4.2891545,4.176554,3.1760705,4.8053937,4.3108783,3.808451,3.157908,3.3958664,5.183101,5.109293,5.145234,4.255475,3.2261603,3.654233,4.134406,3.8378706,4.718522,3.301093,3.5034773,4.1256084,3.9127898,2.50233,3.484444,3.8923519,3.8261933,4.146802,3.8973086,3.553882,3.2775657,3.2743287,3.4627302,3.4609795,3.4592462,3.8730319,2.9859211,3.0274117,3.7870193,3.103149,2.7051957,4.1817536,4.2280755,3.4036877,4.067289,3.577806,3.3111074,3.650761,2.9378684,3.7291646,3.4313247,4.941374,3.5627728,3.9063623,3.7529573,3.3893118,3.5085232,3.6836255,4.0311275,4.2880945,3.7139046,2.499096,3.5228517,3.1101854,3.7018116,3.0378656
2041,3.5797946,3.0529099,4.0273557,2.7301965,2.8488362,3.8069267,4.0516434,3.0629752,3.533816,4.068258,4.0146923,3.8407726,4.424572,3.7094796,4.7360916,3.732498,3.5568836,4.908065,4.4544744,4.774575,4.2097116,3.6693437,3.5544176,4.1666956,3.152021,4.769226,3.4353125,4.0176454,3.1655586,3.5075288,3.0397015,3.4234238,4.186129,3.1064527,3.6818707,2.68509,3.031666,4.247307,3.8648548,4.1553435,3.4175355,3.907637,3.711484,4.023288,3.400965,4.2901883,3.22459,4.4321165,3.422433,3.4069767,3.0460935,3.7384138,4.530185,4.785993,4.1757717,3.9311094,3.829292,3.930613,3.35433,4.073744,3.794303,3.674289,3.5316577,3.508162,3.2888658,3.361174,3.5720756,3.968963,4.047495
2042,4.493623,3.7235665,3.071051,2.849601,3.1650028,3.8608172,3.4478133,4.143325,4.1006265,3.6942792,3.8272622,4.2704935,4.023051,5.120805,2.7224112,2.8250444,2.8555741,3.2492213,4.4269757,4.893567,3.5187507,2.9397962,3.355334,4.3933873,3.7424967,3.03113,4.0617466,4.694223,2.8218021,4.002211,3.944428,3.096269,3.1593716,4.31903,2.911567,4.0086737,3.5229182,3.4492404,3.3969681,2.8810577,3.2899604,3.430467,4.2344007,4.2359915,3.203661,3.4311104,3.676811,3.9416387,4.5726438,3.9695804,3.5425286,4.3979936,4.3985806,3.7331758,3.7757401,3.516193,3.311495,3.5768805,3.4358606,4.506151,3.8184376,4.4515142,3.2821238,3.1852064,3.8103561,3.7710228,3.696364,3.190018,3.4332447
2043,4.2792354,3.9600854,4.1466703,3.6705046,3.1362832,3.1187022,4.4323673,3.2736151,3.1733081,2.612854,4.0431004,3.32403,4.4457374,3.9760306,3.3131082,4.550021,3.5729895,3.9532661,4.026971,3.8240194,3.7958117,3.1358416,2.3576121,3.0059183,4.018456,3.0119739,3.161257,3.4758525,3.965259,3.5842004,3.082653,3.5088882,3.9215322,3.2723045,3.0547855,3.0855842,3.3656166,3.0789669,3.016546,3.9529016,2.8966684,3.4433815,3.2886224,4.052195,4.2096868,3.2708783,4.514643,4.4067144,4.1224694,4.234401,3.6759589,4.36562,3.4975765,3.4624782,4.654043,3.2791204,4.378315,3.798928,3.8940818,4.1128664,3.7358088,3.380714,4.127582,3.0621178,3.6007712,4.7633805,3.290931,3.54476,2.7598202
2044,3.7181928,3.4390693,3.1470485,4.727502,3.9854202,3.3973699,3.621433,3.9990585,3.1699238,3.7788699,3.7327163,2.7756405,3.5484698,3.808766,3.931278,3.619799,4.113912,2.723793,3.776283,4.133383,4.6943283,3.9595706,3.5052896,4.070861,3.4055197,2.276294,3.7355335,3.0220807,4.640868,3.5304515,3.9075768,4.817001,4.593872,3.9388683,3.9171686,3.354056,3.724579,3.586067,4.439653,4.3018928,3.765791,3.3687987,3.7294552,3.8435423,3.1131065,2.827252,3.8615305,4.0486674,3.1901324,3.8454013,4.3143444,3.6784985,3.1996348,3.6483572,4.061969,4.6091366,3.8928375,3.4986637,4.012163,4.4255724,4.336389,3.9998386,5.110281,3.285335,3.8030758,2.9789166,4.2567325,3.958797,2.9153512
2045,3.2474647,3.192026,4.1804643,4.2976594,4.041891,4.049014,3.3285968,4.2517357,3.9392085,4.6595526,3.342716,3.8022661,3.8722482,2.7188015,3.5341597,2.962019,3.7050216,3.9028049,4.407787,2.9990406,3.7997353,3.519432,2.461668,4.135764,4.1580043,4.0501313,3.8054285,3.5667982,4.103828,2.559555,4.292056,3.4394603,4.93368,4.067993,2.5620036,3.028705,3.2050176,3.4742303,3.917058,3.8104806,3.4135635,3.6163373,3.3115857,3.2022252,3.466866,4.1507397,3.273959,3.033313,3.4414663,2.66719,3.5250995,3.0507941,4.309369,3.382395,3.6850288,2.4134412,3.2835417,3.1716123,3.9896524,3.6089919,2.8397553,4.429184,3.0327816,3.955793,4.2452893,3.9027667,3.9691594,3.1494844,2.8509066
2046,3.546505,3.7756538,2.998327,3.4672277,4.8573346,3.267812,3.1517055,3.57076,4.550048,4.006445,3.9504468,4.7865653,3.3695333,3.2734933,4.330176,3.8311954,3.7123601,2.7585294,4.0989065,3.5299857,3.7846184,3.5320628,2.9292789,4.7762527,3.0213397,3.2571692,3.261502,3.0601413,4.458635,2.9499183,3.1406372,5.0534925,3.3711283,3.2303388,2.9990056,3.3817399,3.1317053,3.8537676,2.9194245,4.165808,3.6994538,2.8152194,3.2928355,2.6959898,4.100966,3.0849924,3.722984,3.553793,4.647952,3.8616643,3.5345392,4.158734,3.6407363,3.7227294,3.703606,3.7492213,3.5530388,3.076614,3.9518504,4.5218625,3.7039578,5.302127,4.4253726,2.2304084,3.051126,3.4171822,2.867273,2.921312,3.3546572
2047,2.9307146,4.4246116,4.4283648,4.601538,4.556072,3.9905145,3.8162518,4.525712,3.8996708,2.9865482,3.2293003,2.948769,2.9775443,2.9727416,3.9746497,5.2697515,3.049143,4.1681175,4.761811,4.0184865,4.409775,3.329944,3.809262,3.1704516,4.7608366,4.4986043,2.8447685,4.2995095,3.9369044,2.8853078,3.9364398,4.370946,2.6374576,3.7075746,2.9744692,2.5458105,4.043996,3.665887,3.0399487,3.8480074,4.0027866,3.898044,3.5406835,3.7725456,3.9331543,4.390449,3.3928478,2.7725985,3.6241896,3.288344,3.9496925,4.6091585,3.0233169,3.840326,4.2118764,3.5335264,3.7914484,3.6964457,4.2123017,4.6580343,3.2340968,4.3189926,4.46858,3.1475947,3.2756495,4.2065773,2.9841785,2.381603,3.0945451
2048,3.313331,3.4832494,3.4672914,4.344306,3.522848,3.4085464,3.920487,3.9543936,3.1846795,3.6074772,3.292074,4.1809893,2.8135555,4.5586944,3.744649,3.6724398,3.5809987,4.187205,4.2139773,3.683885,4.444827,3.6842365,4.5687566,3.2528117,4.128078,4.3238983,4.3420324,3.0626235,3.8148954,3.7714005,3.4306645,2.7507915,3.8122678,3.7907953,3.628692,3.7591577,2.8721318,3.7520857,3.8372157,3.6902194,4.3014665,2.5297368,4.77663,3.395355,3.065572,4.343122,3.6515703,4.4859366,3.452904,3.0034833,4.1331444,4.3749127,3.784305,3.5897171,2.8749034,3.5459857,3.8315978,3.397861,3.9293373,4.2678823,4.3870234,4.2973804,3.5599718,4.089438,3.4976137,4.078105,3.7808375,2.8768208,4.955698
2049,3.238144,3.582809,3.2924762,4.041099,3.678925,4.254804,4.100505,3.7886972,4.1331487,5.0140777,4.196187,3.3000672,3.39396,5.255134,3.9011898,3.6208456,3.7610185,3.9873655,3.944242,3.9118104,3.7717295,3.1205032,2.9716477,3.2831376,3.9036908,3.3993006,3.7424872,3.0097723,3.7134964,4.620262,3.7715993,3.8036177,4.124908,4.262393,3.738104,2.466497,2.7638113,4.2621675,3.0004842,3.9138038,3.398917,3.601642,4.2527733,2.9782734,3.6204622,3.6433508,3.1219962,3.528697,3.2055097,3.309253,4.416184,3.4167953,4.641655,3.9141893,3.0780632,3.2340837,3.376457,3.4979653,4.371368,3.1588056,3.9809976,3.684559,4.3747373,3.1718793,3.0041587,2.7665195,4.1803703,2.133202,3.9306862
2050,2.5716271,3.6254256,3.2991254,3.2825897,4.342003,3.0353942,4.891906,4.191291,3.4534307,3.2880673,4.5382586,3.878909,2.82633,4.6331267,3.6983762,4.5532255,3.3345325,4.5077014,3.5300272,4.399647,4.380029,3.8831356,4.363868,3.6135895,3.7470884,3.4465175,2.7742937,3.7747226,4.430382,2.7069805,3.8121526,3.3870804,3.7204325,3.0962682,4.8073277,3.0867078,3.6556294,3.2645967,3.9596922,3.5700302,3.5235245,4.379712,3.7543,3.9210496,3.2542095,3.1585371,2.3758428,3.3994691,2.9934974,3.7010942,3.4415483,4.0602546,2.507789,4.0083423,3.8515894,3.0687556,3.574883,3.5992136,3.2225747,3.8471055,4.214355,3.9764915,4.1953716,4.0938587,3.3660166,2.7949803,3.7055485,3.1606789,3.0518246
2051,3.9980733,2.8468888,4.1543736,4.2418594,2.4188488,3.5687485,3.9121597,3.5407572,3.1656346,3.5768952,4.355944,3.211484,4.048361,4.3539352,3.4729705,3.0969841,3.6168303,3.1636572,3.0482936,3.5724807,3.9609425,4.6828403,4.003776,3.0415452,3.7190619,2.7507436,4.3165703,3.0041854,4.071808,2.7407846,4.4560013,5.1343827,2.9460733,3.1228552,3.3658068,2.818041,4.2804685,3.5313857,4.5734305,3.9934666,3.1291256,3.543838,4.3176265,3.0448012,3.9155738,3.3863277,2.5806177,3.0284915,3.4239533,3.6914196,4.2645016,4.691747,3.6332319,4.8208203,4.0167146,3.4457028,3.6886525,3.242839,3.41707,3.9451554,5.044945,4.044474,4.2359066,3.4934773,3.0130763,2.4959664,3.882855,4.0655828,3.5099823
2052,3.8115115,3.1104863,3.8872375,5.127199,4.2102065,4.1765275,3.5349128,4.2695746,2.8017244,4.1706038,2.943074,3.2171257,3.4182453,4.8198495,3.653102,4.3119164,4.1140428,4.058022,4.464465,4.9527445,4.1893053,3.5972614,4.0137057,3.905793,3.7346797,3.2572637,4.867219,3.6407115,3.5905,3.8901317,4.4687433,3.519574,3.5830324,3.4623983,4.2412925,3.2505124,3.5861225,3.86473,3.7813427,3.840612,3.460746,3.2767706,3.7627854,3.662634,4.600042,3.129029,3.4581416,3.5914876,3.3764975,3.940315,3.0962265,4.009368,3.5882766,3.8097029,3.938815,3.1712322,3.6047714,3.4754682,2.9091418,4.1015606,2.7843053,4.514683,3.7430644,3.6656556,2.4713771,2.3558173,2.9677362,4.595182,3.0627844
2053,3.3712277,4.1079354,3.1139133,3.173945,4.46054,4.7434587,3.401674,3.1560922,3.8545172,4.1894455,3.9538908,3.3783062,4.5749993,3.3968349,4.593052,3.9334414,4.251474,3.932101,3.585002,5.5909286,5.1146784,3.9494703,3.9924803,3.5035923,3.8909488,3.3226275,4.0416427,4.0969343,4.420631,4.4102955,3.4826715,3.9576237,4.6412835,3.7484171,2.7798097,3.3176804,3.9755192,4.2795844,3.5009398,3.5388548,3.6238642,3.8609767,3.3417666,3.4693882,3.2390072,3.2934444,4.683892,4.1825423,3.5837033,4.5669913,3.9810789,3.4851916,3.802673,3.5728738,4.392559,3.6352246,3.5926294,3.413871,4.0296483,3.5843477,3.636309,3.0806313,4.4399104,3.7997742,3.0689702,3.8130064,3.4370956,3.6023395,3.1128225
2054,3.3319347,3.3639421,3.6971729,2.7084038,3.510617,4.623365,4.081283,4.189921,3.6551816,2.8152647,3.8304558,4.0938187,4.051613,4.7648625,3.8162441,3.2209814,3.108528,3.6086113,3.5793495,3.4808896,3.7219625,3.3028834,3.740284,3.467648,4.4361053,3.1950352,3.2630475,2.746221,4.172922,3.7611818,3.224724,4.1471257,4.04535,3.469497,3.4644668,4.3000174,3.4005754,4.4778433,3.2769876,3.4682813,4.2401767,4.011797,3.8818452,4.7350187,3.8091795,4.3617277,4.805762,3.5526514,3.4089353,3.394207,4.860345,3.8343935,3.8501666,3.802085,4.796816,3.727993,3.688427,3.7551126,3.6713839,3.6137915,3.641827,3.2449703,4.2433996,2.827374,4.309037,3.6433568,3.2673295,4.223166,3.0868275
2055,3.8100615,3.5489643,4.6592064,2.9746082,3.5543835,4.1507187,4.1442847,4.5605493,4.1339536,3.7763846,4.279393,3.7502754,3.9614305,4.808209,4.051643,3.1561048,2.684261,4.485657,4.4378357,4.4884486,4.6351624,2.9791062,4.270161,3.1837695,2.8403893,3.8664463,3.891747,3.7277374,2.9460118,3.8363369,3.559508,3.038421,3.4898417,4.806934,2.9890757,3.3601415,4.1164827,4.8900847,3.3569462,3.5547242,3.2415469,3.8708916,3.833866,4.408446,3.273848,4.1046996,4.0235167,4.027492,4.578148,2.9749749,3.518611,4.624905,4.451122,3.1813066,3.373247,3.986211,4.081128,4.2722774,4.095855,3.4538949,3.846723,4.376657,4.364223,3.9876637,3.7819946,3.5422099,3.1434557,2.6823382,3.4941957
2056,3.4518256,4.2749014,2.7888927,4.2264442,4.1219535,4.2876983,4.262165,4.152828,3.635148,3.6561687,3.8248224,2.9988592,4.478873,3.9807343,4.321669,2.7042398,5.150054,3.0694733,4.059012,4.0475616,3.869174,3.4140708,3.6091046,4.0133796,3.692328,4.373259,4.459665,2.8923602,3.5422263,3.1104808,3.1611798,2.9838355,4.0921693,4.4933257,3.1756556,3.2566497,4.7507567,3.753126,3.938753,3.030796,3.617193,3.2364025,2.9055164,3.935822,3.7822142,3.3199883,3.2077296,2.5610762,3.4360726,3.6826346,2.6468577,3.1200266,3.2881498,3.5568593,3.7542183,3.3399665,3.0938632,3.3503792,4.2385197,3.2346983,4.4592457,3.5110772,3.5719984,3.0849125,3.0899434,4.623382,3.7174902,3.0470846,3.1787057
2057,3.5362678,3.8705904,4.149179,3.7800255,3.901565,3.4219506,3.2078831,3.3194923,4.652319,4.8365026,2.8835306,4.494717,3.7987611,3.8250904,3.8558044,3.4184895,4.382402,4.209004,4.0213284,3.7247813,3.8119366,4.6372104,3.9602656,3.1956396,3.5593917,3.71648,5.321555,3.206171,4.056159,3.5677698,3.0949984,2.6588206,4.0652742,3.1569471,4.3245,3.5780044,3.8319783,3.335559,3.6550355,4.4199266,3.5844724,3.8315597,4.122401,3.2900567,2.4685743,2.9324377,3.6048603,3.9873326,3.66412,3.5163302,4.4475174,3.6582937,4.645376,3.53786,3.466608,3.9085717,3.2159832,3.9979844,4.392375,3.8498652,3.0583954,3.683207,3.1543317,2.5181928,2.6056418,3.618709,3.1163182,3.6864705,3.140058
2058,3.5933838,3.5978646,3.373678,4.3159504,3.8440824,3.8346305,3.458697,3.5265641,4.791758,4.0949097,2.6459064,3.7981274,4.9800906,3.8826082,3.254192,4.768031,2.897747,4.131676,4.051989,4.4699492,4.5041533,3.8172655,3.3898163,3.2749472,2.7708342,2.8306653,2.2282166,3.30351,3.6103656,3.118937,3.202296,4.727917,3.3301787,3.186162,3.4733236,3.77452,4.472613,4.466498,2.5834374,4.5840673,3.8144965,3.4058738,3.1060028,3.2260807,3.179748,2.7371638,3.7528336,3.6555407,4.5612664,2.7875066,4.546974,2.7085032,4.1113067,3.5289106,2.588914,3.5656204,3.4667091,3.7836363,3.474019,3.2772849,3.71879,2.9008176,4.770533,4.768454,2.935576,3.2124434,3.5504735,3.2027342,3.2580216
2059,4.141104,3.325332,4.9990115,2.9930153,3.942642,3.5608873,3.5968423,4.001861,3.1338758,3.3372808,3.7447677,4.696606,3.3708696,3.8934348,4.0463443,4.1383686,3.270212,4.133979,4.1158276,3.0723007,4.188917,3.225923,2.0584629,3.2869716,2.9876034,3.2995436,3.9081144,3.4642417,3.4448256,2.805288,2.8784223,3.509819,3.3716917,3.8336973,3.5320437,3.3281724,3.8433504,3.2396014,3.7078314,3.8107564,3.6196492,3.7358031,3.2786546,3.5697656,3.2315013,3.415238,4.0653315,3.3007276,3.2824056,3.0347352,4.0846753,4.5079627,4.5803084,4.4367642,5.125959,3.6756845,3.5267258,3.360845,3.685055,5.142685,3.2803679,3.52758,3.962167,2.9957244,2.9966276,3.1505518,3.5357351,3.4922874,3.4317698
2060,3.3169754,2.79216,4.1178517,3.5171695,3.540582,4.2677026,4.4699893,3.9078481,4.061995,3.650325,3.7814972,4.6159725,4.020167,3.9273813,3.6625934,4.4062347,4.809472,3.7648616,4.1060724,4.016571,3.8272312,3.2628083,4.0095396,3.9312491,4.539835,3.6511312,4.389852,3.605121,3.1405911,2.744022,3.7936,2.847439,2.887145,4.1252394,3.4921675,2.105092,3.3614898,3.502473,4.6229286,3.9355774,4.42368,3.5540257,4.1411314,4.3795385,4.3651567,3.1355836,4.372346,3.5922248,4.6905317,3.5091197,4.1319313,3.3347013,3.4657211,4.037083,4.6892505,3.551331,4.389603,4.0989823,4.145455,4.2959223,4.3990498,4.3081856,4.463746,4.337009,3.2739627,2.8605397,3.7764049,3.9920866,3.1883357
2061,2.9523408,4.037087,4.2875137,3.7843254,3.03264,3.9587288,3.7800224,4.293369,5.1109037,2.8241835,3.6813498,3.1213472,3.5402029,4.3650894,3.9605231,3.5015044,6.343227,3.480546,3.4821634,3.4137814,4.3959694,3.7225523,4.2047043,4.198921,3.7960193,3.807381,3.5357428,4.4089546,3.7984843,4.0427265,3.3708398,3.3465521,3.2732308,3.2329075,5.752158,3.610304,2.5115402,3.6112375,3.1637795,3.6360257,3.5969503,3.424425,3.3372626,3.9225657,3.5401816,3.971755,3.5796742,3.5803614,3.2687056,4.087005,3.319138,2.9556234,4.143947,4.467523,2.71258,3.9869332,3.4306273,4.1358,4.419272,3.7044358,3.9388344,3.7817032,4.0152764,3.2664711,3.969843,3.21294,4.6451755,4.281184,3.2261512
2062,3.2282195,3.341061,4.1063247,4.945501,4.055477,3.8203137,3.6336374,3.8618631,3.3996193,3.4529018,3.1877892,2.9980593,3.5987606,4.2469506,4.135334,2.5857496,3.7016516,4.400465,4.717643,4.4504037,5.2610927,4.6832194,4.591453,4.0895624,3.605005,4.286863,4.0364857,4.111013,3.0951385,4.5349503,4.651746,4.5561385,3.6473153,4.0293374,3.162252,3.4711318,3.0987206,3.0278435,3.3574553,3.2351875,3.528546,3.9102843,3.3259706,3.4788587,3.4538622,3.981254,3.7967427,3.9415596,4.135984,4.4146,3.610057,2.6923926,2.9467213,4.7060595,4.788777,3.5107396,3.468631,3.9442966,3.9150412,4.306206,4.242297,3.7501335,3.3687375,4.0751557,3.7947443,3.474169,4.357728,3.2363586,2.9743733
2063,4.15518,3.31624,3.9445388,4.24815,3.5726166,4.5878344,3.5228212,4.053855,4.4088597,3.0293918,3.355534,3.5867753,5.109543,4.1673975,3.7780647,3.253625,3.4108062,4.7329783,5.052329,4.0064745,3.9552004,3.7410228,3.528371,3.9007547,3.7186327,3.4282699,2.5332332,4.366335,4.985524,3.2519524,4.492774,3.7159119,4.143429,4.771331,3.4509919,4.084329,3.8714669,3.7238564,4.335041,3.9510179,3.174023,4.024654,3.8469088,3.3293207,3.6411998,3.6765063,3.6482568,2.8801448,4.336605,4.625622,4.1367693,4.5109053,3.0246649,4.9924135,3.8072438,3.777,3.5579836,4.495611,3.7836752,3.9992976,4.3556476,3.551704,3.295949,3.1330044,4.583494,2.2145307,4.017776,3.6300628,3.4425893
2064,2.880396,2.885578,4.2902465,4.5552874,4.553851,5.0113726,3.4629729,4.3725066,5.1489754,3.6330712,3.4510548,3.7077484,3.339871,4.320616,4.0663257,3.246051,3.3339827,3.084178,3.6757674,3.6379457,3.8058467,3.4479287,4.3787036,3.8616207,2.9757533,4.0119,4.019668,3.846331,4.280387,4.136304,3.146624,4.1491394,3.3770018,4.457219,3.230494,3.327588,2.970482,4.161957,4.2150416,4.234778,3.2545025,3.8281398,3.2413561,4.169007,4.1513863,4.575334,3.92445,3.4421957,4.3321056,3.9528227,3.2055209,2.7592838,4.3467965,2.5111022,3.9915445,3.7456825,3.2363567,2.8161936,3.3451428,3.9241529,3.822324,4.4721084,4.026466,3.818811,2.9500797,4.0258145,3.5269115,3.4529676,3.5512106
2065,4.711049,4.532719,4.2855134,3.3947074,4.3647485,3.9001408,3.3386664,3.7165127,4.2550063,3.3306367,4.0623417,4.2191286,3.9637778,3.390302,3.5347624,3.2130818,3.855945,2.5992124,4.248452,4.225401,4.20641,3.3880234,3.3665667,3.5729022,3.4268951,3.6139336,2.6501687,3.5172322,3.4749043,3.7028794,3.5288484,2.9580123,3.7226312,3.5539906,3.5251899,3.0022616,3.5781863,4.095745,3.1466463,2.8598053,4.113288,3.2001512,3.13586,3.091959,2.8417182,4.3781867,3.0751288,3.7514505,3.7416716,3.6341026,3.851124,4.0316844,4.229601,2.606609,3.9557133,3.8056643,3.6384485,2.8436418,3.6859708,4.2966638,3.468726,4.0972533,4.308318,4.2440424,2.8584101,2.551804,4.1814966,3.1882746,3.1073134
2066,3.328704,3.9457884,3.5283248,4.171339,3.3472779,3.8826578,3.4786751,3.6778452,4.078383,3.676853,3.3146248,4.4095445,4.0725107,3.7309558,3.3805678,4.466203,4.0206637,2.8075871,4.5378547,4.522195,3.934815,3.4228134,3.8084629,3.6914542,3.248165,3.1583173,3.4129577,3.9723985,4.7418423,5.273312,3.4676723,3.644521,3.2339935,3.4572897,2.953222,2.907664,3.5628545,2.7269049,3.7993684,3.0409184,4.347132,3.2956662,3.232447,3.5053427,3.7310612,3.8169065,3.4372895,4.342401,4.6392546,4.055727,3.5777776,4.0780606,4.1672053,3.6677215,4.864987,3.4011493,3.2466557,3.1937752,3.832701,3.7827573,4.1435227,3.3545098,4.532234,3.6889238,4.1743803,2.9052076,3.7849798,3.9214528,3.1281447
2067,3.777608,3.1993032,3.5823305,4.5733447,3.3370616,3.277289,4.5066123,4.206928,4.6708736,3.7573013,3.869372,4.210137,4.0657682,4.768244,3.483259,4.5804744,4.247681,4.26964,4.511076,3.981241,5.404424,3.0967019,3.7957122,4.242833,3.828208,3.0740335,3.39316,4.3447957,4.0591497,3.6889403,3.3630793,3.5161319,3.4038076,3.7214112,3.0948462,3.3377483,3.2382944,3.6133742,2.3310487,3.99819,4.312029,3.7056782,3.9456959,2.817758,3.5867307,3.5563722,3.5779097,4.08436,3.7259805,3.7563214,3.6891334,4.0186033,2.8830662,3.7464352,2.9918585,3.156282,3.8916984,4.4143305,3.8529947,4.5025334,3.0946164,3.8639328,4.0793524,4.1678433,3.170939,3.0544188,3.9332752,3.429633,3.2258878
2068,3.2306957,3.345382,3.536487,3.7681038,3.6326673,3.9859037,3.3895562,3.4828625,4.2610607,3.4871824,4.1258945,3.1116457,3.4874785,3.5297973,2.6355844,4.232856,4.8428645,5.0972023,4.3393617,4.0394444,4.397462,4.18673,3.6020212,3.4912765,4.1309204,3.279273,3.5636148,3.8670352,4.5826254,3.5835376,3.388927,4.4591856,3.5502625,3.815481,3.6402674,2.9953773,3.2180715,3.2877812,3.268938,4.0988145,3.6981897,3.5648618,3.533901,3.7770498,3.4268892,3.835307,4.0111246,4.031228,3.124756,4.304754,3.9314566,3.9178247,4.6330357,3.5536263,2.9071972,4.0952053,3.8187037,3.2133327,4.047631,4.646305,3.4240532,3.5553386,3.5284126,3.1214397,4.0244017,3.8609738,3.3681126,4.0634394,2.635947
2069,3.2013345,3.2991915,4.448459,3.9223156,3.1183908,3.5357692,3.869766,3.8906305,3.5606072,3.911637,4.1308737,3.4909427,3.3557522,4.0780735,4.795235,3.650496,3.4826891,4.0105467,3.7668648,4.2603045,3.787909,3.6088119,3.7599902,3.6620593,3.695606,4.063129,3.6389716,2.426987,4.2992673,5.070029,4.0574718,4.1222434,3.354479,3.1614945,3.0014815,3.3909922,3.5497413,3.7966828,3.0947685,3.5345547,4.4340606,3.934745,3.7775261,3.3539903,3.251169,4.0702233,3.2163057,3.45435,3.302113,3.5856855,5.1430683,4.186953,3.7089581,4.042627,5.1948767,3.3103552,4.0241613,4.2004294,3.7473562,3.940197,3.7113168,3.3710876,4.2568154,3.5812259,2.9085348,4.202659,3.4030638,3.3840568,3.3618295
2070,4.0638576,3.6514192,4.688139,4.6001496,2.7461212,4.1327586,3.442659,4.142445,3.5314615,4.431772,3.8881607,3.124013,3.7640915,3.9493167,3.5688918,3.728719,3.6855178,2.284254,3.6379526,3.4593198,3.6945484,3.9751458,4.0621305,3.7407925,3.0218923,5.0603466,3.3464508,4.4700108,4.003223,3.0392792,4.154248,3.9785492,3.7981071,4.439429,3.568506,2.321532,2.9507158,3.992971,3.516078,3.014681,3.4633121,4.004564,3.2198231,2.3998156,4.0349913,3.5728989,3.832636,3.3898368,3.3456438,3.0239487,3.536025,3.931551,4.8321586,3.6146266,4.6138263,4.087172,3.642603,3.3656394,3.9722643,3.800758,4.130382,4.295398,3.4355803,3.9942048,4.089486,2.337085,2.8661838,3.6010525,3.833403
2071,3.6503794,3.565356,3.5717342,4.7939157,4.5100684,4.24168,3.7467773,4.07833,4.4992437,4.3287463,3.6670854,3.0540092,3.7335076,3.9748719,5.5006447,3.7850194,3.5131898,4.7354536,4.4344416,4.1473284,4.603792,3.6921513,4.102354,3.9102855,3.1565802,3.8733883,3.9158902,2.9554935,2.6166046,3.6160836,4.384741,4.004912,3.0790768,3.3218694,3.5893848,3.1997063,3.0923638,3.70568,3.336302,3.569058,3.3792408,3.3535476,4.1513386,4.241236,3.6886327,3.8861074,3.6824148,3.6901963,3.9887404,3.7115507,3.2730458,3.1074133,3.8346817,3.3903491,4.4049335,3.6856563,3.2677665,3.6081946,4.0016975,4.0586677,3.4683592,3.8715837,4.7735353,3.5421638,2.5312688,3.239924,3.873812,3.614105,4.260703
2072,2.8958042,3.9771247,4.3145056,4.212002,3.8557122,4.008355,3.6196058,3.7354248,3.9049146,3.8776968,3.4993203,4.110225,3.62526,3.7018676,3.8275373,3.597576,3.6143973,4.4539504,3.424169,4.1604767,4.0727367,3.8439386,4.1054654,3.980201,3.835354,3.1174455,4.049406,4.302716,3.1781805,4.2704196,3.5285044,4.177429,2.8163433,3.9437196,4.1809945,1.9521887,2.984999,3.0248952,3.908528,3.5033026,3.4476538,3.700048,3.8682258,4.24485,3.4738233,3.5169082,3.1876297,3.88846,3.2903724,4.313089,3.0242548,4.3740788,3.2438567,3.4703763,3.489034,3.9453657,3.5715973,3.5420752,3.718349,4.147206,2.8026323,4.441438,3.3415701,3.8781266,3.628404,4.038135,4.4811645,2.5531135,3.2106452
2073,3.9277198,4.289034,3.4298882,3.920057,3.5663106,4.0018764,4.239725,3.4992425,3.4648254,3.5366576,3.8806064,3.5617702,3.461124,4.3840322,3.0563943,3.8792539,4.3325186,2.8671894,3.551944,3.878489,3.9184656,3.1952605,3.1529045,3.8135655,4.0956144,3.9706135,3.937238,4.530102,3.3974185,4.1331162,3.4802558,2.724462,5.1373625,3.6463969,4.5786557,2.6475556,3.125684,3.8128648,3.823702,4.4606423,3.9232926,3.5598416,3.6348212,3.9407094,3.4401984,3.5436602,3.678489,3.6281545,3.5896819,4.62386,4.5322394,4.8248215,4.055347,3.8558185,3.9932458,3.4768078,3.4462538,3.9602435,3.2415497,3.221429,3.3286605,4.0362926,4.357042,3.9603097,3.3116078,2.7376106,2.718355,3.1610413,2.3827176
2074,3.55139,3.4963112,4.5460453,4.9810324,4.4148684,3.1006339,3.8928607,4.9873304,4.3918242,4.459353,3.125773,3.815891,4.0655932,4.1633134,3.5587742,3.244968,3.2880218,3.3212974,5.428846,4.3415513,4.347447,3.4234853,3.8249779,3.7789192,3.5384057,4.39765,2.6448467,3.581819,4.083889,2.782079,3.8355846,3.2880683,5.106418,3.9643333,3.2562964,3.6107051,2.6785102,3.723314,2.802688,3.9077694,2.7026873,3.9625561,3.3010173,3.360868,3.8672836,4.3144984,4.1483364,4.3326693,3.884327,3.5109308,4.260947,4.3127446,3.8869247,4.546147,3.567448,3.6554809,3.661975,2.9234498,4.148549,3.7890182,3.4152977,3.412167,4.0752068,3.356437,3.313153,4.469344,3.1427367,3.0992925,2.8686726
2075,3.5039587,3.4347699,4.1409407,4.438126,3.362735,4.3160815,3.4417024,3.3989275,4.27476,3.6311285,3.956687,4.0742188,3.9115236,4.4248443,4.2093773,3.966632,2.6869857,3.6857502,3.5611968,3.3486829,3.8296995,2.8063006,3.4522014,2.7092223,3.8877864,3.2095685,3.5157204,3.8275025,3.7289114,3.3251007,3.5164816,3.0996013,3.946224,3.2146096,3.6575143,3.5342152,4.12302,3.6252713,4.4506497,2.4581323,4.2224126,4.827755,3.7208607,3.6703744,2.9942083,4.5059433,2.991535,3.6034675,3.0412188,3.6788902,3.4131677,3.4100761,5.356698,4.0312734,3.6057553,3.9333668,3.2459888,3.4382534,3.5229065,3.3207078,3.7123783,4.611395,3.3357263,3.4371827,2.6387224,3.2021308,3.030182,3.0254524,4.5313997
2076,3.112099,3.4069676,3.529598,4.423275,3.162347,3.306659,4.2114263,3.905534,4.066766,4.2709403,3.6993144,3.5526845,4.5322933,4.0112443,4.4497066,3.4203422,2.845701,4.342638,3.8158453,2.9761271,4.037148,3.4026532,3.0788531,3.8564718,2.5133166,3.816834,3.7738583,2.503468,3.8035574,4.5271726,2.780884,3.4740818,3.2397854,3.3804693,3.6795814,4.712769,4.162715,3.392345,4.2233815,3.0780072,3.5591793,3.943799,4.5268397,4.245189,3.702445,4.329272,3.5117056,3.6990108,4.7725067,3.471345,3.376021,3.0817192,3.0025702,3.313076,4.180762,3.9982383,3.4592924,3.5419047,3.7874424,3.5314684,2.9828231,4.74523,4.2448993,3.71706,4.4905715,2.5644736,3.9988115,2.9122632,4.168767
2077,3.2614584,2.9246824,2.9406505,4.289209,3.723087,3.5768425,4.2143197,3.5942557,5.3384094,4.3944807,3.5204337,5.1320214,3.8109303,4.180853,3.680482,3.625569,3.063829,3.406273,5.3616786,4.454343,4.3759646,3.2319326,4.4405885,4.0797763,3.7298777,4.6568737,3.586243,4.116644,3.6550336,3.7425063,4.783449,3.190205,3.4856303,4.244465,3.6809058,3.6589134,3.1388347,2.809916,4.0263653,3.7186246,3.3191874,3.4745753,4.155354,3.5105472,3.8034248,3.1880932,3.679037,3.3016167,3.4197292,3.3693457,3.6980789,4.0780253,4.6696777,4.077117,5.118092,3.3424432,3.7197134,4.4482684,3.7806141,4.7198734,4.613005,3.1568816,4.137945,4.4920173,3.301471,3.7997766,2.3056643,3.6870506,4.503321
2078,3.3963885,3.229001,4.2623878,3.7205172,4.095619,3.817941,4.0658617,5.0759478,4.1813374,3.5255365,3.179713,3.010673,4.329867,4.2487025,3.5210369,3.9975533,4.1888037,3.5046024,3.8252213,3.5516202,4.381063,3.8001618,4.238757,3.6024513,3.7978873,3.2643435,4.0839486,3.05779,4.383945,3.776427,4.1747847,3.5796263,4.380219,3.3439806,3.137151,3.4416997,3.0351098,3.610625,3.6751435,4.597205,4.403194,2.8074126,4.0458984,3.6181223,3.8772326,3.2310786,3.1448326,2.8636234,3.6089902,3.4541368,4.552244,4.371093,4.456374,3.0977235,4.2264953,3.892328,3.4605284,3.546407,3.7362049,3.6064918,4.067287,3.6439016,4.4770293,3.2453735,3.4632962,3.2068942,3.8077965,3.6164558,3.226073
2079,3.521697,3.465711,3.450563,4.3890715,3.5204806,3.719347,3.2780216,3.719886,4.309316,4.929441,4.2816744,4.153905,4.537529,4.894694,4.340648,3.578919,2.878496,4.746168,5.0893483,4.1485662,4.3127685,3.2305753,4.494052,3.6186225,4.238447,3.2259429,4.0963044,3.989598,3.3635497,3.4958377,3.649606,4.351506,3.4118965,3.2355978,3.737118,3.1828022,4.4631486,3.9967022,3.6155307,3.7747908,2.9968305,3.3797004,3.5884216,4.725931,3.8360968,2.7299273,3.1958125,5.094401,2.962202,4.0773516,2.9692278,3.4590178,3.0879607,3.3804123,4.2762585,4.1945777,3.9062552,3.7551153,3.770274,3.2673223,3.755307,4.1520944,3.7165415,4.695434,3.6410441,4.2978144,3.8557673,3.455204,3.2585266
2080,3.359806,3.8353631,3.4633565,4.268906,3.0828514,4.2617726,3.9813116,4.633473,4.71435,3.7738996,3.6096964,3.6059108,4.362842,3.895751,4.9226146,3.709487,3.8752258,4.9065127,4.590926,3.5920687,5.034256,2.0363126,4.0296955,3.5930722,4.013859,3.553325,4.912966,4.748643,3.3961601,3.5071895,3.0258949,3.1879656,3.4985878,4.0418158,3.7200503,3.485213,2.9762301,3.8045642,4.2008576,3.1036217,3.1473281,3.9019735,3.9191961,3.1539986,3.8821535,4.066841,3.8814957,3.8722467,4.017849,4.1747055,4.73215,3.042379,3.9286175,3.202523,4.0161853,3.355423,3.9208126,3.3411605,3.3561096,3.9887843,3.5597737,4.398781,4.0505233,4.0018673,4.025577,3.2339778,3.5121505,2.578188,4.0357237
2081,4.0419335,3.131503,3.8672485,3.6372612,4.19557,3.75733,3.5584369,4.079113,3.657807,4.9903917,4.3992963,3.8443418,4.237131,4.6206064,4.040726,3.12702,4.250405,2.8727534,3.6244948,3.675693,3.631181,3.9531012,3.9938242,3.7230864,3.028602,3.4925385,3.7877479,4.322347,4.4344435,2.9836667,4.7023625,2.666998,3.6464517,3.229147,4.1811213,3.451031,3.245438,3.407933,3.8006492,3.8750079,4.080274,3.712514,4.0327353,4.4548388,4.286517,3.4204216,3.7074301,3.4434946,3.584634,3.5913265,5.228984,3.5698779,3.9761622,4.8085213,5.4712534,3.3274338,3.7955546,3.6340225,3.538019,4.439784,4.0139546,4.789859,4.9965496,3.2888806,4.2050962,3.5485547,3.8603415,5.1026626,3.4201066
2082,3.5611174,3.4947221,4.101567,4.77076,3.4449112,4.1587424,3.123026,4.3643384,3.7422163,3.6188009,3.075595,3.6497838,5.192032,3.515824,5.095872,4.8409123,2.9347537,4.1472225,4.6887617,4.515043,4.267883,3.0261996,3.5520923,3.0860825,3.7936819,4.471835,2.7760923,3.7969499,3.7627351,4.2337513,3.7860696,3.5095503,3.8462148,3.7167845,3.1905885,3.3018184,2.544073,4.3127346,3.5356367,3.9832368,3.3916852,3.4588814,3.6632667,4.406335,3.0352578,4.2367096,4.281636,3.6420424,3.6333523,3.627702,3.6803787,3.5367892,3.8703675,4.423203,4.614612,3.4860644,3.6313624,3.1408126,3.9291139,3.983845,3.8425207,4.9350047,3.5706685,3.668872,4.2576485,3.9416003,3.2398694,3.715117,4.4646215
2083,2.9665568,3.3692434,3.7146773,4.4333267,3.7998884,3.7039201,3.4147806,4.2932014,4.4579196,4.373243,3.6695733,4.2337866,4.3450284,3.5574155,4.6186523,4.226025,3.9074686,5.381883,2.923989,3.9190185,4.114422,3.0123346,2.9631617,3.5520318,3.8001988,3.4282715,4.38831,3.8531032,3.6734898,4.411606,3.640253,3.097482,3.7775552,3.93217,4.2909703,3.1135702,3.2357297,3.6220205,3.7166083,3.4766393,3.085009,3.6738126,3.67141,3.4132564,3.860778,4.0964236,4.754545,4.280832,3.8252287,3.2371833,3.5855906,3.7032068,3.3022437,3.74629,3.6053023,3.1953309,3.7749932,3.7636595,4.721458,2.9757714,4.368542,3.3646202,3.1666632,3.5718262,3.2323563,3.9727166,3.9584765,3.5542886,3.217709
2084,3.0342019,3.901929,4.3836927,4.5707455,3.2995489,3.584015,4.5975857,4.413473,4.305003,4.4771314,4.036362,3.3231184,4.249478,3.930203,4.022908,3.99002,3.045819,3.8527262,3.7977316,3.4149935,3.974787,4.4772353,3.6809428,3.8875027,3.7684498,3.3815129,4.0780177,3.609473,3.5379398,3.8308315,3.7369647,4.117819,5.585547,3.5726967,4.305972,3.4124637,3.0935988,4.3016095,2.9310613,2.9549575,4.6421146,4.035841,3.2248995,3.35805,4.0380015,3.5009723,4.3322053,4.1773086,3.0190914,3.9430208,4.5096684,3.429075,4.244893,3.1896937,3.9206798,3.4006858,2.9813638,3.3889344,4.2755117,3.7988243,4.778445,3.6126568,4.24945,4.521046,2.8179796,3.78186,3.1927972,2.498703,3.40839
2085,4.1213026,4.29728,3.2213986,4.719324,3.6812184,3.5394094,4.669092,3.2604494,3.167281,5.610433,2.9773278,3.2428343,2.8256948,4.3770194,3.9653184,3.081845,4.4438696,4.5312605,3.7663803,4.03298,4.3436236,4.381892,3.136307,3.6172523,3.694125,3.363177,3.0743616,3.5827239,4.051667,4.6210904,3.4845562,3.024169,3.8707356,3.061763,3.6850882,3.3197515,3.5571964,4.4545255,4.5052643,2.9996257,3.2697659,3.185428,3.4779212,3.3191764,3.358457,3.3510365,4.0252914,3.326707,3.2493463,3.3451073,3.9471643,4.563426,2.9362407,3.4519935,4.696495,3.423462,3.8933063,3.8894792,4.4533916,4.7910666,4.381136,3.9735894,4.154067,3.3880324,3.8629172,3.2095485,2.6933615,3.5534356,3.0517933
2086,3.4948008,3.6599202,3.2190237,3.8065608,4.4583826,4.0212545,3.6022465,3.8376017,3.4824305,3.8977618,3.6769862,5.305018,5.261019,3.7130353,4.1068134,3.9995546,4.239728,3.6220274,3.1865854,4.581876,5.2590604,3.9194026,3.9962802,3.6340153,3.3534222,4.1195593,4.2699795,3.227705,4.1676145,4.1800923,4.2930436,3.606883,2.9673436,3.509894,3.6954577,4.03457,3.9431746,3.6994267,4.0183253,3.666625,3.9842672,3.8059483,2.8783634,2.7706907,3.5482194,3.5594857,3.0628498,3.3550208,3.7196455,3.8237407,4.3073316,4.113376,3.2877748,4.6912007,4.779098,3.4533093,3.40212,3.8483226,3.60004,3.8171644,3.530784,4.2240825,3.5924737,3.0926063,3.6675901,4.522156,2.7912047,3.6716037,3.4096637
2087,2.9712253,3.3650599,3.6346993,4.1720943,4.1342244,3.4968112,4.124281,4.9205904,3.3914802,4.3999195,3.4959598,4.670648,3.876152,3.64983,5.199893,3.4104984,2.9150777,5.0225363,3.6354392,4.1751475,4.519743,2.7841933,3.8981905,4.197129,3.9000533,4.0698543,3.8616593,2.6740277,3.4268842,3.748269,3.666876,4.531609,2.826872,3.152984,2.7469158,3.1594489,4.0713477,4.13231,3.184822,3.244582,3.4219851,3.410094,3.9090598,3.498368,3.0992851,4.7564993,3.3825774,3.7552562,4.6429663,3.0372372,3.3157527,3.762512,4.1551633,3.5960498,3.2827475,2.8927078,3.9489155,2.8129852,3.3422449,2.753708,3.3613365,4.46485,5.077961,3.4089377,3.6452236,3.736653,4.1396885,3.8475456,3.947662
2088,3.505617,2.9698968,3.4486592,2.5616465,3.9311306,4.293261,5.616945,4.9582343,3.9095585,3.8903835,3.756219,3.9585497,4.2566514,4.2063327,3.2608018,5.503529,3.5654943,3.6063476,4.9583592,3.833689,3.8550642,4.2419734,3.08819,4.754563,3.7017078,3.9151232,3.7737951,3.1398005,4.0323257,4.305974,3.8694923,3.755719,3.4820116,2.9641912,3.3484955,3.0227337,3.0007975,2.8755646,3.727755,3.577498,3.533617,2.9597754,3.7730916,4.0461135,4.094165,3.8863466,4.0528297,3.4833102,4.0662036,3.556248,3.4544404,4.9522233,3.9448843,3.8831663,4.4782977,3.4628706,4.3185897,3.079947,3.4941592,4.299365,3.6804912,3.8317297,4.24034,3.145914,4.408953,3.257773,2.7880986,3.8788655,2.0876837
2089,4.0558596,4.0428042,3.6512585,3.9943283,2.682373,4.430976,4.4371934,3.6533937,3.5000196,4.3095303,3.62119,3.6597073,4.1244855,4.742797,4.2053437,4.442027,5.173496,5.1264334,4.9672,4.3512297,4.9287376,3.9035015,3.384371,3.1789057,3.749826,4.291612,4.486213,4.0789027,4.2595677,4.264055,3.4288142,4.163322,3.9701493,4.0658703,3.6486192,4.285439,2.5819216,3.5142841,3.7689009,3.9212935,3.8499856,4.0140758,2.5739553,3.18655,4.3041162,3.3323536,4.5648212,4.0556593,3.4536052,3.5624347,4.699995,4.358287,3.880345,4.31278,3.5318885,3.710082,4.53672,3.7974014,3.8005328,3.894216,4.1104054,3.7581847,3.6122828,3.9613705,3.5091553,3.883121,3.4308765,3.2354946,3.8567622
2090,3.0694103,3.6945653,3.8804228,4.1672435,2.9448266,3.7428093,3.7348619,4.270335,4.703159,4.234627,3.2221265,4.6434,3.5713909,4.92171,4.5660157,4.835084,4.7753687,4.099051,4.4035745,3.5829587,3.5581727,3.3431978,3.9726048,4.034594,3.8124557,3.9198198,3.4532201,4.958854,4.4069796,3.7947793,3.8059974,3.560065,4.1227674,3.2221901,3.3943844,3.056637,3.622296,3.5783958,3.8582232,3.7640634,3.2145238,3.942159,4.2393303,2.9041426,3.5041947,3.5104783,3.527309,4.0821195,4.6814218,3.480444,3.597591,4.916696,4.565827,3.914539,4.011276,3.0203133,4.8018517,3.8371646,4.5936065,4.163678,3.3649368,3.6900403,4.1333766,3.4642293,3.4325447,4.0971713,2.3902383,3.2775528,2.886496
2091,3.8069654,3.819491,3.3956633,3.9187615,3.925664,4.2434125,4.198359,4.2099357,4.89804,4.536003,3.5646648,3.829825,3.5146785,3.468351,4.0434856,3.2440107,3.9831586,3.379629,4.0158234,5.038864,4.638774,4.4181914,4.9782953,4.330755,4.198662,3.0829148,3.8707547,2.6554518,4.1348443,3.7738729,3.9620218,4.787157,3.103554,3.366159,3.9347093,3.151065,4.1519146,4.129011,4.070943,3.5517197,4.319549,3.6912832,4.1951475,3.9030185,2.834698,3.6907656,3.7071335,4.2097526,4.334297,4.259041,3.5188088,3.900578,3.3937466,4.086718,4.5343366,3.6508286,3.6939826,3.9330904,3.6463878,4.2638884,4.5624495,4.9787483,3.9495733,3.2944992,3.1533997,2.8777618,3.8820848,3.0703506,2.9527001
2092,3.241939,3.4343238,3.1698186,4.4273973,4.0952935,3.239238,3.2028694,4.7012334,3.3542998,4.845065,3.851372,4.486279,4.5193205,4.259499,3.4822524,3.7162628,4.22435,4.9381785,4.5472035,4.603653,3.9371307,3.4424026,3.7629457,3.5952775,3.611544,3.7339644,5.0721536,2.7699602,2.798126,4.3391314,4.03762,3.750328,3.6152103,2.6754255,4.2223535,3.4441996,3.0661547,3.314359,3.8478503,4.058384,3.8476448,3.4228973,3.9211836,3.6192293,3.8334427,2.8369753,3.6338634,3.914784,4.3442125,4.0423026,3.5537963,3.4160273,3.7648299,3.2521508,4.4965315,3.509284,4.363876,5.64925,4.928644,3.3014836,4.136479,4.5648613,4.99009,3.5893223,2.954318,3.4673193,3.0761209,3.0804749,3.8422306
2093,3.8090434,3.1516843,3.2982893,4.27498,3.4813545,3.1332152,4.2603536,4.40302,4.2715178,3.3616345,3.7379053,4.7748575,4.055211,2.6704552,3.1767993,4.8719497,3.5189173,3.0536842,4.6068096,3.9714434,4.8923535,3.3781245,3.4791696,2.7953537,3.2994218,4.0320296,4.247784,2.3382587,2.611883,3.7947412,3.462518,3.781504,2.865182,3.2970433,4.035259,3.7604725,4.5198145,4.005754,3.6544306,3.9589849,3.0625184,3.7250323,3.6639435,4.2707944,3.11068,3.5245502,4.1274304,3.199704,2.579815,3.7132282,3.3825302,5.298745,4.7506385,3.694322,3.2514725,3.6164253,3.3883755,4.1619987,3.8235643,3.5002856,3.7672768,4.051039,4.852201,2.7837682,4.084513,2.951409,3.205275,3.6363068,3.321479
2094,3.8042133,2.6656983,3.8442564,3.6605582,4.1449447,4.770106,5.0788236,4.7036786,3.2879484,3.4649901,3.5472155,4.2726154,5.160944,4.248584,3.6210797,4.029178,4.148679,4.0050516,3.0184698,4.5141206,4.5156646,3.1539614,3.1995509,3.6145043,4.1054406,3.8314064,3.5071988,3.0515249,3.468921,3.9655704,3.7455056,2.7137244,3.4183593,3.477668,2.8104885,3.4871805,2.343334,4.4902534,3.2375515,3.4239826,3.8711824,4.0225916,3.8879402,3.9746838,2.740639,4.2401323,3.555232,3.557407,2.9293752,3.4009545,4.2962756,4.37775,4.346373,4.44639,3.5011997,3.3179948,3.6537244,3.572456,3.8833215,4.2498145,4.2248807,4.425947,4.4818697,3.7780306,3.739231,3.6507635,4.0761385,3.0675447,4.337315
2095,3.7870498,3.085005,3.8660526,5.4320464,4.0175543,3.677321,3.8045785,4.1708026,5.237164,4.338211,3.302217,3.4417186,4.0543294,3.615557,4.0115495,3.701551,4.278884,3.5918727,3.6995502,3.825718,4.904957,3.272296,2.7472706,4.322782,4.0986657,3.5282152,3.8995557,3.6058922,3.6392803,4.332087,3.4870045,4.0755186,3.4849765,2.860072,4.0863905,4.319051,3.3813326,4.0314884,3.7045517,4.6142583,4.1132126,3.482237,3.6806574,3.5436008,4.1737866,4.118302,3.728026,4.1510463,3.4716551,3.9802687,3.5765946,3.2666438,3.8440204,4.149635,3.3603196,2.9986167,3.8958728,3.5970356,3.966221,3.552388,4.143897,3.5347278,5.140237,3.8531864,3.1181118,3.6281357,4.1156664,3.419896,4.415976
2096,3.0994236,4.0089,3.7240553,4.245371,3.508388,4.793954,4.5637174,4.701461,3.889213,4.984263,3.3821118,3.948784,4.274299,5.12919,3.811018,3.5142596,3.8046439,3.343179,3.5067468,3.9210157,3.7641385,3.454183,3.9499004,4.1374836,3.4640272,3.4641488,4.826335,3.7204769,3.0155592,4.2866764,3.2062168,3.5114372,4.4577246,2.5260925,4.1893644,3.9488277,2.4115157,4.477762,3.5467248,3.5034513,4.7399373,3.253318,3.0506568,3.758903,2.7572525,3.5908267,3.4856155,4.1721168,3.5910456,4.2735205,3.215994,3.958637,2.9378393,3.3623374,4.72468,3.124085,3.7390304,3.9833484,3.8736224,3.850878,2.7323422,4.5590277,4.2825856,3.3527038,4.059549,3.5654676,3.0599914,4.579073,3.8443508
2097,3.4851727,4.4693713,4.1213098,3.474564,3.9544141,4.067339,4.874404,3.901562,2.550537,3.5988054,3.895307,4.4322295,3.7991412,3.4952438,4.564298,4.4074874,4.607732,4.005431,4.0361595,4.8528075,3.5037863,2.9034202,3.136441,2.6432805,3.580058,4.2065434,3.0601196,3.2995744,3.8278546,3.671814,4.4510427,3.0965676,3.9736252,3.25543,4.1385503,2.4354243,3.7849927,4.068904,5.145422,4.2001715,5.0138545,3.194225,3.0081115,3.8912039,4.0397954,3.4988477,3.3259456,3.0278842,4.836177,4.264466,3.6679327,4.797363,3.7252555,3.7774508,5.4549184,3.0533135,3.5830407,4.3323736,3.4176447,4.486362,4.1053305,4.0671163,4.3192506,2.4288797,4.5187836,3.3535078,3.0820177,3.5904303,2.945628
2098,4.1460376,3.4870708,3.9278398,4.0956573,3.2611473,3.9950864,3.2839246,4.8594975,4.901835,4.5404205,3.3778641,4.105178,3.7497966,3.1013086,3.921284,3.035135,3.8655813,3.8223677,4.2548637,4.0403028,4.6027536,4.1046333,3.9705458,2.7672977,3.5244527,3.2468905,3.5111184,3.7583873,3.8562343,4.4139185,2.915008,5.016643,4.197394,2.99412,4.4243975,3.3236487,4.0249767,3.611363,4.1649733,3.5360098,3.0759828,4.9944153,4.1245847,3.9375458,4.279003,4.1895924,4.3585687,2.7175977,3.144971,3.4469974,3.453556,4.605662,4.442897,4.256423,5.7236614,3.5384617,4.021906,3.9574814,3.7906063,3.2038124,3.4907625,3.3285923,3.2030807,5.158996,3.3010159,3.0889132,3.896509,3.1754973,3.3592925
2099,4.661943,3.234912,3.5890708,4.695685,3.478533,4.5789227,4.2255535,4.216879,4.3607774,4.7315316,2.6956024,3.3392339,3.4279358,3.4335446,3.8313074,4.420538,4.024425,4.755678,4.467095,4.2494445,3.9655623,3.955541,3.7449841,3.1287794,2.6724699,3.8352516,3.7599306,4.020922,3.418583,3.7938707,4.44216,3.409313,5.28162,2.445523,3.5954542,4.0369463,3.143541,3.5595255,3.1396227,3.6768167,3.807638,3.425421,4.277072,3.1911795,3.3650239,3.7479248,3.6106722,3.5965548,3.0600936,2.5660257,3.8564796,4.1411963,3.2583876,2.841408,3.3807833,2.7567248,3.5619974,3.1199033,4.3390145,3.8869236,3.9453056,3.8881097,3.671939,3.0337212,3.4153082,3.8480752,3.839288,2.6895514,2.2422328
2100,3.8217258,3.4919715,3.9246812,5.862622,3.102625,4.6831436,4.4633164,4.2514286,3.2753475,3.7178,3.3294623,4.178206,3.849214,4.150218,4.9453306,3.2199032,2.9680445,4.329295,3.5206332,4.4341216,4.927154,3.7352278,4.197942,3.175566,3.7048078,4.077347,3.2221885,3.6832159,4.241646,3.920241,4.1034875,3.3797948,3.6626282,2.760985,3.0010598,3.9987044,3.2963672,3.3693583,3.6982064,3.2746599,3.4876816,3.0051992,5.042885,2.5382419,3.9241087,4.1621127,0.0,0.0,0.0,3.33766,3.817571,4.1329203,3.3573399,2.846151,3.953389,3.3852015,3.7270687,4.3332906,4.8009977,4.795676,3.089182,4.7153196,3.9861693,0.0,0.0,0.0,0.0,3.5166516,3.6279755
