year,BCCA_0-125deg_tasmax_day_ACCESS1-0_rcp45_r1i1p1,BCCA_0-125deg_tasmax_day_ACCESS1-0_rcp85_r1i1p1,BCCA_0-125deg_tasmax_day_BNU-ESM_rcp45_r1i1p1,BCCA_0-125deg_tasmax_day_BNU-ESM_rcp85_r1i1p1,BCCA_0-125deg_tasmax_day_CCSM4_rcp26_r1i1p1,BCCA_0-125deg_tasmax_day_CCSM4_rcp45_r1i1p1,BCCA_0-125deg_tasmax_day_CCSM4_rcp60_r1i1p1,BCCA_0-125deg_tasmax_day_CCSM4_rcp85_r1i1p1,BCCA_0-125deg_tasmax_day_CESM1-BGC_rcp45_r1i1p1,BCCA_0-125deg_tasmax_day_CESM1-BGC_rcp85_r1i1p1,BCCA_0-125deg_tasmax_day_CNRM-CM5_rcp45_r1i1p1,BCCA_0-125deg_tasmax_day_CNRM-CM5_rcp85_r1i1p1,BCCA_0-125deg_tasmax_day_CSIRO-Mk3-6-0_rcp26_r1i1p1,BCCA_0-125deg_tasmax_day_CSIRO-Mk3-6-0_rcp45_r1i1p1,BCCA_0-125deg_tasmax_day_CSIRO-Mk3-6-0_rcp85_r1i1p1,BCCA_0-125deg_tasmax_day_CanESM2_rcp26_r1i1p1,BCCA_0-125deg_tasmax_day_CanESM2_rcp45_r1i1p1,BCCA_0-125deg_tasmax_day_CanESM2_rcp85_r1i1p1,BCCA_0-125deg_tasmax_day_IPSL-CM5A-LR_rcp26_r1i1p1,BCCA_0-125deg_tasmax_day_IPSL-CM5A-LR_rcp45_r1i1p1,BCCA_0-125deg_tasmax_day_IPSL-CM5A-LR_rcp60_r1i1p1,BCCA_0-125deg_tasmax_day_IPSL-CM5A-LR_rcp85_r1i1p1,BCCA_0-125deg_tasmax_day_IPSL-CM5A-MR_rcp26_r1i1p1,BCCA_0-125deg_tasmax_day_IPSL-CM5A-MR_rcp45_r1i1p1,BCCA_0-125deg_tasmax_day_IPSL-CM5A-MR_rcp60_r1i1p1,BCCA_0-125deg_tasmax_day_IPSL-CM5A-MR_rcp85_r1i1p1,BCCA_0-125deg_tasmax_day_MIROC-ESM-CHEM_rcp26_r1i1p1,BCCA_0-125deg_tasmax_day_MIROC-ESM-CHEM_rcp45_r1i1p1,BCCA_0-125deg_tasmax_day_MIROC-ESM-CHEM_rcp60_r1i1p1,BCCA_0-125deg_tasmax_day_MIROC-ESM-CHEM_rcp85_r1i1p1,BCCA_0-125deg_tasmax_day_MIROC-ESM_rcp26_r1i1p1,BCCA_0-125deg_tasmax_day_MIROC-ESM_rcp45_r1i1p1,BCCA_0-125deg_tasmax_day_MIROC-ESM_rcp60_r1i1p1,BCCA_0-125deg_tasmax_day_MIROC-ESM_rcp85_r1i1p1,BCCA_0-125deg_tasmax_day_MIROC5_rcp26_r1i1p1,BCCA_0-125deg_tasmax_day_MIROC5_rcp45_r1i1p1,BCCA_0-125deg_tasmax_day_MIROC5_rcp60_r1i1p1,BCCA_0-125deg_tasmax_day_MIROC5_rcp85_r1i1p1,BCCA_0-125deg_tasmax_day_MPI-ESM-LR_rcp26_r1i1p1,BCCA_0-125deg_tasmax_day_MPI-ESM-LR_rcp45_r1i1p1,BCCA_0-125deg_tasmax_day_MPI-ESM-LR_rcp85_r1i1p1,BCCA_0-125deg_tasmax_day_MPI-ESM-MR_rcp26_r1i1p1,BCCA_0-125deg_tasmax_day_MPI-ESM-MR_rcp45_r1i1p1,BCCA_0-125deg_tasmax_day_MPI-ESM-MR_rcp85_r1i1p1,BCCA_0-125deg_tasmax_day_MRI-CGCM3_rcp26_r1i1p1,BCCA_0-125deg_tasmax_day_MRI-CGCM3_rcp45_r1i1p1,BCCA_0-125deg_tasmax_day_MRI-CGCM3_rcp60_r1i1p1,BCCA_0-125deg_tasmax_day_MRI-CGCM3_rcp85_r1i1p1,BCCA_0-125deg_tasmax_day_NorESM1-M_rcp26_r1i1p1,BCCA_0-125deg_tasmax_day_NorESM1-M_rcp45_r1i1p1,BCCA_0-125deg_tasmax_day_NorESM1-M_rcp60_r1i1p1,BCCA_0-125deg_tasmax_day_NorESM1-M_rcp85_r1i1p1,BCCA_0-125deg_tasmax_day_bcc-csm1-1_rcp26_r1i1p1,BCCA_0-125deg_tasmax_day_bcc-csm1-1_rcp45_r1i1p1,BCCA_0-125deg_tasmax_day_bcc-csm1-1_rcp60_r1i1p1,BCCA_0-125deg_tasmax_day_bcc-csm1-1_rcp85_r1i1p1,BCCA_0-125deg_tasmax_day_inmcm4_rcp45_r1i1p1,BCCA_0-125deg_tasmax_day_inmcm4_rcp85_r1i1p1
2006,20.960224,19.888275,17.870188,19.517673,18.803944,19.15819,19.366484,18.94962,19.344461,19.730398,18.904911,18.74708,19.58255,19.965124,19.67581,19.061321,18.137352,18.037348,19.839039,19.022259,18.997427,18.828312,19.103327,18.963203,19.497335,18.32214,18.661417,18.118073,18.36937,19.09363,19.149675,19.483986,18.825333,19.258348,18.4803,18.094929,18.74831,19.479202,19.614042,20.284838,19.4472,18.497375,17.194065,18.490114,17.926891,19.24869,18.140663,18.989304,20.557413,19.438786,19.723177,19.574465,19.395489,19.870754,20.255066,18.379827,18.929926,18.796062
2007,19.710917,19.671156,19.244282,19.350075,19.261574,18.665026,17.453573,20.200642,20.42768,19.932146,19.46644,18.299255,19.655985,20.611307,18.314827,20.226072,20.439262,18.89585,19.581526,21.060434,19.365604,19.746784,18.615385,19.151356,19.104689,18.983187,19.434391,19.412203,19.776756,19.589148,18.420769,19.75193,19.310501,19.25596,18.82353,19.114275,19.126024,20.126059,19.3149,20.89706,20.333576,18.275919,19.727985,20.779213,18.939034,19.03681,18.27929,18.886786,19.803013,20.162796,20.352478,19.382742,17.926071,19.892733,20.617216,19.554192,20.46532,20.286783
2008,20.861677,18.21243,18.864752,20.255642,19.413334,19.46707,19.825134,20.948635,19.827877,19.647682,19.096521,19.796474,19.032066,17.66898,18.82463,19.949337,19.209484,20.517368,18.787996,19.935278,19.603123,17.97475,19.97072,18.3066,19.981167,19.907818,19.60429,19.26,19.832607,18.801855,18.940765,19.277271,19.116667,19.197464,18.67481,19.939484,19.1397,19.043167,19.556528,20.166391,19.636868,18.991583,19.428255,19.83482,19.08948,17.943287,18.687683,18.606354,18.93809,19.374044,19.782223,19.388767,17.248766,18.74458,18.945452,20.326641,19.333683,20.058456
2009,18.961376,18.679005,20.782124,19.82598,19.438484,19.125975,20.486797,19.409142,19.005987,19.606144,18.58086,17.855124,19.086699,18.817749,19.44134,20.01568,18.837217,19.19429,19.386648,19.122961,19.531029,19.17592,18.893436,19.5393,19.027227,18.624577,19.722614,18.80857,19.641382,18.306885,19.578758,20.217289,19.7068,19.1247,18.398705,20.283022,18.811344,19.841171,19.883913,19.21108,18.874332,17.910149,19.932837,19.133436,18.732725,17.81802,18.516285,18.59413,18.533525,18.401443,19.2394,18.717934,19.655886,20.331999,18.535147,19.663395,19.133415,17.763184
2010,18.31537,18.628157,18.944164,18.749767,18.805223,18.362886,20.538752,18.606802,19.007645,19.277845,18.10844,17.716402,18.991106,19.50066,21.939228,20.192762,18.504211,18.99571,19.875473,20.178219,19.060354,19.874983,20.494333,19.659344,20.243093,20.221273,18.6864,19.375881,18.924013,19.635445,18.837751,20.193476,18.763548,19.728527,18.893356,19.617882,19.464085,18.517466,19.573578,19.308271,20.567957,19.000216,19.36617,20.587198,19.07828,18.594358,18.915596,19.34897,18.542732,19.940523,18.579004,18.002333,18.198458,19.110447,19.039608,19.998968,19.86043,19.712769
2011,20.079954,20.96251,19.106604,20.199795,19.661255,19.9987,20.243153,19.79751,18.573824,19.860415,18.725784,18.224707,19.339079,18.258621,19.605114,19.596622,20.032745,19.06771,19.23003,20.25649,20.905693,20.24974,19.746574,19.25721,19.781765,19.314377,20.37344,18.927364,19.09317,19.028202,19.744835,19.036673,20.063171,20.056269,19.603762,19.21455,19.106083,18.30698,20.270514,18.83433,19.698309,20.228876,19.931593,19.632812,19.187092,18.919428,18.200272,17.540607,19.141607,19.176529,18.716532,20.3487,18.94832,19.19394,19.737059,18.305801,18.321775,19.030005
2012,19.909012,18.743162,21.399254,20.419058,20.371098,19.194721,19.73576,20.97902,18.498333,19.496174,19.99112,19.739845,18.802376,18.312685,20.06885,20.092972,18.901842,20.422497,19.325058,19.361923,19.026657,20.41235,18.853468,19.903557,20.120312,19.953762,19.075756,18.660973,19.404886,18.631487,19.656004,19.64314,19.569702,19.19139,19.60879,18.528357,19.349741,18.955652,19.759602,18.875889,19.550766,19.411547,18.93993,20.236948,18.077755,18.795605,18.807194,19.244066,19.830345,19.524794,18.602707,20.678772,19.81581,19.362446,19.787489,19.831827,19.501802,19.713432
2013,19.672117,19.96238,21.363768,18.962923,20.602371,20.679436,19.771393,21.336903,18.509232,19.801645,18.520123,19.333889,19.085623,19.736374,19.26072,19.184309,19.516232,20.548738,19.014706,19.191204,19.584333,19.630089,18.861845,18.25213,19.578997,20.23489,19.125805,20.457327,18.261244,19.881891,20.100716,18.693266,19.214695,20.059978,19.047182,19.42464,18.85339,20.288565,18.885918,20.47706,17.868711,19.968897,19.653883,19.53459,19.02802,18.720068,19.037352,18.729584,19.460552,19.91086,20.07874,20.355701,19.764282,20.500309,20.090635,19.939152,18.687996,18.727024
2014,20.010593,18.894817,20.857933,21.110826,18.921026,18.39091,20.500637,18.824276,19.516212,18.834854,18.881195,19.415476,19.94778,21.202822,19.313368,20.463179,20.511015,19.75223,18.717709,20.19231,18.846138,20.083408,18.960035,20.648191,20.061403,19.601715,19.990631,20.253252,18.894295,20.496588,18.637453,19.121265,19.058418,20.707132,19.330118,19.96911,19.238468,19.24149,19.366999,20.06767,19.705065,19.185898,19.988024,18.63957,18.447153,18.852629,18.442251,18.686258,19.233595,19.602177,18.774015,20.12152,20.443884,19.894203,19.070446,20.007803,18.438524,18.760818
2015,20.392841,18.176783,19.772573,20.091951,19.14326,19.632994,20.126936,18.90608,19.297527,18.350866,19.524,19.258892,20.043402,19.089859,18.670605,19.71059,19.762411,19.212883,19.987633,20.088661,18.816256,18.362902,20.420984,19.72677,19.751892,19.381752,20.005991,19.929403,19.848553,19.778233,18.69547,19.69898,20.274492,19.997475,19.650694,19.145075,20.572557,21.07783,17.119295,18.662233,20.551702,19.008478,19.67704,18.138062,18.472948,18.410528,18.065445,18.595577,18.847775,18.453905,18.860865,18.608118,19.92026,19.537617,20.651228,20.053204,19.786236,19.225983
2016,19.833815,18.828,20.865307,18.574146,20.08108,20.070438,19.892347,20.649744,19.231564,19.80742,20.195873,18.168427,18.875095,18.940027,20.55415,19.796064,19.24465,20.26847,20.324137,20.07585,20.124918,19.9443,20.8222,20.794115,20.170534,18.440777,20.089844,19.141266,18.933016,19.920671,18.696577,19.394697,18.310862,18.732412,19.644897,19.32349,18.568457,20.223598,20.330345,19.873652,19.852589,18.54618,19.416958,19.733711,19.072178,18.210918,19.303616,17.863728,18.84122,19.528536,20.568123,19.357323,19.082401,19.753712,18.831453,20.083332,19.632198,18.631126
2017,19.411634,19.736317,21.125334,18.68023,20.687115,19.54997,19.262066,19.61085,19.71328,19.520195,19.270042,18.595575,20.29698,19.360558,19.183683,20.137281,20.027353,20.023731,19.99211,19.71637,19.614065,18.80158,18.503977,19.878914,19.895166,19.29729,20.744322,19.613482,19.667332,18.167164,19.931984,18.919346,18.23006,19.348852,20.495342,19.480299,19.227531,18.727175,18.92391,20.985413,21.25444,19.31696,19.53753,17.723146,18.674034,18.68416,17.949236,17.938732,20.095154,18.617317,19.234316,21.53402,19.0839,19.365967,18.509651,19.423883,19.200716,18.668013
2018,19.16322,19.72442,19.271536,22.012836,20.689104,19.639805,19.455385,19.904583,20.118334,19.809185,18.55333,19.84928,19.287718,19.363272,19.294477,19.525383,20.06145,20.213581,19.98296,20.01072,20.170837,19.56544,18.838528,19.634792,19.63324,18.818018,19.840466,19.151794,18.660515,19.26179,18.859959,20.028978,19.741102,18.299587,20.496998,19.588184,19.901703,19.739231,21.43458,20.410065,20.573933,19.686522,19.080505,19.4178,18.583935,18.598751,18.187122,18.383287,20.57346,19.983463,19.282545,19.959583,19.03302,18.541248,20.331316,19.305723,19.455795,20.470749
2019,19.996058,20.837538,19.028885,20.335669,19.578121,19.72439,18.737547,19.683132,20.573973,19.250742,17.977886,19.756584,20.810966,19.578175,20.270819,19.956518,20.542213,19.777372,19.307762,18.978413,19.263578,20.443892,19.484049,19.002161,20.509354,19.186192,19.265152,19.7539,19.126165,20.661995,20.116444,19.40886,19.789059,19.726131,19.239801,19.78218,19.002064,19.829771,20.167864,19.90365,20.313992,20.670979,19.30724,19.747381,18.256662,18.800112,18.843878,18.918236,19.56558,19.197418,19.21188,19.404741,20.112621,19.191261,18.675009,19.240154,19.501177,19.977085
2020,19.993587,20.15954,19.856022,18.623705,20.796093,20.919722,19.78069,21.270155,20.895872,20.159582,18.783218,20.363558,19.952566,19.403048,20.720442,20.583242,19.678007,20.4665,19.748236,19.686152,19.385723,18.58787,20.135015,19.90018,21.033794,19.582697,20.57867,20.197903,19.115252,19.716288,18.682856,19.922035,19.43009,20.140045,19.407854,19.819382,20.51862,19.302067,18.970987,18.611246,19.46597,18.471806,19.659414,20.055988,19.065174,18.936922,19.141232,19.00865,19.802313,20.061926,18.33821,20.039873,20.295269,19.583279,18.0928,20.663523,18.840437,18.080029
2021,19.717958,17.939873,21.339184,20.154638,19.933304,20.64841,18.810436,20.30675,19.607353,18.888813,19.978914,19.19581,18.728973,19.122004,19.251131,20.99985,20.324244,19.31566,20.756804,20.132658,19.876707,19.878538,19.449768,19.363625,18.591036,20.932293,19.99741,19.762897,19.88421,19.549408,18.213121,19.184875,20.046616,20.648144,19.63879,19.309155,19.747604,20.032738,19.831184,18.912966,18.426176,19.664257,19.759201,21.06068,19.31051,18.789246,17.682281,19.048939,18.176422,19.750744,19.375208,19.747513,20.219423,19.677723,19.2464,20.428888,19.60725,19.661917
2022,19.531803,21.207794,19.91309,20.118036,19.766617,19.246536,19.658764,18.85298,19.6226,19.652773,19.273664,18.953804,17.450249,19.52347,20.350939,20.320318,18.760338,20.666058,18.03949,20.668486,19.683996,19.189756,19.225769,19.76862,20.475317,19.535631,19.814625,19.9153,19.554564,20.122492,18.889647,19.533524,19.892757,20.36939,20.637709,19.646708,18.44103,19.549807,19.724243,20.280548,19.040897,19.958715,20.206156,18.516203,18.187374,18.83654,18.642447,18.68483,20.2972,19.901999,19.699982,19.66073,20.211052,19.820866,19.824682,19.97776,18.638453,18.681673
2023,20.214169,20.172644,20.081274,18.410105,19.419533,20.291304,19.928469,18.335382,18.426867,20.417007,19.786491,20.49073,19.855528,20.488964,20.456257,19.984648,19.732815,20.69541,19.665934,19.90821,18.806105,19.461365,20.59284,19.524452,19.44794,19.259274,20.059114,19.515347,20.234087,19.418758,19.95354,18.727966,19.295841,20.229712,20.772789,20.019838,20.965397,19.094767,20.247738,20.906298,19.802498,19.140787,18.958303,19.570715,18.288774,18.824894,17.795456,19.036081,20.493925,19.39228,18.918396,20.591122,20.870293,20.417944,19.2574,20.138605,18.703506,21.619936
2024,20.29039,19.214476,19.231768,19.939917,20.548578,19.441536,19.859253,20.831362,20.235256,19.332754,18.714954,18.798338,19.729918,19.901878,19.354939,20.493727,20.287607,19.97109,20.347374,20.260586,19.85512,20.68618,19.838095,19.640217,19.591295,20.085516,20.049843,20.165047,19.560097,21.12255,20.132887,20.16934,18.72828,20.390417,20.919062,20.38327,19.828255,20.097883,21.420702,19.80317,20.194906,19.694908,19.86226,19.64897,19.163727,18.855715,18.462208,19.309496,21.496508,18.89895,19.529562,20.768887,20.530993,19.105938,18.606998,19.977839,18.893002,18.936407
2025,20.768932,21.19565,21.209108,20.82429,19.723478,20.187592,20.107069,20.738352,18.768826,19.798515,19.921524,19.400629,19.971045,19.60874,20.28561,20.420372,20.211876,20.07984,19.978674,19.308443,19.962818,18.89143,18.67295,19.494387,19.669704,19.828741,20.473625,19.500862,19.769693,20.597013,19.153622,20.146908,20.654312,19.445784,20.967592,20.251446,19.855225,18.682207,20.962317,19.778564,19.154345,19.833595,21.438389,20.574856,18.724052,19.384012,19.524923,19.70929,19.584442,20.38829,19.020008,20.190659,19.691433,20.434301,18.26493,20.689074,18.899586,18.39521
2026,20.620392,20.133867,20.70855,19.797218,20.322456,18.811031,19.703178,19.30636,20.412003,19.72825,19.871355,19.463306,20.115263,20.576832,19.183384,20.639778,20.269344,20.520473,19.654455,20.132942,19.502481,19.369846,20.178246,20.292067,19.85414,20.008444,19.102797,19.837362,18.697294,20.031048,20.31802,19.831522,19.005653,19.618423,20.728823,20.232882,21.014458,21.126865,18.676712,19.505314,20.166975,20.236956,19.772015,19.935299,19.65386,19.237255,18.741419,19.278507,20.15381,20.75033,19.681675,19.95907,19.917215,19.913565,19.12983,20.050304,19.30533,18.653608
2027,20.478374,20.375008,19.83314,20.4235,21.260782,20.010284,20.467176,20.560091,20.058613,18.772203,19.339579,19.33146,19.905876,18.7699,19.175129,20.014084,20.732008,20.05674,19.499372,20.500257,20.537933,20.200203,20.707228,20.201706,18.464754,20.763939,20.46121,19.962881,20.210112,21.009844,19.948631,19.714,20.774519,20.419384,19.824741,20.04651,19.948748,18.539583,20.443975,18.658602,19.507418,20.303015,19.987574,19.972723,18.472515,19.419306,18.639513,18.95795,18.612919,20.185785,19.409143,19.40963,20.176594,21.807621,19.267223,19.776283,19.04822,19.203867
2028,20.554703,21.487106,20.157389,20.956785,20.035128,19.982664,20.538115,20.248894,20.695885,19.111448,21.044895,20.025824,20.19405,19.48382,18.866728,19.694193,19.613672,20.462038,18.534618,20.431839,19.192339,20.166769,19.431376,20.479437,19.555649,19.5916,20.22467,20.53503,20.098352,20.876873,19.493061,19.634987,20.301966,19.844833,19.784626,20.204494,20.782578,19.742233,19.357811,18.905378,20.895178,20.439371,18.537476,19.29106,18.17912,18.590807,18.522629,18.372911,19.646986,19.535046,19.573704,19.95995,19.558714,19.912815,19.964108,17.894463,19.620075,18.592184
2029,20.725727,20.348883,20.946926,20.111267,19.543201,19.904743,19.514309,19.010883,19.85427,20.653044,19.42028,19.67075,20.025,20.189749,20.385868,18.655567,20.141865,20.401594,19.995998,20.084604,20.972149,20.907377,20.755312,20.144808,18.615183,19.85411,20.82373,20.819921,20.13786,20.731602,19.91966,18.730288,19.45708,21.50536,20.71737,19.766325,21.007998,20.681822,19.958128,18.97083,20.209053,20.85098,20.353245,18.579277,18.623173,18.251753,19.17406,19.246088,19.80539,20.093702,19.037395,20.838348,19.448477,19.7183,19.246117,20.009632,18.807045,18.501362
2030,20.40963,20.879108,21.316938,20.791199,19.901192,21.61728,18.576206,21.243872,20.29347,19.966808,20.021341,20.045452,19.308388,21.29951,20.39455,20.895838,20.688238,19.626284,20.469852,20.5209,19.047085,19.730015,19.17864,19.972782,20.4471,19.895031,20.209593,20.461466,19.51069,21.004086,20.070574,19.583086,19.86782,20.844995,20.90596,20.559385,18.984875,21.012316,19.285435,19.935793,20.55799,19.956787,19.438356,20.384148,18.850174,19.20008,19.02394,18.648813,18.945978,20.664776,19.409187,20.161589,20.59234,18.595762,20.47172,20.987545,18.53719,20.266327
2031,19.96378,19.48763,21.019434,18.350674,21.668257,19.654911,19.30769,20.650545,18.89069,19.97374,19.675303,19.89709,19.29809,20.670872,20.570175,21.209108,20.232752,19.156427,20.530598,21.004766,19.421772,20.176672,19.750708,21.354595,18.840637,19.966944,20.137024,20.63592,19.773502,20.818043,20.51085,19.663088,20.410688,20.913279,20.50323,20.563156,19.982084,21.30686,19.895542,19.527283,20.299791,18.91196,19.548399,21.725351,19.451496,18.526882,18.665222,19.220945,20.080084,20.832293,19.328821,18.720661,21.08842,18.805826,19.326813,20.192635,19.023714,19.283873
2032,20.473103,20.791021,21.010036,21.390951,20.756058,19.635988,19.94838,20.42295,20.586493,20.366005,19.838928,19.042068,19.395184,19.759953,20.162142,20.38147,21.534143,18.787243,20.69787,19.526533,19.734587,19.937624,18.662266,19.914478,21.168606,19.253843,20.531551,20.273119,19.90384,20.804567,19.586199,20.128859,19.504946,19.02682,19.626316,20.57112,20.254698,20.938446,19.968006,18.619396,21.169617,19.371183,20.333855,20.866081,17.491035,18.373838,18.043608,17.947851,19.93795,19.957218,20.14313,20.334843,19.175549,20.424042,19.159616,19.88023,19.966196,19.673862
2033,20.417532,20.2056,19.9939,21.05472,20.155327,20.383738,20.098528,19.80234,18.87143,19.695246,20.57251,19.820475,20.254366,18.844776,20.907375,19.924246,20.357573,21.325283,19.725855,21.028671,20.759165,20.883673,20.419542,20.566092,19.29516,21.038155,20.25443,21.02358,21.15213,20.165436,19.665071,20.649178,19.896664,20.26798,20.251764,18.91246,19.9408,21.462503,19.603373,18.008791,18.831427,19.826136,20.792803,20.859558,19.324339,18.833555,18.244778,19.05295,19.360497,19.787014,20.908632,20.00156,20.788042,20.863897,19.23253,19.853163,19.569584,20.226992
2034,20.284172,20.688934,19.412014,19.915037,19.73657,19.96993,20.01811,19.740717,20.032572,19.906544,18.918585,19.761332,20.722122,19.771357,20.94202,19.60676,20.682417,20.659195,20.594189,20.403444,19.956553,19.877108,20.901754,19.593191,19.460308,19.901834,21.175068,20.123745,21.024725,20.836418,18.92084,19.201092,20.46236,20.788717,20.582676,20.45945,19.886465,19.933786,20.063248,20.471142,19.824503,20.244545,21.777985,21.873384,18.709826,19.170662,18.31487,18.249031,20.331196,20.620962,19.873337,20.221407,20.3286,20.14051,19.011847,19.851196,19.837461,19.170895
2035,19.154451,20.02891,19.62335,19.889778,20.249044,19.96501,20.735867,20.19556,19.5619,19.90139,19.658056,19.093946,20.877485,19.53169,20.071632,21.215008,21.169691,20.925173,20.669342,20.63819,20.404818,20.669643,19.968008,20.229706,19.258612,20.969734,19.843857,20.693388,19.831135,21.221163,19.895943,20.5483,19.167921,20.475832,19.1961,19.843788,21.133457,20.813046,19.218803,20.933449,20.713123,20.143103,21.570745,20.907343,19.214231,19.476553,19.0711,19.153868,20.14149,20.521395,20.017942,21.215471,20.930632,19.908363,21.003124,20.028015,20.432228,19.07463
2036,21.839052,21.651047,20.755657,21.63253,20.062233,21.134312,18.844866,21.6376,20.951656,20.576054,19.374815,19.432146,20.041317,21.701994,19.769922,20.183825,20.44335,21.015423,20.421387,21.191843,20.751263,20.353432,21.026855,20.875046,20.02299,20.646317,20.112955,20.598122,20.150248,20.126337,20.30672,20.550875,20.932976,21.097147,20.961103,20.473747,19.785625,20.61097,18.861488,19.567806,22.356564,19.48597,20.50981,20.519392,19.450258,18.069368,19.633293,18.823433,19.768518,20.488148,21.565168,20.32386,20.314955,21.1694,19.902527,20.472874,19.482182,19.238478
2037,20.19377,20.307676,20.143417,21.141602,19.704088,20.484453,18.988573,20.268454,20.157717,20.377094,19.777033,19.907267,20.181946,20.139933,19.321455,20.49176,19.810118,19.893475,20.351114,20.523972,19.32956,20.550354,20.732042,19.352291,20.215971,21.21379,21.35963,20.961746,19.242176,20.48368,21.001726,20.197802,20.999271,21.258772,19.848572,19.43398,20.060831,20.471247,19.515675,19.119167,20.84709,20.546625,20.390755,20.287304,19.417433,18.426231,20.16259,18.95867,20.942575,18.7774,19.489162,21.01306,19.901594,20.870005,19.417347,19.533562,19.176628,19.698133
2038,18.443012,20.878237,19.69052,20.969635,21.081926,20.507095,20.147266,21.378046,20.664024,20.318392,19.786173,20.044802,18.664532,19.923573,20.38471,21.074387,20.479536,21.62165,19.977655,20.162222,19.61464,20.631409,20.776203,21.128155,19.966642,21.112171,20.87887,21.039274,19.865711,20.85544,20.163063,20.644651,20.594545,21.318808,20.240486,19.517092,19.03769,19.67258,19.097282,22.000456,21.096313,19.81119,20.309418,21.350857,20.357975,19.384876,18.116163,19.02006,20.942484,20.65781,19.53279,19.88424,20.970118,20.871222,19.846685,20.77787,19.462093,19.192522
2039,20.748425,20.06899,21.1479,19.585411,19.778616,20.282532,19.82598,22.117891,21.497982,19.75619,19.62974,19.79397,19.806961,21.374203,20.062922,21.048271,21.25974,21.306608,20.98567,20.030184,20.600666,20.788952,20.10288,21.340847,21.010513,20.281202,20.569338,19.89394,19.856388,21.28087,20.21434,21.313686,20.508202,20.345129,20.071749,20.519566,19.772968,20.519777,19.921951,20.304876,21.824587,19.16613,20.053183,20.996195,18.27141,19.118544,19.5447,20.14015,18.877258,21.51518,21.612123,20.417192,20.79664,19.922894,21.328318,19.969456,19.58141,20.111122
2040,20.733206,21.00129,22.114927,18.966635,19.749846,21.346209,19.476555,20.571808,19.872154,20.428305,19.535072,20.56,20.274694,20.509651,20.328516,19.422613,20.850033,21.526815,20.647158,20.671383,20.269228,21.279295,20.677824,21.726099,20.41,20.903507,20.98231,19.95609,20.562647,20.420374,20.448154,19.634674,20.667177,20.72415,20.86914,21.899359,20.10809,20.414349,19.968191,20.747992,21.194916,20.28205,19.532402,19.84206,19.028976,18.727894,18.413723,20.309938,19.767204,21.21954,20.503883,21.209867,19.413197,19.907215,20.965744,19.974236,19.076,20.265604
2041,22.092812,20.970161,21.625425,20.264692,22.314323,20.143675,19.667177,21.466902,20.364079,20.034674,19.01779,19.775658,21.076832,18.900854,19.556746,20.179602,21.045115,20.428972,21.034027,21.285206,20.83709,21.791067,20.722097,20.688848,20.543312,19.862606,20.924824,21.211077,20.213806,20.626566,19.804888,20.039417,20.704866,21.148499,20.57864,20.931322,20.698923,21.829151,19.501377,20.79604,20.473997,20.337261,19.81909,20.389805,18.932623,20.288574,17.206028,19.809204,19.652115,20.983292,20.594015,21.004686,20.371521,20.911667,19.845966,20.142471,18.7504,19.130716
2042,19.049599,20.801249,19.835756,21.395174,20.29009,21.119453,19.952105,20.550123,20.44991,20.75868,20.117928,20.681849,20.184162,20.435383,21.21003,21.474794,20.870008,20.404585,19.341423,20.066896,20.62141,21.381586,20.253506,20.621649,19.667164,20.67964,21.164589,21.048237,20.676483,20.886507,20.481098,20.715345,20.105955,21.338827,20.209965,21.757812,20.366526,20.825891,20.826416,20.828077,20.777233,18.346893,19.296797,20.331573,18.444708,19.015759,18.567955,20.537004,20.700872,20.044237,19.064877,21.291561,20.139212,20.520311,21.20681,20.11536,19.86417,19.498667
2043,18.95319,21.147814,22.125397,21.759296,19.404686,21.728994,20.82505,21.487097,20.35594,21.761526,19.587292,21.666487,19.738771,19.27714,19.81306,19.769838,20.819586,21.07477,21.553915,21.981386,21.240305,21.385845,20.592918,21.388502,20.282715,20.025305,21.27548,20.303272,20.53047,20.626347,20.976355,20.178709,20.172155,20.700626,21.981722,19.54635,20.19107,20.572977,20.051165,20.300188,19.407574,18.610624,19.600403,21.036629,19.036419,19.950241,18.998734,19.589514,20.486057,19.441196,19.372696,21.448128,20.615131,19.476192,20.076029,21.33686,19.135303,19.907482
2044,20.00925,21.410654,20.458344,19.56946,19.689022,21.845663,19.856047,20.173183,19.974905,21.054869,20.161795,21.231,19.5404,21.21487,19.376745,20.584942,20.800718,21.219452,19.469816,20.573051,20.441313,21.531818,19.741064,19.661882,20.868101,20.449028,20.719038,19.52506,20.725779,22.036486,20.836416,19.532234,20.291185,21.46671,20.932468,19.378267,19.971827,21.288748,18.807932,19.003561,21.428413,19.4454,21.643776,19.092697,18.510363,19.296211,18.385971,19.475637,19.621098,19.221384,20.044775,19.806429,19.15268,19.989792,19.257694,20.108538,19.67343,20.85589
2045,21.668423,21.36493,19.966032,20.448978,20.51646,20.295458,19.476208,20.402166,21.785091,21.357649,20.606253,20.187483,20.557066,20.73177,20.914728,21.687843,21.52233,21.327032,21.4485,19.844582,20.645435,20.360159,20.187454,21.248842,21.28645,21.171597,20.893826,21.125626,21.148129,21.736881,20.679691,20.773737,20.993237,21.136343,21.176672,21.68956,21.325148,21.405489,21.162708,21.187248,21.98692,18.901585,20.243286,20.872557,19.478546,19.099127,19.415121,19.927176,19.640646,19.294735,20.241776,20.29028,20.06799,20.939547,19.164597,20.98134,19.193876,20.210163
2046,20.377037,21.626102,20.791681,22.436413,20.09546,21.186668,19.68277,20.503225,20.707775,20.207958,20.829323,20.376898,20.408388,21.459492,20.675024,19.874968,21.347296,21.28321,19.811438,20.993975,20.83265,21.474697,18.979538,20.610458,19.908445,21.383892,20.794533,21.043686,21.27334,21.612123,20.185019,21.38793,22.370474,20.420044,20.092012,21.422531,20.758053,20.782698,20.079906,20.033289,19.526556,19.173761,20.171595,19.30948,20.039474,19.048899,19.336494,19.892225,20.717878,23.217134,20.546814,21.549873,21.710838,20.351442,19.321455,21.01832,19.469286,19.971426
2047,19.844528,21.026834,19.965445,22.136436,20.463547,20.873749,19.78843,21.366932,20.420378,22.427872,19.987059,20.908888,20.063772,21.516212,20.341436,20.343607,20.43601,20.524265,20.388422,20.209026,20.207426,21.44124,20.087788,20.156977,20.467464,21.315292,20.555841,21.211817,21.27444,21.679861,20.820478,20.573853,20.569311,20.73203,20.68686,21.35666,20.551037,21.167912,20.116894,18.923687,20.604698,21.288334,22.077536,20.816738,18.594984,19.357462,18.376255,19.649185,20.17187,20.055944,19.453938,20.500402,20.953583,20.591795,20.069502,21.659197,20.81357,20.2378
2048,21.577574,20.769789,19.970331,20.230947,21.591864,19.777914,19.201344,21.798695,20.548985,21.210587,20.795017,21.208754,20.936628,20.86357,21.229286,20.883923,20.678928,20.654428,20.31873,21.259258,21.64728,20.91109,20.89313,20.538866,19.764202,21.194183,19.783401,20.584633,20.893105,21.952515,20.731367,20.300137,20.420332,22.804005,19.087233,20.074652,20.985668,21.636045,20.64938,20.137672,21.274666,20.083157,20.579147,22.112251,18.734228,18.383684,19.504234,19.384861,19.727118,21.337912,19.60023,21.965889,19.172361,19.64275,21.118727,20.301622,19.727747,19.623434
2049,20.4971,22.606766,21.920204,21.659523,20.136747,20.645252,20.90031,20.49413,21.113745,20.79409,19.409925,22.040201,20.098858,21.347958,20.43233,20.143139,21.063717,21.443804,21.07525,20.57254,19.300846,21.869368,20.384245,20.353472,21.503716,21.059578,20.208652,21.58936,20.75748,22.589365,21.730215,20.555557,21.406076,21.130732,21.448933,20.733032,20.294245,21.694523,20.245832,19.333414,21.832552,20.614485,20.447063,19.473732,18.505356,18.593817,19.485023,18.7151,20.842493,20.107092,19.251162,21.44988,19.585367,20.621813,21.823109,21.462135,21.207067,19.610645
2050,21.400291,21.242397,20.418251,21.914743,19.696276,21.585047,20.820059,20.62132,20.417505,21.142574,19.689394,20.29555,19.809801,20.593925,21.976013,19.93763,20.93615,20.903751,20.558882,20.02136,19.298956,21.46087,20.734863,20.364073,20.75393,20.519373,20.437853,21.10587,20.413687,22.384218,19.235676,20.69709,19.589025,22.294886,20.978657,21.644268,20.527271,22.815441,20.308355,20.258177,20.23046,20.911871,20.158262,20.943176,18.562653,19.105782,19.61826,20.068888,19.225584,19.481888,21.600742,22.01502,18.666233,20.499413,20.90341,21.956745,19.29355,20.19595
2051,20.710173,22.02248,20.496847,20.582443,20.908932,21.230526,19.45473,20.754625,21.032116,21.71842,19.89226,21.34878,20.960098,20.270826,20.818766,21.09255,20.14741,21.810965,20.95952,21.230148,19.281368,21.534668,20.410606,20.393087,20.613258,20.78927,21.16072,20.350885,20.741802,21.949993,19.66301,20.59515,21.380072,21.763252,20.910975,21.791664,20.855776,21.930231,18.682459,18.724363,19.965406,22.44151,20.400723,22.333506,18.68222,19.94345,18.629818,18.47158,20.358404,20.90526,20.71996,20.636217,20.032986,20.634796,21.224247,20.607096,19.605772,19.329132
2052,21.597878,21.868399,21.806562,21.225767,20.558413,20.228872,20.68871,21.546621,22.514856,20.522192,20.349249,20.680786,20.554651,20.785328,19.470083,20.642372,20.235308,21.538994,19.638927,21.075537,20.592274,21.491259,19.960268,20.413609,19.320986,20.040062,20.8225,20.468658,20.382065,21.950756,20.126314,20.074707,20.504929,21.21278,19.844204,21.776165,20.239681,20.713503,18.885086,19.766249,20.939316,20.248377,20.702105,21.804306,18.42206,19.581469,19.581387,20.597681,19.197134,19.224852,19.532581,21.330748,20.650581,21.760918,20.126528,20.925014,19.174538,19.166687
2053,21.449919,20.53107,20.631514,22.154783,20.080317,21.35743,20.431261,22.235918,20.923477,20.454151,18.716051,20.791502,19.502926,20.49035,20.05108,20.45285,19.94802,21.166443,20.409704,20.870237,20.826859,21.511126,19.963345,21.213638,20.173302,21.445782,20.402563,20.890524,20.36574,21.68615,21.23307,20.990768,20.623823,21.903183,20.7787,21.345602,21.557898,22.087797,19.40101,20.300562,21.797009,19.535875,22.042227,20.285435,20.005728,19.038183,19.08111,20.581247,19.871521,20.828508,19.201712,20.730444,21.054672,19.756004,20.991924,22.206347,18.474014,20.22917
2054,20.55958,22.649857,22.27695,21.703703,19.518759,20.935959,20.637705,22.862982,20.877644,21.452467,20.681438,20.303726,19.82664,20.223204,22.046772,21.378304,20.717215,22.256859,20.246025,21.500866,20.506908,21.399378,20.992283,20.62409,19.045935,21.952042,19.717936,21.623844,21.051655,21.44158,21.486897,20.904713,20.834972,21.167107,21.369343,21.787045,20.015648,22.05654,19.827707,19.326197,19.447748,20.544481,20.569042,19.558907,19.027529,19.018404,18.983465,20.064606,20.096247,21.406609,20.018093,21.184061,20.191542,20.866402,21.139122,21.968933,18.850595,20.344162
2055,20.671003,21.827494,19.003584,21.802034,19.508902,20.183235,20.860188,20.868551,20.72791,21.474375,19.026423,20.97256,19.913422,21.13045,20.055704,21.425537,21.329987,21.21148,20.904617,19.936468,21.290411,21.085196,19.521082,20.986153,19.62304,21.920403,20.392551,21.585129,21.049412,22.440077,20.947016,19.938602,20.691822,21.922215,20.756426,22.285849,20.629839,21.884075,20.004082,20.243853,20.53375,19.56602,21.405643,21.179127,19.49054,20.09774,19.23967,19.429256,21.276793,20.44697,20.661833,21.775951,18.784157,19.439789,20.729244,21.193047,19.930607,20.185467
2056,21.142899,22.772617,21.92711,22.615736,19.46641,21.296831,20.482748,21.289354,20.61876,21.766203,19.797363,21.099163,21.152473,21.116787,20.806627,21.59593,21.325817,21.753464,19.311825,21.850523,21.30852,22.233437,19.406906,21.428383,20.553164,21.522131,20.387934,20.521147,20.89075,22.691093,20.496906,20.154657,20.50239,21.893984,20.58894,21.757856,19.97264,20.893675,20.675543,21.151798,21.168491,19.487114,21.15043,21.494846,18.214075,19.879543,18.45626,20.19476,20.493595,20.339306,20.78087,21.972607,20.749277,21.033194,19.951096,20.275276,19.001623,19.644802
2057,21.46735,21.139048,21.428543,21.50462,20.149488,20.802,20.258152,21.532293,20.415474,21.197338,21.486269,19.358421,20.75624,20.487738,20.271807,21.20289,20.91126,22.129232,20.459276,22.451525,21.34425,21.270536,20.58054,21.30737,21.003994,21.33384,20.78522,21.565746,21.048845,22.78131,20.158194,20.148294,21.463924,21.98063,20.217068,21.6014,19.086147,21.621183,20.675978,19.78137,21.74223,19.66665,19.869034,20.646454,19.000324,20.274044,19.387415,19.069117,19.643959,20.700382,20.750399,21.84918,20.857153,22.269552,21.737812,20.44018,19.421255,21.201725
2058,20.815105,22.38666,21.371376,20.5327,20.265326,21.663631,20.436464,22.25243,19.91404,20.840227,20.12503,22.399477,20.530396,20.45489,22.312195,19.972027,21.982897,21.63182,20.572193,21.101648,20.392832,21.601162,21.532629,20.03808,21.128698,22.020237,20.369362,21.996943,20.3934,20.210272,20.856522,21.04966,22.149136,22.346954,20.304148,20.861965,19.96506,21.708685,21.374033,20.201046,22.242815,19.197258,22.756907,21.66941,19.608803,19.515434,19.813725,20.405018,20.856884,19.62123,20.05663,21.013367,19.517231,21.505028,19.585035,22.332047,20.100592,20.457663
2059,21.563509,23.670853,20.331316,21.392971,19.71153,20.81353,20.08612,21.841864,23.049631,21.719114,20.65421,20.731104,21.339348,21.252039,20.926544,20.97286,21.140238,21.674223,20.856913,21.325048,20.922178,21.661348,21.444895,21.08698,21.238995,21.090868,21.731491,21.223135,20.795734,22.040098,20.863867,20.89073,22.06925,22.856014,20.18223,20.79919,20.317976,21.722399,19.57201,19.172474,22.689934,19.533525,21.873207,20.844566,18.872808,18.58071,19.470465,20.511353,20.035297,21.085005,19.937532,22.278244,21.075754,21.477985,21.086275,22.17223,19.633991,21.246984
2060,21.709425,22.060373,21.590912,22.154125,19.422611,21.105251,21.304987,21.007137,21.35595,21.66333,20.601603,20.995499,20.715786,20.843782,21.521358,21.316563,20.396923,23.08405,20.095997,20.955122,20.154428,21.957716,20.21748,21.628637,21.159153,22.200981,19.909866,20.994202,20.112991,22.289661,21.593086,20.536736,19.968056,22.42593,21.621178,20.957525,21.136522,22.110233,20.859636,19.33059,22.868494,18.741344,18.26444,20.257696,18.925968,20.02778,18.841616,20.21923,19.669065,21.530579,20.716545,21.048063,20.180859,21.5506,20.476202,20.670105,19.897715,19.540667
2061,21.488798,20.978502,21.638588,21.011787,19.394487,21.033354,20.96863,21.695644,21.457085,22.37531,21.128496,21.668236,20.691078,21.385159,21.8189,20.71953,20.505434,22.277355,20.634478,20.608276,20.251278,20.96204,19.94736,20.64014,21.077122,22.785213,20.413464,21.74571,21.417383,22.979868,20.593885,20.836718,20.677181,22.969816,21.319511,20.23762,20.766422,22.254843,18.370155,21.175095,22.182644,18.475176,20.91283,22.707869,19.335857,19.964582,18.17283,20.745872,21.311317,22.211657,18.956144,20.898464,20.843336,21.190575,21.007582,20.24738,19.492931,21.097954
2062,21.949419,22.478865,20.999498,22.354538,20.269773,20.262077,20.768984,21.589893,20.616972,21.5501,21.124117,21.412384,19.999245,21.034914,21.54689,21.56208,20.792059,21.065067,19.957594,20.823118,18.63175,21.733253,21.586893,22.127874,20.840221,22.41329,21.597502,22.282701,21.809572,22.406336,20.500877,21.551056,21.167337,22.660404,20.825438,21.52272,20.865646,22.509687,18.957745,20.879845,22.147804,20.10741,19.178593,20.881472,18.68918,19.604898,19.137114,20.681742,18.961864,21.071653,20.988857,23.30434,19.587032,21.184523,21.750355,20.914013,19.371607,21.181065
2063,20.736225,21.662096,21.814402,21.588726,20.128496,21.851765,19.696218,21.184198,21.836287,22.0276,19.962523,21.398924,19.522093,20.771042,22.201935,20.533834,21.395412,20.998909,20.467552,21.256598,19.564035,21.379044,19.569847,20.366203,19.497993,23.405386,20.290684,21.130295,21.476124,22.016254,20.531204,22.015888,21.368107,22.533579,20.325083,21.664345,21.28244,22.437906,18.62824,18.401735,20.230522,21.566353,19.10944,21.065042,19.345905,18.844276,18.545288,19.986914,19.418072,21.335583,20.918043,22.851181,21.28448,20.847187,22.223982,21.155996,19.988607,21.27369
2064,22.255545,21.988413,19.806135,20.89955,19.882236,20.669868,20.534853,22.348343,19.623137,20.998667,20.934698,22.04159,20.607899,20.907803,23.513985,21.10987,20.949589,22.462748,19.732244,21.886044,21.52578,22.544163,18.78103,21.03481,20.414614,21.898914,20.673681,20.898518,21.65471,23.039318,21.040945,20.63954,21.183788,21.90527,19.837774,21.339254,21.07193,22.904768,19.07737,20.798834,22.323618,19.120724,23.127525,21.725227,19.798954,19.632467,18.920607,19.920944,20.874126,20.326006,20.620207,21.48772,20.600327,21.373323,21.307842,21.394424,18.798475,20.751
2065,22.619164,21.69593,21.802519,22.325314,19.875767,20.47679,21.124992,22.205475,20.85584,20.63203,21.004526,21.073858,20.908794,20.770197,21.20694,20.764343,21.028654,22.882864,21.262821,20.876543,20.855318,22.194588,21.214924,20.30895,20.707537,22.306995,21.27261,22.012617,22.258308,23.06648,20.825119,21.122005,21.662569,22.576933,19.990147,21.46493,20.979614,21.761538,18.463657,20.08345,22.449488,19.858187,21.5933,23.33491,19.481161,19.36181,20.10089,19.428516,19.813887,22.24369,19.930124,20.98253,20.027277,20.881052,21.223309,21.938404,19.274275,21.387253
2066,21.84143,23.667633,20.974382,21.995111,20.017895,20.58922,21.135645,21.989689,20.896572,21.640047,20.595236,20.83382,21.42982,21.990559,21.219307,19.911203,20.935715,23.67842,20.161552,20.523672,21.230083,22.466198,19.672195,21.297134,20.913155,22.045599,20.883162,21.501947,21.767157,21.356585,21.142216,21.805553,21.530088,22.575266,20.204699,21.182663,20.85244,21.55082,19.399324,20.064428,22.391504,19.081478,20.77378,22.214905,19.236881,19.687624,19.08149,19.541828,20.58508,21.657478,20.3836,22.518852,18.850939,20.51839,20.11826,21.766209,19.687904,21.395239
2067,21.66479,22.65917,22.314775,21.061977,20.66103,21.211044,20.041025,23.078238,20.614672,21.847744,19.116228,19.849483,19.87346,21.2064,23.288342,19.67635,20.482985,21.299318,19.230036,20.887756,20.681128,22.729412,21.401596,21.332195,22.04554,23.176046,21.007725,22.342352,20.425037,22.03763,21.19362,22.080488,21.266354,22.081821,21.432941,22.073277,21.237165,21.699312,17.278746,20.730381,22.514135,21.321785,18.751839,21.466864,19.975937,18.715034,19.615595,19.433996,19.293695,21.33722,20.718029,21.4771,19.88083,20.767712,21.588337,21.682806,20.46134,20.1837
2068,21.15457,23.115768,20.266867,22.879486,19.457516,21.176874,20.07216,22.148645,21.180975,22.083126,19.900978,21.974886,21.404299,20.835676,22.783747,20.935162,19.83009,21.542542,19.631891,20.71393,20.79228,22.34146,20.410074,21.474134,21.88674,21.92427,20.82604,22.039686,20.883547,22.391632,20.652939,21.037275,21.335451,23.041447,21.083975,21.732744,21.889406,23.280962,18.99145,19.978605,21.206257,20.207436,20.776712,23.242834,19.953438,18.791046,20.924883,20.894207,19.402044,22.312096,21.527042,21.32846,20.697515,19.557816,19.487747,21.103426,18.478436,21.295609
2069,22.07118,22.004969,20.997503,23.094656,20.032135,20.902683,21.002426,21.962069,20.470873,21.759464,18.913937,20.730583,20.698061,20.684792,22.588455,21.093382,21.372078,22.840544,18.179878,22.063694,20.87778,22.54874,20.747377,21.559061,20.868658,22.521605,20.027725,22.256067,21.90399,22.958805,20.346373,21.52295,22.237827,23.010244,20.578064,21.902008,21.41081,22.724052,19.896984,20.679762,21.794317,19.97996,21.036081,21.586624,18.760416,19.63517,19.778439,19.828175,19.003649,21.220133,21.01746,23.082052,20.160679,20.885729,18.555655,22.104475,20.338377,22.217344
2070,21.520994,23.18101,20.1895,22.462585,20.334631,20.206068,21.24068,21.62911,21.401562,21.29488,20.615158,22.450394,19.463156,21.929705,22.287289,20.374622,21.581451,22.827484,20.311907,20.370209,20.950504,22.82758,19.325056,21.64657,20.736866,23.370283,19.971268,21.860384,21.970707,23.49549,19.872644,21.238638,22.33463,22.289137,20.389864,21.439283,21.361687,23.63687,20.027557,18.756262,21.44534,18.42083,21.078938,22.51267,18.79482,19.384796,19.275965,20.771933,19.79882,20.791668,19.204332,23.388296,19.41429,20.325932,20.133635,22.015099,19.676996,20.015543
2071,21.277678,22.52765,21.99861,22.036615,20.428673,20.58675,20.72046,22.072195,21.727018,21.479832,20.871002,22.278292,20.271444,20.016981,21.87623,21.033995,21.808676,22.805613,18.903633,21.482527,21.59764,22.69082,19.74937,21.296808,20.852661,23.331245,19.718777,20.773724,22.096344,23.034075,19.597782,21.839325,21.7517,22.574848,20.11577,21.650877,20.867332,22.07666,19.867111,21.490265,22.217897,20.398928,20.6181,22.072678,19.165277,19.197126,19.694567,20.60213,20.414888,20.52757,21.5113,22.179415,18.745169,21.89401,20.621357,21.940329,20.037153,19.778332
2072,21.851686,22.126091,20.048584,21.70792,19.983257,21.536247,20.506466,22.989315,20.682573,22.253956,20.980993,20.930483,20.993477,21.609322,22.06444,21.712055,21.06567,21.650135,20.0765,21.545454,21.164474,23.494678,20.490673,19.467588,22.449133,23.174612,20.616367,20.590488,22.387835,23.296024,21.363733,21.44629,21.59745,22.754105,20.741692,20.158157,21.086496,23.562246,19.326418,21.566372,22.857092,21.406122,22.047716,22.57231,18.954056,18.8631,20.28865,20.554949,19.430391,21.05535,21.94162,22.034801,19.597628,21.11508,19.33787,20.684809,20.343987,21.242006
2073,21.24166,22.546097,23.017633,22.758615,20.760397,21.253075,20.722136,22.116457,20.326937,21.486588,20.583252,21.514917,19.954048,21.666798,22.44369,20.363787,21.839146,23.35421,19.911528,22.189714,21.398682,23.462877,20.52266,20.456669,21.179657,23.685076,21.12988,21.550106,21.614431,23.827002,21.134857,21.883999,21.358025,23.30664,21.057129,21.40236,20.979023,22.217272,18.973095,20.286043,22.059305,20.803455,20.522982,23.076025,19.562037,19.225828,19.631927,20.889002,19.903429,21.415424,20.723328,22.342028,18.84619,20.797913,19.837412,21.66684,19.875666,22.185526
2074,20.510063,23.264675,21.081757,22.90256,19.876022,20.736223,21.450304,22.550785,21.309305,22.560795,21.177216,21.667435,19.69798,21.014235,22.376934,21.069927,21.216663,23.674877,21.420395,21.487549,21.101593,22.19752,19.916843,21.007904,20.972527,23.810093,20.549488,21.857267,22.468159,23.69543,20.699024,21.983286,22.382896,23.193604,20.662365,20.540207,21.612955,23.171938,18.884293,19.789139,21.18381,18.683157,19.842653,22.27864,18.150484,19.779562,19.983435,20.187544,21.04882,20.66258,21.368502,21.987434,20.04623,21.338879,19.660198,23.017729,20.524035,22.230602
2075,20.309433,24.164932,20.939257,23.017857,19.52729,20.135046,20.775175,22.361483,20.247557,21.540464,19.857115,21.21567,20.891344,20.707409,23.163158,19.988106,22.45511,22.531057,19.95308,21.047102,21.84681,22.245861,18.587433,20.930769,20.944187,22.674162,21.02308,21.277695,22.322693,23.51143,20.894213,21.550398,22.056904,23.40087,20.769394,21.585331,21.776485,22.781633,19.511547,21.862438,21.671452,20.455772,20.710924,22.47996,18.945,20.149649,19.86601,19.982203,19.46886,21.950525,20.765358,22.221073,20.362669,20.685457,19.98493,23.131615,19.5371,20.409996
2076,20.545279,23.729769,23.25804,22.866283,21.175198,21.410376,22.034533,22.184246,20.76321,23.459187,19.904222,22.655828,20.795673,21.351078,22.663443,20.120586,22.20078,22.96331,19.664669,21.253557,21.472612,23.004648,20.573626,20.344275,20.49082,23.015245,20.093672,20.91794,22.256634,24.00171,20.228884,21.184454,20.891016,23.42591,20.314638,21.821304,21.241158,24.039309,20.768663,20.675825,22.335997,20.322472,21.195938,22.269934,19.256746,20.2493,20.253199,21.128654,19.684755,21.01131,20.143625,21.98663,19.05495,18.56327,20.94375,22.503632,19.748837,19.834106
2077,21.410763,23.670044,22.526602,23.045794,19.632673,21.05601,20.896595,21.657137,21.495228,22.471924,21.182196,21.649563,20.574545,21.435822,23.241968,20.838978,21.658714,23.356668,20.040382,21.339592,20.648832,23.53282,20.788408,21.600838,20.685013,24.131573,21.409872,21.922626,22.386429,22.289074,20.756876,21.387428,21.60145,23.848766,21.36861,21.735159,21.466253,21.456242,19.857891,20.961435,22.611187,17.804195,20.09352,21.548655,19.227453,20.992544,19.764252,20.268682,20.356905,21.32788,21.261053,23.2847,20.438913,21.533077,20.101427,21.95602,19.24982,20.370962
2078,21.335243,23.3894,21.453487,23.470627,20.274023,21.179846,20.706495,21.75537,20.555674,22.366997,20.913685,22.34651,19.814066,20.280256,23.33634,20.624601,20.720001,23.39916,21.16379,19.878454,21.165882,23.738272,20.791328,22.528362,21.297321,23.39191,20.425337,21.80496,22.533773,23.58909,21.26102,21.88023,21.781233,23.668335,19.904863,22.090092,21.598215,23.457073,19.315048,20.667126,21.366457,18.263084,20.5076,21.139755,20.555162,19.859089,21.626795,20.011671,21.445055,22.008629,22.884253,23.762392,19.990637,20.69882,19.742712,21.832472,20.132374,21.147282
2079,22.487871,22.951368,20.402512,23.452507,20.375513,22.064651,22.152695,22.937786,20.472383,21.54774,20.074585,22.4668,20.6997,20.819723,22.688423,20.540644,22.096869,22.011126,20.654623,20.268238,20.153364,24.239313,19.564667,20.378908,22.031406,22.140133,21.30928,22.348814,22.100231,24.678686,20.663597,21.642843,21.31246,22.908848,21.00769,20.974802,22.0313,23.735315,19.34456,20.904293,23.254242,18.996786,21.396564,21.309008,18.115826,18.902185,20.594902,20.751812,21.093882,21.677017,22.728909,23.916027,19.96093,20.00184,19.807934,22.72491,19.166788,20.874588
2080,21.862404,23.768,21.29984,22.004602,22.091303,21.353176,22.504593,22.894733,20.903873,23.047739,21.813929,22.28665,21.011927,21.418644,21.732609,20.343834,21.200846,21.820145,21.018835,21.458113,20.544945,23.344915,20.23643,21.261482,21.826689,22.672943,20.355795,21.350222,21.687553,24.335295,20.391981,21.286894,22.725214,23.184883,20.411264,21.62942,21.709713,24.048174,18.720371,19.30933,22.98916,18.689745,22.645208,23.490479,19.875767,19.690014,19.58319,20.803389,20.674242,20.858006,23.432043,23.023972,18.801027,20.127373,20.58968,23.523136,21.10086,21.22882
2081,21.616453,23.945053,22.210747,23.232697,19.369429,21.41009,21.124414,22.862595,21.041334,22.517725,19.152859,23.076433,20.27525,20.845016,21.62581,20.75597,20.879915,23.813314,19.932478,22.182083,21.419882,22.848602,20.072714,20.846918,21.423151,24.077642,19.83969,20.797293,21.743511,24.025614,20.116068,20.844143,22.60821,23.556425,20.218105,21.718798,21.423555,23.081362,19.24786,18.501522,23.319872,19.852926,20.305405,22.602858,19.177671,19.795494,20.489342,20.124096,20.647629,20.06782,22.55327,21.993975,20.04855,22.106186,20.676159,24.060255,19.273602,21.091938
2082,22.625954,23.824972,21.992428,23.201612,19.367212,21.004807,20.849567,23.230667,21.41721,22.778107,22.209255,21.855976,19.139656,22.01893,22.249983,20.295307,22.655025,22.69553,20.13142,21.669209,22.063131,22.1573,19.397568,22.768457,22.187563,23.091396,19.837656,21.225006,22.745459,23.796558,20.12969,21.483046,22.439762,24.51198,20.598963,21.600761,21.46667,22.959406,19.01126,21.383202,23.057297,18.901575,20.534681,21.61298,20.15167,19.96462,20.26168,21.460714,19.57836,21.179256,22.068077,22.824125,19.207825,20.329275,20.055397,24.103764,19.63369,20.779821
2083,22.828117,23.626427,21.197027,23.733936,20.45605,22.014652,21.841673,22.349453,21.5294,22.302538,21.374151,21.813078,18.648487,20.832937,22.286137,20.562382,21.902538,22.795012,18.618408,22.26516,21.43103,23.435602,20.015926,20.275452,21.79021,23.620098,21.698606,21.519844,22.13491,23.91505,22.13572,21.211428,22.4594,24.006739,20.5765,21.02221,20.858213,23.119345,18.902988,20.866278,22.400936,20.24624,21.604939,23.910288,19.766218,20.617788,19.701859,20.76238,20.197073,21.316069,20.826889,23.111326,19.92004,20.95599,19.591831,23.044155,20.435867,22.176016
2084,22.410969,23.39369,21.965445,23.52031,19.359335,20.8723,21.980965,22.184378,21.140207,22.4158,20.245752,21.62965,20.713408,21.587803,22.290438,21.264185,22.16779,22.792637,19.523458,20.81433,21.89391,22.806557,20.413092,20.976837,21.822535,23.509554,21.451668,21.473679,22.595713,24.151415,20.9682,21.644102,21.67049,23.837534,20.298794,21.49109,21.489351,24.49909,18.993622,20.562265,22.503714,20.744156,21.666916,21.979399,19.043293,19.477634,18.968279,19.413853,21.08041,20.364738,20.578348,22.679405,19.498695,21.517569,20.459179,23.54863,21.136364,21.037888
2085,21.61181,23.135462,21.121145,22.693933,20.609936,21.46619,20.728094,23.21911,21.379362,22.08481,20.659716,24.01356,20.137774,20.991728,23.234833,21.285435,21.156664,22.808722,20.353197,20.893839,21.704552,23.832144,19.554922,21.759188,21.08248,23.711683,20.606436,21.49385,22.074547,24.868834,20.517342,21.910637,21.2234,24.51734,21.497995,21.129547,21.170938,23.928268,18.763483,19.996422,24.346106,19.17929,22.025394,22.280111,19.862465,19.67722,19.095064,20.818626,20.103214,21.305235,21.424124,24.4615,18.877335,22.458582,19.987741,23.605038,19.68698,20.56537
2086,21.509148,22.760576,20.0821,22.993683,19.85463,20.826239,21.886797,22.332916,21.708786,23.410442,21.488083,21.030466,19.406038,20.226967,22.87861,20.799042,20.667568,23.11243,20.153612,21.149645,21.02545,23.946861,20.185472,21.899754,22.322092,23.256025,20.938932,20.94534,21.842766,25.421213,20.400478,22.36571,22.931675,24.688854,20.918423,20.18068,22.9402,22.806602,19.425323,20.639996,23.391056,20.754446,20.487497,21.718887,19.081167,19.488773,19.762184,21.79587,19.964842,22.982908,21.417454,23.68312,20.117754,20.512423,19.497545,22.787447,20.424023,21.202572
2087,23.14554,24.90233,21.688707,23.71839,19.950804,21.458315,21.019388,23.044296,21.382328,23.613974,20.72003,21.937733,20.680527,20.628345,22.932236,21.05955,21.762932,23.427784,20.684666,21.134491,20.379335,23.317533,19.94141,20.425812,22.04736,23.696945,20.139648,21.49765,23.475624,24.35994,20.919579,20.771526,22.623037,25.465197,20.384096,23.230453,22.50914,22.908133,21.090286,20.526768,23.35342,19.831078,19.134752,22.773064,19.648735,20.556824,20.967394,21.40003,21.491379,21.82749,21.867323,22.099678,20.63059,20.62639,19.366732,22.998735,19.166225,21.664825
2088,21.41736,24.2086,22.062996,25.443909,19.387379,20.308964,21.056152,22.365696,21.779762,23.149754,21.167406,22.377434,21.520025,22.191494,24.511366,19.67227,21.229307,23.984331,19.694262,21.34802,20.980602,23.168976,19.999996,21.132511,22.641573,24.458647,20.865183,21.925802,23.043716,24.581764,20.571283,21.342112,21.789547,24.439054,20.87849,21.073736,22.439754,23.674852,19.827684,20.82446,23.216974,19.844862,19.794312,23.091024,18.708529,19.159418,19.434109,21.061466,20.232645,22.08247,21.678688,23.507626,20.335432,20.332937,20.53942,23.460104,18.441774,22.717752
2089,21.624708,24.631096,21.20121,24.381435,20.885618,20.130756,20.52694,22.585749,21.465746,22.852303,20.67031,22.111172,21.02599,21.507286,22.978222,20.462917,20.035767,22.086336,20.023283,21.115223,22.036922,23.97637,19.450394,20.858837,20.77314,23.823772,21.123734,21.81028,22.897938,24.986532,20.71085,21.7379,21.396624,24.473572,19.647068,22.274588,21.775831,23.073286,20.083992,20.244963,23.089228,20.925938,20.644953,23.232924,19.081696,19.518854,20.940567,20.442465,20.027649,21.0808,21.302042,24.533268,19.834803,21.532467,19.780598,23.54996,19.421766,20.896221
2090,21.625303,23.925413,20.909788,23.08921,21.70025,21.725506,21.619024,23.515541,21.29942,22.96246,22.55561,22.645445,20.189947,20.82879,24.174362,19.392172,20.560463,23.353275,19.137627,20.733963,22.339663,23.8765,20.467909,21.839006,21.640059,24.063833,21.301449,22.24968,22.453287,25.78928,20.627298,21.891647,22.177393,23.658258,20.39337,21.33807,20.383928,22.537134,20.221119,19.83317,22.457363,19.123276,20.613525,23.894676,19.888124,19.55539,20.478819,21.545761,20.870039,20.87563,21.350004,23.486452,21.469543,20.382885,19.576258,24.58024,20.433355,21.795996
2091,21.1523,24.177727,21.303291,23.807356,20.317633,20.51817,21.30463,23.859179,20.772367,22.78961,20.899551,22.79118,20.668379,21.349377,22.88031,21.666746,21.330595,24.292063,19.891237,20.60765,21.188808,24.986094,20.221977,21.338371,22.359861,23.860163,20.65425,21.59675,23.378757,25.03951,20.438213,21.177353,23.239601,25.472893,20.026453,21.91085,22.09165,22.88476,18.939526,21.415638,23.311077,20.108223,20.127468,23.317003,18.709515,18.917326,20.805393,21.813852,20.659754,20.960037,22.10313,23.585485,20.422344,20.772903,20.673777,23.063677,20.443882,21.554743
2092,22.745623,24.184885,20.827063,24.883297,20.169216,21.021936,22.046309,22.471445,20.84424,23.09225,21.072569,23.477423,20.453718,20.349123,23.132883,20.918713,21.09404,23.387024,19.499395,22.334959,21.739607,25.177725,20.465515,21.487272,21.935555,23.478346,20.753134,21.1267,22.61019,25.117321,20.644693,21.204258,22.677017,25.085682,20.431705,21.138096,21.709665,23.771765,19.330326,22.493597,24.157145,19.317728,20.069483,21.947063,18.598577,18.749954,19.523434,21.27538,19.903969,23.176641,21.375235,23.079,19.632988,21.417614,20.550789,22.89137,20.756186,20.92172
2093,21.729876,24.586958,21.983297,23.604874,20.59693,21.089598,21.913092,23.668108,21.959362,24.37946,20.050024,20.974642,19.442577,21.697521,24.060486,19.084148,21.563742,24.710196,20.3468,21.892725,22.148802,24.890335,20.19343,20.998539,21.704493,23.776527,19.445896,22.098621,21.906855,24.623398,21.063498,21.718254,22.644743,24.08875,20.689638,21.678553,22.303755,24.343996,19.876905,21.88157,22.340042,18.170477,21.659231,23.90715,19.55957,20.727148,20.153585,21.894712,19.868055,22.055256,21.880135,23.742266,19.920773,20.636274,20.116066,23.070934,20.240456,21.690334
2094,21.940592,25.792711,21.386284,25.496168,19.262035,21.029974,21.779226,23.912657,21.08198,23.160261,21.238646,23.37872,20.455824,21.568937,23.272856,19.98388,21.195887,24.48757,20.604868,21.038221,21.783108,23.372044,19.879648,21.646374,20.593971,24.353504,19.578403,22.59883,23.515087,25.155703,20.890991,21.330553,22.186924,26.067568,20.495472,21.933842,23.166697,24.37957,19.816322,19.535992,22.976921,19.418056,21.767994,24.92266,19.662863,20.019142,21.259418,21.56576,20.76483,21.605316,21.422382,25.443398,19.844124,20.475477,19.650074,22.92474,19.940287,21.618172
2095,22.239613,24.944891,22.321241,24.160973,19.905952,20.564646,21.271748,24.502443,21.031082,23.425262,22.342184,23.830786,20.640705,21.135113,23.857521,19.697643,20.978811,24.324015,19.335003,21.545954,22.163746,24.096054,20.737595,21.201277,20.9857,23.322256,20.58125,22.278423,22.787588,24.559753,19.65723,21.468678,22.290419,25.128115,20.678104,21.316021,22.056866,23.62045,20.104631,21.065485,23.257902,19.072847,20.34313,24.17748,18.873207,19.748648,19.993872,20.927866,20.069283,21.434656,22.63957,23.40198,18.940683,20.38792,20.189903,23.390171,20.332293,20.299059
2096,23.836391,25.651152,20.652441,25.308163,20.638445,20.669048,21.090094,23.208807,20.90634,22.716244,20.126202,22.910162,19.2249,20.579836,23.619282,20.640753,21.404034,24.935972,19.517664,21.35889,22.728947,24.052,19.736813,21.811846,21.86551,24.803568,19.909204,22.331785,22.894417,24.83747,20.882883,22.246847,23.420582,25.604126,19.605288,22.132856,20.818712,23.326687,19.644758,21.09032,23.960144,20.28588,21.040863,23.933355,19.670261,19.567945,20.337019,21.231335,19.277884,21.263584,21.730495,23.393654,19.942518,20.01011,19.891897,23.941345,19.114351,22.157251
2097,21.984634,24.550303,21.848904,24.513796,19.264027,22.534586,21.247911,24.433056,21.125223,22.616203,21.394417,21.706059,20.021559,22.349188,24.179752,20.3665,21.944855,25.804424,20.43697,21.84821,23.078802,24.4189,19.876137,20.845812,23.022453,23.896765,20.63966,21.358505,22.535673,25.287664,21.845232,22.2354,22.880873,25.308596,20.15806,22.091963,23.243402,23.820213,18.066032,21.940147,23.432737,20.387806,20.974304,23.194504,18.709677,19.292381,20.48013,20.557558,19.646843,21.986284,22.919409,23.88424,20.38131,19.98305,20.197834,22.841585,19.40253,21.481928
2098,23.056276,24.402851,21.55964,23.915537,19.289707,22.769396,21.714405,22.257969,22.22011,24.165676,21.458498,23.496815,21.36361,22.094856,24.187656,21.099106,21.814741,23.348114,20.768488,20.782991,21.410282,24.935612,20.3161,20.81904,21.13701,24.464151,19.448082,21.049368,23.33828,25.991867,20.243958,22.040998,22.306831,25.398983,20.084232,21.959782,22.196033,23.860924,19.2066,21.20948,23.042759,20.436094,19.321375,21.719534,19.205877,19.274141,20.716146,22.583668,20.57837,20.122107,20.963442,23.797722,18.233074,20.708399,20.894882,22.759321,20.014523,21.123774
2099,21.75638,25.006039,22.078196,24.074553,20.304241,20.581553,22.003433,23.966478,21.111565,23.734726,21.646116,23.216957,20.705404,21.98581,23.986046,20.20071,20.365128,22.832638,20.49248,23.05932,22.359177,23.724615,19.799994,21.551079,21.913162,24.560625,20.873922,22.505371,23.408934,25.993715,20.236315,20.107132,22.710106,24.895472,20.497526,22.747833,22.941877,25.057858,20.628181,21.216597,23.59758,19.618294,22.131676,24.281399,20.121437,20.215195,20.432615,22.174036,19.789604,21.377151,21.535896,23.13156,19.971329,21.489506,20.71107,22.953856,20.077547,23.39012
2100,23.029543,25.331863,21.342953,23.585138,20.601288,20.258966,21.877895,21.95734,21.002417,22.812609,21.255556,23.034773,20.459862,21.28852,23.87691,20.071693,22.111488,24.04577,20.322514,20.788,21.975857,24.018578,20.15356,21.078299,22.779451,24.6399,21.60567,21.732553,22.472565,26.212439,21.445555,20.353369,23.416967,26.003649,21.040287,0.0,0.0,0.0,20.661598,20.497458,24.661827,19.359592,21.124966,25.13574,18.829432,20.01649,20.995289,21.305555,19.730259,20.873621,22.011818,23.985989,0.0,0.0,0.0,0.0,20.032503,21.522146
