year,BCCA_0-125deg_pr_day_ACCESS1-0_rcp45_r1i1p1,BCCA_0-125deg_pr_day_ACCESS1-0_rcp85_r1i1p1,BCCA_0-125deg_pr_day_BNU-ESM_rcp45_r1i1p1,BCCA_0-125deg_pr_day_BNU-ESM_rcp85_r1i1p1,BCCA_0-125deg_pr_day_CCSM4_rcp45_r1i1p1,BCCA_0-125deg_pr_day_CCSM4_rcp85_r1i1p1,BCCA_0-125deg_pr_day_CESM1-BGC_rcp45_r1i1p1,BCCA_0-125deg_pr_day_CESM1-BGC_rcp85_r1i1p1,BCCA_0-125deg_pr_day_CNRM-CM5_rcp45_r1i1p1,BCCA_0-125deg_pr_day_CNRM-CM5_rcp85_r1i1p1,BCCA_0-125deg_pr_day_CSIRO-Mk3-6-0_rcp45_r1i1p1,BCCA_0-125deg_pr_day_CSIRO-Mk3-6-0_rcp85_r1i1p1,BCCA_0-125deg_pr_day_CanESM2_rcp45_r1i1p1,BCCA_0-125deg_pr_day_CanESM2_rcp85_r1i1p1,BCCA_0-125deg_pr_day_GFDL-CM3_rcp85_r1i1p1,BCCA_0-125deg_pr_day_GFDL-ESM2G_rcp45_r1i1p1,BCCA_0-125deg_pr_day_GFDL-ESM2G_rcp85_r1i1p1,BCCA_0-125deg_pr_day_GFDL-ESM2M_rcp45_r1i1p1,BCCA_0-125deg_pr_day_GFDL-ESM2M_rcp85_r1i1p1,BCCA_0-125deg_pr_day_IPSL-CM5A-LR_rcp45_r1i1p1,BCCA_0-125deg_pr_day_IPSL-CM5A-LR_rcp85_r1i1p1,BCCA_0-125deg_pr_day_IPSL-CM5A-MR_rcp45_r1i1p1,BCCA_0-125deg_pr_day_IPSL-CM5A-MR_rcp85_r1i1p1,BCCA_0-125deg_pr_day_MIROC-ESM-CHEM_rcp45_r1i1p1,BCCA_0-125deg_pr_day_MIROC-ESM-CHEM_rcp85_r1i1p1,BCCA_0-125deg_pr_day_MIROC-ESM_rcp45_r1i1p1,BCCA_0-125deg_pr_day_MIROC-ESM_rcp85_r1i1p1,BCCA_0-125deg_pr_day_MIROC5_rcp45_r1i1p1,BCCA_0-125deg_pr_day_MIROC5_rcp85_r1i1p1,BCCA_0-125deg_pr_day_MPI-ESM-LR_rcp45_r1i1p1,BCCA_0-125deg_pr_day_MPI-ESM-LR_rcp85_r1i1p1,BCCA_0-125deg_pr_day_MPI-ESM-MR_rcp45_r1i1p1,BCCA_0-125deg_pr_day_MPI-ESM-MR_rcp85_r1i1p1,BCCA_0-125deg_pr_day_MRI-CGCM3_rcp45_r1i1p1,BCCA_0-125deg_pr_day_MRI-CGCM3_rcp85_r1i1p1,BCCA_0-125deg_pr_day_NorESM1-M_rcp45_r1i1p1,BCCA_0-125deg_pr_day_NorESM1-M_rcp85_r1i1p1,BCCA_0-125deg_pr_day_bcc-csm1-1_rcp45_r1i1p1,BCCA_0-125deg_pr_day_bcc-csm1-1_rcp85_r1i1p1,BCCA_0-125deg_pr_day_inmcm4_rcp45_r1i1p1,BCCA_0-125deg_pr_day_inmcm4_rcp85_r1i1p1
2006,2.7794642,3.5293033,3.8304598,3.5817747,3.5457935,4.040351,3.537459,3.7074022,3.579679,3.7473907,3.0375993,2.8513522,3.6888163,5.019177,3.878901,2.489045,2.874031,4.277388,3.8340707,3.327134,2.9714324,3.2617831,3.2698622,3.9489079,3.7698808,4.187666,3.506227,3.417674,3.298337,2.9095693,3.2503026,3.8906596,3.062281,3.1836858,2.9381094,3.8796396,4.073894,4.2916064,3.2217896,2.901099,4.7912173
2007,3.2663755,4.3395624,4.0230117,2.7379503,3.8718777,2.8215015,3.4371364,3.616179,3.9471073,3.9912348,2.9959133,4.2434354,2.6533654,3.6021426,3.4582727,3.6039457,3.7405162,3.8991625,4.656701,3.010198,3.3986285,3.843452,3.1446664,3.3121388,3.679585,3.5560179,4.018362,3.013278,3.2718148,3.385902,2.7826076,3.8167305,3.4666882,4.0215025,3.9506338,3.1340227,3.4559617,3.504358,3.2434938,3.1279337,3.466372
2008,2.9351385,3.6913867,4.108089,3.5331402,4.0793247,3.6489155,3.4959805,3.401963,3.9636822,3.9600594,4.744765,3.935254,3.213839,3.3807611,4.00283,3.2288039,3.4300392,3.5481527,3.6064491,3.886348,4.5416346,3.6382303,4.11418,3.0823166,3.2811546,2.9969406,3.5887256,3.0233116,3.9030519,3.9077926,3.7893434,2.9492352,3.8752837,3.4729493,3.27883,4.174161,4.0141134,3.7340226,3.625413,3.181659,3.692979
2009,3.6885693,3.9818091,3.725109,3.6663268,3.7682905,4.113805,3.4306786,4.021378,3.6946113,3.7986934,2.8801215,3.6033313,3.6121323,3.3672454,4.8693333,3.8773248,3.7002754,3.213355,4.035533,3.0235262,3.6105726,3.4256423,3.6580148,3.7023478,3.6351147,2.6931365,3.1084108,3.886401,3.5078964,3.185433,4.509839,3.481708,2.9621189,3.4096646,3.1802437,3.2882025,4.5957003,2.7597208,2.8081028,3.70747,3.8349524
2010,3.9604628,3.7399216,3.870652,4.0824914,4.3839664,4.188806,3.152022,3.5551977,3.3776057,4.307468,3.319111,2.8779023,3.471354,5.128473,2.9806244,3.3298306,2.8604226,4.180584,4.043237,3.5942228,3.108009,4.730548,3.693075,3.717455,3.7865384,3.1326313,3.118892,4.0592356,3.8003876,4.040107,3.2986932,3.3452156,2.5701056,3.155653,3.172451,3.3664203,4.445817,2.5126226,4.26087,3.4186065,3.0181515
2011,3.9624643,2.6381412,4.6112313,2.7812827,2.9460943,3.1797366,3.9313653,3.8374858,3.9710119,3.9154916,4.1645265,3.9168499,3.5897722,3.3294318,3.4386966,2.0904653,3.396192,3.485545,3.5873885,2.8416028,2.853503,4.653372,2.8455997,3.8211453,4.4789696,3.931964,2.8153386,3.8741283,3.6000202,3.961837,3.1241393,3.8357623,3.7065356,3.8851824,3.3763273,3.4963927,3.0773063,3.7201214,2.6751158,3.2090802,2.6755958
2012,3.4703412,3.8667011,2.642866,3.2911563,3.2497284,3.5003912,3.5878203,3.3007643,3.3578405,3.615695,4.5008984,3.81257,3.7229598,2.782247,3.8579023,2.8293767,3.8011293,3.1323125,3.4070265,3.0158637,3.1302571,3.414381,3.0046856,4.203112,5.01005,4.003512,3.5294275,3.201202,3.8259003,3.4719055,3.9762537,3.4742856,3.340277,4.0591655,3.678532,3.472734,2.8330255,3.2212775,3.0249665,3.5932689,3.0340183
2013,3.788884,3.0509653,2.696163,4.0670085,3.630256,3.8698337,3.9906807,3.352518,4.939484,3.5778682,4.6112213,4.5512443,2.9306955,2.9958792,3.7757506,4.0871577,3.727229,3.603033,3.6177714,3.7002122,3.094126,3.7809527,3.1323538,2.4791536,3.21324,3.8904595,2.4180067,3.3834143,3.6661043,4.124812,4.3110166,2.6842153,3.456281,4.182228,3.5168154,3.4955459,3.678269,4.0408444,3.4376562,2.9519153,3.946883
2014,3.864005,3.351093,3.3018844,2.7334294,3.4021096,4.1427,3.2308362,3.3385313,3.1287844,3.466536,3.1416032,3.4192352,2.7149704,3.3686147,3.3597414,3.5812378,4.1620345,3.7955074,3.8204927,3.6781614,3.2056491,3.0076349,3.2817545,2.8977427,3.6104689,3.9737906,2.9034748,4.271193,3.9018426,4.024473,2.8139794,3.1932569,4.278287,3.3244298,3.4666173,4.1906753,3.5302866,3.75088,3.2008383,3.361473,3.1337235
2015,3.121258,3.4157765,3.3661785,2.944886,3.8767319,4.406885,3.8965373,3.14266,3.8761847,4.0205536,3.9059784,2.8984153,4.046762,3.5476005,3.3323038,3.1832027,3.76551,4.1833587,4.6353016,4.3779287,4.030027,3.789421,3.1826308,3.5869765,3.3382514,3.510111,3.8220701,4.7620482,2.5677805,3.9386292,4.272184,3.4253318,4.3217845,3.681632,3.102113,3.4318495,4.5036907,3.2940125,3.2278326,3.268518,3.653836
2016,3.598506,3.6678994,3.2700853,4.268532,4.026349,3.3679602,3.7614002,3.302731,3.0912433,3.6942916,3.6928866,2.341314,4.0272207,4.3528156,4.4706697,3.697904,3.8850567,3.7236736,3.5298073,3.3491876,4.0733304,3.3351376,3.7936645,3.1937935,4.112247,3.5905852,3.930406,3.9931889,3.2644958,4.0945115,2.8963234,3.3949957,3.9496622,3.3105352,3.199205,4.0691023,3.982055,3.434747,2.8651838,3.3316479,4.0029793
2017,3.5422342,3.0320666,3.2938657,3.9020343,3.7769635,2.9860568,3.4907055,3.510427,3.3219914,4.0904408,4.7328258,3.8056116,3.3039155,2.5640757,3.8521264,3.9644954,3.1190715,3.6955886,3.5765066,3.3703306,4.422641,3.2107174,3.618583,4.0748506,3.363793,3.2167125,3.4627469,2.6741729,4.15873,3.1557937,2.3654091,3.952323,5.198696,3.59673,3.4928553,3.3374183,3.8498292,4.0618677,3.030609,3.9942153,4.089281
2018,3.3644457,3.5939124,3.6340272,2.4396465,3.9648666,4.1722064,3.8004723,3.908167,3.8141134,3.610709,3.8597062,3.6704037,3.2167988,3.5561907,3.776308,3.8705256,3.4860969,3.9059086,3.3481827,2.8431988,3.7809427,3.3531432,3.3285546,4.178161,3.9973278,3.3608732,3.4296327,4.1006184,3.6273744,3.0254967,3.5105884,4.0584426,3.1345782,4.1257296,3.5241723,4.410083,3.7059479,3.644546,3.425612,3.5693786,3.3650973
2019,3.435449,1.9895563,3.7717907,3.5017693,3.516685,3.8894641,3.0798278,2.8347619,4.671585,2.9218988,3.1934676,3.101203,2.90722,4.1771164,3.0355127,3.4491394,3.3202732,3.9909518,3.8390937,3.8065484,2.9572833,2.6371374,3.7047753,3.241001,3.5834794,3.3618498,3.752515,4.016942,4.8298316,3.7314727,3.867954,3.3716745,4.397574,3.4757137,4.333016,3.367358,4.3373165,3.2365305,3.567611,3.2991154,2.6201146
2020,3.104499,2.9638844,4.766313,3.1586807,3.3136802,4.177612,3.66448,4.3421082,3.8811371,3.2267659,3.61999,3.2715619,4.2170386,3.689809,3.7075179,4.732866,3.105349,3.418867,4.5656314,3.8419535,3.6526415,4.3455887,3.0344648,2.8063636,3.9098396,3.8893304,2.8958411,3.7497997,3.1127894,4.3883133,4.4698167,3.3034987,4.2224956,3.0984244,3.2618933,3.9604292,3.4751475,3.977218,3.6288486,2.9783676,3.2555854
2021,3.7965138,2.9716797,3.7413886,3.130721,3.8116088,3.8372157,3.7856743,4.1912065,3.1852539,4.1872573,3.773287,3.7706666,3.6416974,3.4638238,4.3110743,4.2200375,3.5944247,4.403425,4.15716,3.3112926,3.5734224,2.9107165,2.9762583,3.4634433,4.0788116,3.6199553,3.173535,3.823453,3.4024715,3.7458231,3.5882962,4.3658977,3.95985,3.8145447,3.750181,3.5358686,3.565424,4.613281,3.5168586,3.1599123,3.0106006
2022,3.7913337,3.172444,3.0114512,3.9231932,3.6574676,4.3790627,4.2299533,5.2466745,3.9451475,2.735348,3.7986403,2.604351,4.618373,3.5695918,3.9090881,3.161004,3.325563,3.9364634,3.775234,3.3862588,3.975523,3.6242762,4.1826944,3.9021783,4.0425143,4.300758,3.1023126,3.82736,4.179198,3.0143664,3.802989,3.2849863,4.2694945,3.9985623,3.6547818,5.053976,3.8388069,4.2651825,3.7964056,3.3167179,3.9516735
2023,3.2019315,3.7922003,3.9981716,3.678942,3.9076946,3.8226054,3.737484,3.252906,3.9419641,2.810222,3.7118242,2.9192615,3.7916024,3.333694,4.3011622,3.9166043,3.712159,3.2944577,3.5892649,4.1837583,3.7699664,3.2433977,3.4222653,3.4632194,4.0876837,3.5677373,3.301802,3.3205285,5.26151,3.2525656,3.731862,2.7457132,3.5163143,3.547794,3.0519156,3.884545,3.9244375,2.8930295,3.5556588,4.5058722,2.6375368
2024,3.070125,3.848445,3.3367589,3.559008,3.8037415,3.52532,3.1547482,3.7995818,4.5712276,4.164565,4.084395,3.5065696,3.22681,4.0835576,4.0889597,4.8152013,3.9465933,3.63592,3.957888,4.178243,3.5385025,3.5498755,3.2885685,3.9550686,3.6888702,3.844326,3.1717563,3.2583973,4.626466,3.1244729,3.6425023,3.0356576,4.140306,3.1415286,3.5626886,3.515263,3.9522223,3.9996452,3.1619773,3.874432,3.650319
2025,3.0648685,2.7565653,3.0852354,3.4176643,3.5358984,4.4239273,2.7596247,4.5699143,3.933419,4.3728266,3.3765342,3.662262,3.5937912,3.4308417,3.7786686,3.3565032,4.139724,4.025524,3.9191413,3.4848871,3.795311,3.927641,3.7756026,3.6366866,3.7167532,4.1334386,4.6157517,3.7005029,3.361988,4.494059,4.29771,3.2387428,3.725253,3.6814141,3.829326,3.6272295,3.2397976,2.955406,2.765019,3.8141706,4.2432566
2026,3.4899065,3.3561926,3.9294412,4.2363133,3.4175453,4.3113985,3.3005345,4.0227914,3.6967618,4.671408,3.9558356,3.8283572,2.845898,3.3748126,4.0413823,3.715968,3.5345697,3.0801432,4.238816,3.4695234,3.3832393,3.188732,3.5181274,4.81627,3.2847707,3.686942,4.3102546,3.9067655,3.6158137,3.5764225,3.854607,3.8181827,3.7601302,3.5801272,3.6253312,3.3882232,3.3693833,2.8508139,3.1509771,2.9896166,3.8769844
2027,4.363522,3.7323422,4.287565,3.6974192,4.678929,3.436091,4.5308223,3.5177805,3.0267804,3.4634087,2.8356822,4.4317656,2.3468153,4.5864577,4.1464777,3.5381737,3.9307656,3.3973775,2.3208616,3.9234655,3.9358435,2.5151477,2.5330563,3.0658143,3.2369053,4.6927342,3.3661258,4.2764416,3.857487,4.0049376,3.3747706,3.2305171,3.8236105,2.907201,3.6002476,3.9401457,4.3945584,3.082838,3.729249,3.4932268,4.67627
2028,3.581604,3.3881645,3.5975313,3.7285974,3.6722596,4.0990386,3.818837,4.2182546,3.2313716,3.0378573,3.0491228,4.0471625,4.1866245,3.5821278,3.6897767,3.1406078,3.7778456,3.6313555,3.1653166,3.110731,3.1469398,4.0960917,3.0843484,3.750372,3.451564,4.0731354,3.281368,2.6774616,4.0411882,3.8128114,2.9954824,3.6300743,3.5991282,2.8883219,4.1397943,4.1895504,3.8987844,3.1087332,3.3426213,4.3370814,3.535206
2029,3.4812238,4.477653,3.4264054,4.203142,3.1178184,3.864073,4.46189,4.1425433,3.1970015,3.9143653,3.977217,4.3165307,3.9917414,3.3022685,4.1659055,4.5558257,4.221958,3.3998702,3.6716938,3.4692745,3.071956,3.7208962,3.0391514,3.665372,3.8058565,3.6753397,3.5801501,2.9861584,4.2923646,3.5893972,3.4076033,2.9555092,3.8146553,3.057683,3.6580186,3.3221483,4.0826974,3.3088667,4.477552,3.4986753,4.5024815
2030,3.439969,3.5111592,3.313843,3.6550636,3.7926157,3.9150004,3.3151197,4.086053,3.7242756,3.8463795,2.6016047,4.0461526,4.2706327,3.6083167,4.540319,4.5325356,3.8626413,3.0672126,3.2202513,3.4667041,4.2069883,4.184011,4.117335,3.7450318,3.8393774,3.7218628,4.0504246,4.0299463,3.085105,3.4272053,3.5217245,3.3747687,4.091303,3.2535853,3.2174768,4.2733107,3.6766205,3.4949455,2.9878845,2.8360465,2.8831122
2031,3.581344,3.2646382,3.5167117,4.7440586,3.8907712,4.0765715,3.5092518,4.2250175,3.6234274,4.113829,3.7441862,3.705737,3.4782329,4.734225,2.749384,4.303856,3.2382507,3.0762227,4.035535,3.0318413,4.1022134,3.6380851,3.314269,3.4247603,4.0729218,4.2838154,3.6250906,4.1067867,3.018463,3.7650511,3.6627448,4.1389422,3.938461,3.8575647,3.357435,4.325202,3.2363908,3.8183343,3.7274754,3.1132932,3.2892802
2032,3.40281,3.3468094,3.514896,4.126499,4.7873154,4.108338,3.5874853,3.6809158,4.0980453,4.448288,4.322264,3.7499864,3.1779144,4.526852,4.0278754,4.1109333,3.7514017,3.4510207,3.1560442,4.1380286,4.542818,3.574211,3.9289289,3.4608097,3.6327958,4.445185,4.4906487,4.488344,4.837234,4.3046975,3.4368484,3.666679,3.51182,3.5446239,3.8330884,4.3038664,4.68772,3.6455386,3.105301,2.6730833,3.260196
2033,3.857327,3.2449021,3.1854792,4.345734,3.8466089,3.5145907,4.073067,3.7994728,3.090077,3.6265554,3.5125213,4.478299,3.0107088,3.1051733,4.1138744,3.6449301,4.040585,3.5406804,3.2968345,3.4155037,3.027941,4.210812,2.7473414,3.205832,4.108963,3.5293334,3.7183893,3.6433024,3.6189559,5.0062594,5.1257234,3.0207372,2.8788285,3.7958624,3.369492,3.8569038,3.6008532,2.6690261,3.8594363,3.6593912,3.3116207
2034,4.909391,3.3020191,4.3130484,3.6187098,3.6852682,3.6654825,3.6055987,3.6351483,3.7090986,4.068239,3.8518748,3.477187,2.8570387,3.269566,3.4481254,4.5330024,3.6035936,3.4205303,3.4544737,3.8133836,3.8484933,4.858043,2.8255234,3.4453647,3.2470586,3.4835002,4.139299,3.3119447,4.532819,3.3604667,3.0965872,3.422095,3.7581484,3.4049296,3.7676365,2.962029,4.299548,3.6952329,4.162248,2.6831307,3.080238
2035,3.8745735,3.350778,4.2921705,3.6528459,3.0859,3.7260015,3.5571916,4.059448,3.4870315,3.7310712,3.6591306,3.1367326,3.0367599,5.389017,4.1171336,3.530593,3.199211,3.7127733,3.6774004,2.834711,4.061179,2.907936,2.4762535,4.047601,3.5565555,4.563057,3.9063644,2.780164,2.882683,2.6987414,2.9534924,3.5829198,3.1023247,4.0713882,3.905163,4.2103887,4.09271,3.4102905,3.551102,2.6936984,2.9322493
2036,4.128849,2.9358954,4.210916,2.9503362,3.3635902,2.440362,3.67485,3.0904224,3.95476,3.9679523,3.2023723,4.769985,3.5504537,2.6433506,3.6141677,3.3771887,3.1553042,3.8524334,4.269592,3.5958855,3.359724,3.7012541,2.763591,3.4892304,4.0437655,3.3587668,4.117221,3.4084802,3.4630997,3.9062185,2.7217736,3.6566055,3.2202537,4.169289,3.8943331,4.052772,3.7438436,3.044382,3.1420643,3.115453,3.6576524
2037,3.6143227,3.6185179,4.8109703,2.9911191,3.4413872,3.2693512,4.064285,3.3721032,3.863507,3.104734,3.7131932,3.888819,3.896766,3.0954669,3.99983,2.1036184,3.5101223,4.3119516,3.481471,4.3776603,4.0274467,3.6521559,3.1654675,3.262813,3.5043006,4.1750565,3.8107336,4.11225,4.426542,4.2057037,4.314226,3.5471354,3.2594643,3.367851,3.5769145,4.4614043,3.1742995,3.5471308,3.5570247,3.706549,4.1619663
2038,3.0562782,3.3335745,4.4209485,2.749496,3.9767933,3.7826383,2.903741,4.3423824,3.2988074,4.0475683,4.0362906,3.6601608,3.117549,2.6963305,4.5255017,3.1601582,3.5105724,3.2380137,4.3530707,3.2042046,3.7884762,3.793147,3.0553534,2.8231282,3.9773285,3.4863408,3.192762,3.447211,3.7548923,3.0181892,3.6997337,3.1317172,3.362331,3.2845702,4.130919,3.496041,3.5869896,3.6361012,3.6866207,3.8643568,4.5225134
2039,3.7387905,3.387096,3.188988,4.688127,4.155042,3.1634285,3.881214,3.4556072,4.2203436,3.787593,3.0921328,3.723991,4.308649,2.9707165,3.612381,4.147903,3.5897257,2.5978413,4.5504246,4.4144406,2.7177472,4.456186,4.6030273,3.4583418,3.0253108,3.8746724,3.5868928,3.0436387,3.4446118,3.456203,2.9528806,3.7263236,3.3670473,3.4566753,4.0836,3.3439429,3.0230837,4.5441275,3.8173842,3.8628564,2.9801
2040,3.406222,3.3619032,3.7374845,3.894916,4.2891545,3.1760705,4.8053937,4.3108783,3.808451,3.157908,5.183101,5.109293,4.255475,3.2261603,3.8378706,3.301093,4.1256084,2.50233,3.8923519,4.146802,3.553882,3.2743287,3.4609795,3.8730319,3.0274117,3.103149,4.1817536,3.4036877,3.577806,3.650761,2.9378684,3.4313247,4.941374,3.9063623,3.3893118,3.6836255,4.2880945,2.499096,3.1101854,3.7018116,3.0378656
2041,3.5797946,3.0529099,4.0273557,2.7301965,3.8069267,3.0629752,3.533816,4.068258,4.0146923,3.8407726,3.7094796,4.7360916,3.5568836,4.908065,4.2097116,3.5544176,3.152021,3.4353125,3.1655586,3.0397015,4.186129,3.6818707,3.031666,3.8648548,3.4175355,3.711484,3.400965,3.22459,3.422433,3.0460935,3.7384138,4.785993,4.1757717,3.829292,3.35433,3.794303,3.5316577,3.2888658,3.5720756,3.968963,4.047495
2042,4.493623,3.7235665,3.071051,2.849601,3.8608172,4.143325,4.1006265,3.6942792,3.8272622,4.2704935,5.120805,2.7224112,2.8555741,3.2492213,3.5187507,3.355334,3.7424967,4.0617466,2.8218021,3.944428,3.1593716,2.911567,3.5229182,3.3969681,3.2899604,4.2344007,3.203661,3.676811,4.5726438,3.5425286,4.3979936,3.7331758,3.7757401,3.311495,3.4358606,3.8184376,3.2821238,3.8103561,3.696364,3.190018,3.4332447
2043,4.2792354,3.9600854,4.1466703,3.6705046,3.1187022,3.2736151,3.1733081,2.612854,4.0431004,3.32403,3.9760306,3.3131082,3.5729895,3.9532661,3.7958117,2.3576121,4.018456,3.161257,3.965259,3.082653,3.9215322,3.0547855,3.3656166,3.016546,2.8966684,3.2886224,4.2096868,4.514643,4.1224694,3.6759589,4.36562,3.4624782,4.654043,4.378315,3.8940818,3.7358088,4.127582,3.6007712,3.290931,3.54476,2.7598202
2044,3.7181928,3.4390693,3.1470485,4.727502,3.3973699,3.9990585,3.1699238,3.7788699,3.7327163,2.7756405,3.808766,3.931278,4.113912,2.723793,4.6943283,3.5052896,3.4055197,3.7355335,4.640868,3.9075768,4.593872,3.9171686,3.724579,4.439653,3.765791,3.7294552,3.1131065,3.8615305,3.1901324,4.3143444,3.6784985,3.6483572,4.061969,3.8928375,4.012163,4.336389,5.110281,3.8030758,4.2567325,3.958797,2.9153512
2045,3.2474647,3.192026,4.1804643,4.2976594,4.049014,4.2517357,3.9392085,4.6595526,3.342716,3.8022661,2.7188015,3.5341597,3.7050216,3.9028049,3.7997353,2.461668,4.1580043,3.8054285,4.103828,4.292056,4.93368,2.5620036,3.2050176,3.917058,3.4135635,3.3115857,3.466866,3.273959,3.4414663,3.5250995,3.0507941,3.382395,3.6850288,3.2835417,3.9896524,2.8397553,3.0327816,4.2452893,3.9691594,3.1494844,2.8509066
2046,3.546505,3.7756538,2.998327,3.4672277,3.267812,3.57076,4.550048,4.006445,3.9504468,4.7865653,3.2734933,4.330176,3.7123601,2.7585294,3.7846184,2.9292789,3.0213397,3.261502,4.458635,3.1406372,3.3711283,2.9990056,3.1317053,2.9194245,3.6994538,3.2928355,4.100966,3.722984,4.647952,3.5345392,4.158734,3.7227294,3.703606,3.5530388,3.9518504,3.7039578,4.4253726,3.051126,2.867273,2.921312,3.3546572
2047,2.9307146,4.4246116,4.4283648,4.601538,3.9905145,4.525712,3.8996708,2.9865482,3.2293003,2.948769,2.9727416,3.9746497,3.049143,4.1681175,4.409775,3.809262,4.7608366,2.8447685,3.9369044,3.9364398,2.6374576,2.9744692,4.043996,3.0399487,4.0027866,3.5406835,3.9331543,3.3928478,3.6241896,3.9496925,4.6091585,3.840326,4.2118764,3.7914484,4.2123017,3.2340968,4.46858,3.2756495,2.9841785,2.381603,3.0945451
2048,3.313331,3.4832494,3.4672914,4.344306,3.4085464,3.9543936,3.1846795,3.6074772,3.292074,4.1809893,4.5586944,3.744649,3.5809987,4.187205,4.444827,4.5687566,4.128078,4.3420324,3.8148954,3.4306645,3.8122678,3.628692,2.8721318,3.8372157,4.3014665,4.77663,3.065572,3.6515703,3.452904,4.1331444,4.3749127,3.5897171,2.8749034,3.8315978,3.9293373,4.3870234,3.5599718,3.4976137,3.7808375,2.8768208,4.955698
2049,3.238144,3.582809,3.2924762,4.041099,4.254804,3.7886972,4.1331487,5.0140777,4.196187,3.3000672,5.255134,3.9011898,3.7610185,3.9873655,3.7717295,2.9716477,3.9036908,3.7424872,3.7134964,3.7715993,4.124908,3.738104,2.7638113,3.0004842,3.398917,4.2527733,3.6204622,3.1219962,3.2055097,4.416184,3.4167953,3.9141893,3.0780632,3.376457,4.371368,3.9809976,4.3747373,3.0041587,4.1803703,2.133202,3.9306862
2050,2.5716271,3.6254256,3.2991254,3.2825897,3.0353942,4.191291,3.4534307,3.2880673,4.5382586,3.878909,4.6331267,3.6983762,3.3345325,4.5077014,4.380029,4.363868,3.7470884,2.7742937,4.430382,3.8121526,3.7204325,4.8073277,3.6556294,3.9596922,3.5235245,3.7543,3.2542095,2.3758428,2.9934974,3.4415483,4.0602546,4.0083423,3.8515894,3.574883,3.2225747,4.214355,4.1953716,3.3660166,3.7055485,3.1606789,3.0518246
2051,3.9980733,2.8468888,4.1543736,4.2418594,3.5687485,3.5407572,3.1656346,3.5768952,4.355944,3.211484,4.3539352,3.4729705,3.6168303,3.1636572,3.9609425,4.003776,3.7190619,4.3165703,4.071808,4.4560013,2.9460733,3.3658068,4.2804685,4.5734305,3.1291256,4.3176265,3.9155738,2.5806177,3.4239533,4.2645016,4.691747,4.8208203,4.0167146,3.6886525,3.41707,5.044945,4.2359066,3.0130763,3.882855,4.0655828,3.5099823
2052,3.8115115,3.1104863,3.8872375,5.127199,4.1765275,4.2695746,2.8017244,4.1706038,2.943074,3.2171257,4.8198495,3.653102,4.1140428,4.058022,4.1893053,4.0137057,3.7346797,4.867219,3.5905,4.4687433,3.5830324,4.2412925,3.5861225,3.7813427,3.460746,3.7627854,4.600042,3.4581416,3.3764975,3.0962265,4.009368,3.8097029,3.938815,3.6047714,2.9091418,2.7843053,3.7430644,2.4713771,2.9677362,4.595182,3.0627844
2053,3.3712277,4.1079354,3.1139133,3.173945,4.7434587,3.1560922,3.8545172,4.1894455,3.9538908,3.3783062,3.3968349,4.593052,4.251474,3.932101,5.1146784,3.9924803,3.8909488,4.0416427,4.420631,3.4826715,4.6412835,2.7798097,3.9755192,3.5009398,3.6238642,3.3417666,3.2390072,4.683892,3.5837033,3.9810789,3.4851916,3.5728738,4.392559,3.5926294,4.0296483,3.636309,4.4399104,3.0689702,3.4370956,3.6023395,3.1128225
2054,3.3319347,3.3639421,3.6971729,2.7084038,4.623365,4.189921,3.6551816,2.8152647,3.8304558,4.0938187,4.7648625,3.8162441,3.108528,3.6086113,3.7219625,3.740284,4.4361053,3.2630475,4.172922,3.224724,4.04535,3.4644668,3.4005754,3.2769876,4.2401767,3.8818452,3.8091795,4.805762,3.4089353,4.860345,3.8343935,3.802085,4.796816,3.688427,3.6713839,3.641827,4.2433996,4.309037,3.2673295,4.223166,3.0868275
2055,3.8100615,3.5489643,4.6592064,2.9746082,4.1507187,4.5605493,4.1339536,3.7763846,4.279393,3.7502754,4.808209,4.051643,2.684261,4.485657,4.6351624,4.270161,2.8403893,3.891747,2.9460118,3.559508,3.4898417,2.9890757,4.1164827,3.3569462,3.2415469,3.833866,3.273848,4.0235167,4.578148,3.518611,4.624905,3.1813066,3.373247,4.081128,4.095855,3.846723,4.364223,3.7819946,3.1434557,2.6823382,3.4941957
2056,3.4518256,4.2749014,2.7888927,4.2264442,4.2876983,4.152828,3.635148,3.6561687,3.8248224,2.9988592,3.9807343,4.321669,5.150054,3.0694733,3.869174,3.6091046,3.692328,4.459665,3.5422263,3.1611798,4.0921693,3.1756556,4.7507567,3.938753,3.617193,2.9055164,3.7822142,3.2077296,3.4360726,2.6468577,3.1200266,3.5568593,3.7542183,3.0938632,4.2385197,4.4592457,3.5719984,3.0899434,3.7174902,3.0470846,3.1787057
2057,3.5362678,3.8705904,4.149179,3.7800255,3.4219506,3.3194923,4.652319,4.8365026,2.8835306,4.494717,3.8250904,3.8558044,4.382402,4.209004,3.8119366,3.9602656,3.5593917,5.321555,4.056159,3.0949984,4.0652742,4.3245,3.8319783,3.6550355,3.5844724,4.122401,2.4685743,3.6048603,3.66412,4.4475174,3.6582937,3.53786,3.466608,3.2159832,4.392375,3.0583954,3.1543317,2.6056418,3.1163182,3.6864705,3.140058
2058,3.5933838,3.5978646,3.373678,4.3159504,3.8346305,3.5265641,4.791758,4.0949097,2.6459064,3.7981274,3.8826082,3.254192,2.897747,4.131676,4.5041533,3.3898163,2.7708342,2.2282166,3.6103656,3.202296,3.3301787,3.4733236,4.472613,2.5834374,3.8144965,3.1060028,3.179748,3.7528336,4.5612664,4.546974,2.7085032,3.5289106,2.588914,3.4667091,3.474019,3.71879,4.770533,2.935576,3.5504735,3.2027342,3.2580216
2059,4.141104,3.325332,4.9990115,2.9930153,3.5608873,4.001861,3.1338758,3.3372808,3.7447677,4.696606,3.8934348,4.0463443,3.270212,4.133979,4.188917,2.0584629,2.9876034,3.9081144,3.4448256,2.8784223,3.3716917,3.5320437,3.8433504,3.7078314,3.6196492,3.2786546,3.2315013,4.0653315,3.2824056,4.0846753,4.5079627,4.4367642,5.125959,3.5267258,3.685055,3.2803679,3.962167,2.9966276,3.5357351,3.4922874,3.4317698
2060,3.3169754,2.79216,4.1178517,3.5171695,4.2677026,3.9078481,4.061995,3.650325,3.7814972,4.6159725,3.9273813,3.6625934,4.809472,3.7648616,3.8272312,4.0095396,4.539835,4.389852,3.1405911,3.7936,2.887145,3.4921675,3.3614898,4.6229286,4.42368,4.1411314,4.3651567,4.372346,4.6905317,4.1319313,3.3347013,4.037083,4.6892505,4.389603,4.145455,4.3990498,4.463746,3.2739627,3.7764049,3.9920866,3.1883357
2061,2.9523408,4.037087,4.2875137,3.7843254,3.9587288,4.293369,5.1109037,2.8241835,3.6813498,3.1213472,4.3650894,3.9605231,6.343227,3.480546,4.3959694,4.2047043,3.7960193,3.5357428,3.7984843,3.3708398,3.2732308,5.752158,2.5115402,3.1637795,3.5969503,3.3372626,3.5401816,3.5796742,3.2687056,3.319138,2.9556234,4.467523,2.71258,3.4306273,4.419272,3.9388344,4.0152764,3.969843,4.6451755,4.281184,3.2261512
2062,3.2282195,3.341061,4.1063247,4.945501,3.8203137,3.8618631,3.3996193,3.4529018,3.1877892,2.9980593,4.2469506,4.135334,3.7016516,4.400465,5.2610927,4.591453,3.605005,4.0364857,3.0951385,4.651746,3.6473153,3.162252,3.0987206,3.3574553,3.528546,3.3259706,3.4538622,3.7967427,4.135984,3.610057,2.6923926,4.7060595,4.788777,3.468631,3.9150412,4.242297,3.3687375,3.7947443,4.357728,3.2363586,2.9743733
2063,4.15518,3.31624,3.9445388,4.24815,4.5878344,4.053855,4.4088597,3.0293918,3.355534,3.5867753,4.1673975,3.7780647,3.4108062,4.7329783,3.9552004,3.528371,3.7186327,2.5332332,4.985524,4.492774,4.143429,3.4509919,3.8714669,4.335041,3.174023,3.8469088,3.6411998,3.6482568,4.336605,4.1367693,4.5109053,4.9924135,3.8072438,3.5579836,3.7836752,4.3556476,3.295949,4.583494,4.017776,3.6300628,3.4425893
2064,2.880396,2.885578,4.2902465,4.5552874,5.0113726,4.3725066,5.1489754,3.6330712,3.4510548,3.7077484,4.320616,4.0663257,3.3339827,3.084178,3.8058467,4.3787036,2.9757533,4.019668,4.280387,3.146624,3.3770018,3.230494,2.970482,4.2150416,3.2545025,3.2413561,4.1513863,3.92445,4.3321056,3.2055209,2.7592838,2.5111022,3.9915445,3.2363567,3.3451428,3.822324,4.026466,2.9500797,3.5269115,3.4529676,3.5512106
2065,4.711049,4.532719,4.2855134,3.3947074,3.9001408,3.7165127,4.2550063,3.3306367,4.0623417,4.2191286,3.390302,3.5347624,3.855945,2.5992124,4.20641,3.3665667,3.4268951,2.6501687,3.4749043,3.5288484,3.7226312,3.5251899,3.5781863,3.1466463,4.113288,3.13586,2.8417182,3.0751288,3.7416716,3.851124,4.0316844,2.606609,3.9557133,3.6384485,3.6859708,3.468726,4.308318,2.8584101,4.1814966,3.1882746,3.1073134
2066,3.328704,3.9457884,3.5283248,4.171339,3.8826578,3.6778452,4.078383,3.676853,3.3146248,4.4095445,3.7309558,3.3805678,4.0206637,2.8075871,3.934815,3.8084629,3.248165,3.4129577,4.7418423,3.4676723,3.2339935,2.953222,3.5628545,3.7993684,4.347132,3.232447,3.7310612,3.4372895,4.6392546,3.5777776,4.0780606,3.6677215,4.864987,3.2466557,3.832701,4.1435227,4.532234,4.1743803,3.7849798,3.9214528,3.1281447
2067,3.777608,3.1993032,3.5823305,4.5733447,3.277289,4.206928,4.6708736,3.7573013,3.869372,4.210137,4.768244,3.483259,4.247681,4.26964,5.404424,3.7957122,3.828208,3.39316,4.0591497,3.3630793,3.4038076,3.0948462,3.2382944,2.3310487,4.312029,3.9456959,3.5867307,3.5779097,3.7259805,3.6891334,4.0186033,3.7464352,2.9918585,3.8916984,3.8529947,3.0946164,4.0793524,3.170939,3.9332752,3.429633,3.2258878
2068,3.2306957,3.345382,3.536487,3.7681038,3.9859037,3.4828625,4.2610607,3.4871824,4.1258945,3.1116457,3.5297973,2.6355844,4.8428645,5.0972023,4.397462,3.6020212,4.1309204,3.5636148,4.5826254,3.388927,3.5502625,3.6402674,3.2180715,3.268938,3.6981897,3.533901,3.4268892,4.0111246,3.124756,3.9314566,3.9178247,3.5536263,2.9071972,3.8187037,4.047631,3.4240532,3.5284126,4.0244017,3.3681126,4.0634394,2.635947
2069,3.2013345,3.2991915,4.448459,3.9223156,3.5357692,3.8906305,3.5606072,3.911637,4.1308737,3.4909427,4.0780735,4.795235,3.4826891,4.0105467,3.787909,3.7599902,3.695606,3.6389716,4.2992673,4.0574718,3.354479,3.0014815,3.5497413,3.0947685,4.4340606,3.7775261,3.251169,3.2163057,3.302113,5.1430683,4.186953,4.042627,5.1948767,4.0241613,3.7473562,3.7113168,4.2568154,2.9085348,3.4030638,3.3840568,3.3618295
2070,4.0638576,3.6514192,4.688139,4.6001496,4.1327586,4.142445,3.5314615,4.431772,3.8881607,3.124013,3.9493167,3.5688918,3.6855178,2.284254,3.6945484,4.0621305,3.0218923,3.3464508,4.003223,4.154248,3.7981071,3.568506,2.9507158,3.516078,3.4633121,3.2198231,4.0349913,3.832636,3.3456438,3.536025,3.931551,3.6146266,4.6138263,3.642603,3.9722643,4.130382,3.4355803,4.089486,2.8661838,3.6010525,3.833403
2071,3.6503794,3.565356,3.5717342,4.7939157,4.24168,4.07833,4.4992437,4.3287463,3.6670854,3.0540092,3.9748719,5.5006447,3.5131898,4.7354536,4.603792,4.102354,3.1565802,3.9158902,2.6166046,4.384741,3.0790768,3.5893848,3.0923638,3.336302,3.3792408,4.1513386,3.6886327,3.6824148,3.9887404,3.2730458,3.1074133,3.3903491,4.4049335,3.2677665,4.0016975,3.4683592,4.7735353,2.5312688,3.873812,3.614105,4.260703
2072,2.8958042,3.9771247,4.3145056,4.212002,4.008355,3.7354248,3.9049146,3.8776968,3.4993203,4.110225,3.7018676,3.8275373,3.6143973,4.4539504,4.0727367,4.1054654,3.835354,4.049406,3.1781805,3.5285044,2.8163433,4.1809945,2.984999,3.908528,3.4476538,3.8682258,3.4738233,3.1876297,3.2903724,3.0242548,4.3740788,3.4703763,3.489034,3.5715973,3.718349,2.8026323,3.3415701,3.628404,4.4811645,2.5531135,3.2106452
2073,3.9277198,4.289034,3.4298882,3.920057,4.0018764,3.4992425,3.4648254,3.5366576,3.8806064,3.5617702,4.3840322,3.0563943,4.3325186,2.8671894,3.9184656,3.1529045,4.0956144,3.937238,3.3974185,3.4802558,5.1373625,4.5786557,3.125684,3.823702,3.9232926,3.6348212,3.4401984,3.678489,3.5896819,4.5322394,4.8248215,3.8558185,3.9932458,3.4462538,3.2415497,3.3286605,4.357042,3.3116078,2.718355,3.1610413,2.3827176
2074,3.55139,3.4963112,4.5460453,4.9810324,3.1006339,4.9873304,4.3918242,4.459353,3.125773,3.815891,4.1633134,3.5587742,3.2880218,3.3212974,4.347447,3.8249779,3.5384057,2.6448467,4.083889,3.8355846,5.106418,3.2562964,2.6785102,2.802688,2.7026873,3.3010173,3.8672836,4.1483364,3.884327,4.260947,4.3127446,4.546147,3.567448,3.661975,4.148549,3.4152977,4.0752068,3.313153,3.1427367,3.0992925,2.8686726
2075,3.5039587,3.4347699,4.1409407,4.438126,4.3160815,3.3989275,4.27476,3.6311285,3.956687,4.0742188,4.4248443,4.2093773,2.6869857,3.6857502,3.8296995,3.4522014,3.8877864,3.5157204,3.7289114,3.5164816,3.946224,3.6575143,4.12302,4.4506497,4.2224126,3.7208607,2.9942083,2.991535,3.0412188,3.4131677,3.4100761,4.0312734,3.6057553,3.2459888,3.5229065,3.7123783,3.3357263,2.6387224,3.030182,3.0254524,4.5313997
2076,3.112099,3.4069676,3.529598,4.423275,3.306659,3.905534,4.066766,4.2709403,3.6993144,3.5526845,4.0112443,4.4497066,2.845701,4.342638,4.037148,3.0788531,2.5133166,3.7738583,3.8035574,2.780884,3.2397854,3.6795814,4.162715,4.2233815,3.5591793,4.5268397,3.702445,3.5117056,4.7725067,3.376021,3.0817192,3.313076,4.180762,3.4592924,3.7874424,2.9828231,4.2448993,4.4905715,3.9988115,2.9122632,4.168767
2077,3.2614584,2.9246824,2.9406505,4.289209,3.5768425,3.5942557,5.3384094,4.3944807,3.5204337,5.1320214,4.180853,3.680482,3.063829,3.406273,4.3759646,4.4405885,3.7298777,3.586243,3.6550336,4.783449,3.4856303,3.6809058,3.1388347,4.0263653,3.3191874,4.155354,3.8034248,3.679037,3.4197292,3.6980789,4.0780253,4.077117,5.118092,3.7197134,3.7806141,4.613005,4.137945,3.301471,2.3056643,3.6870506,4.503321
2078,3.3963885,3.229001,4.2623878,3.7205172,3.817941,5.0759478,4.1813374,3.5255365,3.179713,3.010673,4.2487025,3.5210369,4.1888037,3.5046024,4.381063,4.238757,3.7978873,4.0839486,4.383945,4.1747847,4.380219,3.137151,3.0351098,3.6751435,4.403194,4.0458984,3.8772326,3.1448326,3.6089902,4.552244,4.371093,3.0977235,4.2264953,3.4605284,3.7362049,4.067287,4.4770293,3.4632962,3.8077965,3.6164558,3.226073
2079,3.521697,3.465711,3.450563,4.3890715,3.719347,3.719886,4.309316,4.929441,4.2816744,4.153905,4.894694,4.340648,2.878496,4.746168,4.3127685,4.494052,4.238447,4.0963044,3.3635497,3.649606,3.4118965,3.737118,4.4631486,3.6155307,2.9968305,3.5884216,3.8360968,3.1958125,2.962202,2.9692278,3.4590178,3.3804123,4.2762585,3.9062552,3.770274,3.755307,3.7165415,3.6410441,3.8557673,3.455204,3.2585266
2080,3.359806,3.8353631,3.4633565,4.268906,4.2617726,4.633473,4.71435,3.7738996,3.6096964,3.6059108,3.895751,4.9226146,3.8752258,4.9065127,5.034256,4.0296955,4.013859,4.912966,3.3961601,3.0258949,3.4985878,3.7200503,2.9762301,4.2008576,3.1473281,3.9191961,3.8821535,3.8814957,4.017849,4.73215,3.042379,3.202523,4.0161853,3.9208126,3.3561096,3.5597737,4.0505233,4.025577,3.5121505,2.578188,4.0357237
2081,4.0419335,3.131503,3.8672485,3.6372612,3.75733,4.079113,3.657807,4.9903917,4.3992963,3.8443418,4.6206064,4.040726,4.250405,2.8727534,3.631181,3.9938242,3.028602,3.7877479,4.4344435,4.7023625,3.6464517,4.1811213,3.245438,3.8006492,4.080274,4.0327353,4.286517,3.7074301,3.584634,5.228984,3.5698779,4.8085213,5.4712534,3.7955546,3.538019,4.0139546,4.9965496,4.2050962,3.8603415,5.1026626,3.4201066
2082,3.5611174,3.4947221,4.101567,4.77076,4.1587424,4.3643384,3.7422163,3.6188009,3.075595,3.6497838,3.515824,5.095872,2.9347537,4.1472225,4.267883,3.5520923,3.7936819,2.7760923,3.7627351,3.7860696,3.8462148,3.1905885,2.544073,3.5356367,3.3916852,3.6632667,3.0352578,4.281636,3.6333523,3.6803787,3.5367892,4.423203,4.614612,3.6313624,3.9291139,3.8425207,3.5706685,4.2576485,3.2398694,3.715117,4.4646215
2083,2.9665568,3.3692434,3.7146773,4.4333267,3.7039201,4.2932014,4.4579196,4.373243,3.6695733,4.2337866,3.5574155,4.6186523,3.9074686,5.381883,4.114422,2.9631617,3.8001988,4.38831,3.6734898,3.640253,3.7775552,4.2909703,3.2357297,3.7166083,3.085009,3.67141,3.860778,4.754545,3.8252287,3.5855906,3.7032068,3.74629,3.6053023,3.7749932,4.721458,4.368542,3.1666632,3.2323563,3.9584765,3.5542886,3.217709
2084,3.0342019,3.901929,4.3836927,4.5707455,3.584015,4.413473,4.305003,4.4771314,4.036362,3.3231184,3.930203,4.022908,3.045819,3.8527262,3.974787,3.6809428,3.7684498,4.0780177,3.5379398,3.7369647,5.585547,4.305972,3.0935988,2.9310613,4.6421146,3.2248995,4.0380015,4.3322053,3.0190914,4.5096684,3.429075,3.1896937,3.9206798,2.9813638,4.2755117,4.778445,4.24945,2.8179796,3.1927972,2.498703,3.40839
2085,4.1213026,4.29728,3.2213986,4.719324,3.5394094,3.2604494,3.167281,5.610433,2.9773278,3.2428343,4.3770194,3.9653184,4.4438696,4.5312605,4.3436236,3.136307,3.694125,3.0743616,4.051667,3.4845562,3.8707356,3.6850882,3.5571964,4.5052643,3.2697659,3.4779212,3.358457,4.0252914,3.2493463,3.9471643,4.563426,3.4519935,4.696495,3.8933063,4.4533916,4.381136,4.154067,3.8629172,2.6933615,3.5534356,3.0517933
2086,3.4948008,3.6599202,3.2190237,3.8065608,4.0212545,3.8376017,3.4824305,3.8977618,3.6769862,5.305018,3.7130353,4.1068134,4.239728,3.6220274,5.2590604,3.9962802,3.3534222,4.2699795,4.1676145,4.2930436,2.9673436,3.6954577,3.9431746,4.0183253,3.9842672,2.8783634,3.5482194,3.0628498,3.7196455,4.3073316,4.113376,4.6912007,4.779098,3.40212,3.60004,3.530784,3.5924737,3.6675901,2.7912047,3.6716037,3.4096637
2087,2.9712253,3.3650599,3.6346993,4.1720943,3.4968112,4.9205904,3.3914802,4.3999195,3.4959598,4.670648,3.64983,5.199893,2.9150777,5.0225363,4.519743,3.8981905,3.9000533,3.8616593,3.4268842,3.666876,2.826872,2.7469158,4.0713477,3.184822,3.4219851,3.9090598,3.0992851,3.3825774,4.6429663,3.3157527,3.762512,3.5960498,3.2827475,3.9489155,3.3422449,3.3613365,5.077961,3.6452236,4.1396885,3.8475456,3.947662
2088,3.505617,2.9698968,3.4486592,2.5616465,4.293261,4.9582343,3.9095585,3.8903835,3.756219,3.9585497,4.2063327,3.2608018,3.5654943,3.6063476,3.8550642,3.08819,3.7017078,3.7737951,4.0323257,3.8694923,3.4820116,3.3484955,3.0007975,3.727755,3.533617,3.7730916,4.094165,4.0528297,4.0662036,3.4544404,4.9522233,3.8831663,4.4782977,4.3185897,3.4941592,3.6804912,4.24034,4.408953,2.7880986,3.8788655,2.0876837
2089,4.0558596,4.0428042,3.6512585,3.9943283,4.430976,3.6533937,3.5000196,4.3095303,3.62119,3.6597073,4.742797,4.2053437,5.173496,5.1264334,4.9287376,3.384371,3.749826,4.486213,4.2595677,3.4288142,3.9701493,3.6486192,2.5819216,3.7689009,3.8499856,2.5739553,4.3041162,4.5648212,3.4536052,4.699995,4.358287,4.31278,3.5318885,4.53672,3.8005328,4.1104054,3.6122828,3.5091553,3.4308765,3.2354946,3.8567622
2090,3.0694103,3.6945653,3.8804228,4.1672435,3.7428093,4.270335,4.703159,4.234627,3.2221265,4.6434,4.92171,4.5660157,4.7753687,4.099051,3.5581727,3.9726048,3.8124557,3.4532201,4.4069796,3.8059974,4.1227674,3.3943844,3.622296,3.8582232,3.2145238,4.2393303,3.5041947,3.527309,4.6814218,3.597591,4.916696,3.914539,4.011276,4.8018517,4.5936065,3.3649368,4.1333766,3.4325447,2.3902383,3.2775528,2.886496
2091,3.8069654,3.819491,3.3956633,3.9187615,4.2434125,4.2099357,4.89804,4.536003,3.5646648,3.829825,3.468351,4.0434856,3.9831586,3.379629,4.638774,4.9782953,4.198662,3.8707547,4.1348443,3.9620218,3.103554,3.9347093,4.1519146,4.070943,4.319549,4.1951475,2.834698,3.7071335,4.334297,3.5188088,3.900578,4.086718,4.5343366,3.6939826,3.6463878,4.5624495,3.9495733,3.1533997,3.8820848,3.0703506,2.9527001
2092,3.241939,3.4343238,3.1698186,4.4273973,3.239238,4.7012334,3.3542998,4.845065,3.851372,4.486279,4.259499,3.4822524,4.22435,4.9381785,3.9371307,3.7629457,3.611544,5.0721536,2.798126,4.03762,3.6152103,4.2223535,3.0661547,3.8478503,3.8476448,3.9211836,3.8334427,3.6338634,4.3442125,3.5537963,3.4160273,3.2521508,4.4965315,4.363876,4.928644,4.136479,4.99009,2.954318,3.0761209,3.0804749,3.8422306
2093,3.8090434,3.1516843,3.2982893,4.27498,3.1332152,4.40302,4.2715178,3.3616345,3.7379053,4.7748575,2.6704552,3.1767993,3.5189173,3.0536842,4.8923535,3.4791696,3.2994218,4.247784,2.611883,3.462518,2.865182,4.035259,4.5198145,3.6544306,3.0625184,3.6639435,3.11068,4.1274304,2.579815,3.3825302,5.298745,3.694322,3.2514725,3.3883755,3.8235643,3.7672768,4.852201,4.084513,3.205275,3.6363068,3.321479
2094,3.8042133,2.6656983,3.8442564,3.6605582,4.770106,4.7036786,3.2879484,3.4649901,3.5472155,4.2726154,4.248584,3.6210797,4.148679,4.0050516,4.5156646,3.1995509,4.1054406,3.5071988,3.468921,3.7455056,3.4183593,2.8104885,2.343334,3.2375515,3.8711824,3.8879402,2.740639,3.555232,2.9293752,4.2962756,4.37775,4.44639,3.5011997,3.6537244,3.8833215,4.2248807,4.4818697,3.739231,4.0761385,3.0675447,4.337315
2095,3.7870498,3.085005,3.8660526,5.4320464,3.677321,4.1708026,5.237164,4.338211,3.302217,3.4417186,3.615557,4.0115495,4.278884,3.5918727,4.904957,2.7472706,4.0986657,3.8995557,3.6392803,3.4870045,3.4849765,4.0863905,3.3813326,3.7045517,4.1132126,3.6806574,4.1737866,3.728026,3.4716551,3.5765946,3.2666438,4.149635,3.3603196,3.8958728,3.966221,4.143897,5.140237,3.1181118,4.1156664,3.419896,4.415976
2096,3.0994236,4.0089,3.7240553,4.245371,4.793954,4.701461,3.889213,4.984263,3.3821118,3.948784,5.12919,3.811018,3.8046439,3.343179,3.7641385,3.9499004,3.4640272,4.826335,3.0155592,3.2062168,4.4577246,4.1893644,2.4115157,3.5467248,4.7399373,3.0506568,2.7572525,3.4856155,3.5910456,3.215994,3.958637,3.3623374,4.72468,3.7390304,3.8736224,2.7323422,4.2825856,4.059549,3.0599914,4.579073,3.8443508
2097,3.4851727,4.4693713,4.1213098,3.474564,4.067339,3.901562,2.550537,3.5988054,3.895307,4.4322295,3.4952438,4.564298,4.607732,4.005431,3.5037863,3.136441,3.580058,3.0601196,3.8278546,4.4510427,3.9736252,4.1385503,3.7849927,5.145422,5.0138545,3.0081115,4.0397954,3.3259456,4.836177,3.6679327,4.797363,3.7774508,5.4549184,3.5830407,3.4176447,4.1053305,4.3192506,4.5187836,3.0820177,3.5904303,2.945628
2098,4.1460376,3.4870708,3.9278398,4.0956573,3.9950864,4.8594975,4.901835,4.5404205,3.3778641,4.105178,3.1013086,3.921284,3.8655813,3.8223677,4.6027536,3.9705458,3.5244527,3.5111184,3.8562343,2.915008,4.197394,4.4243975,4.0249767,4.1649733,3.0759828,4.1245847,4.279003,4.3585687,3.144971,3.453556,4.605662,4.256423,5.7236614,4.021906,3.7906063,3.4907625,3.2030807,3.3010159,3.896509,3.1754973,3.3592925
2099,4.661943,3.234912,3.5890708,4.695685,4.5789227,4.216879,4.3607774,4.7315316,2.6956024,3.3392339,3.4335446,3.8313074,4.024425,4.755678,3.9655623,3.7449841,2.6724699,3.7599306,3.418583,4.44216,5.28162,3.5954542,3.143541,3.1396227,3.807638,4.277072,3.3650239,3.6106722,3.0600936,3.8564796,4.1411963,2.841408,3.3807833,3.5619974,4.3390145,3.9453056,3.671939,3.4153082,3.839288,2.6895514,2.2422328
2100,3.8217258,3.4919715,3.9246812,5.862622,4.6831436,4.2514286,3.2753475,3.7178,3.3294623,4.178206,4.150218,4.9453306,2.9680445,4.329295,4.927154,4.197942,3.7048078,3.2221885,4.241646,4.1034875,3.6626282,3.0010598,3.2963672,3.6982064,3.4876816,5.042885,3.9241087,0.0,0.0,3.817571,4.1329203,2.846151,3.953389,3.7270687,4.8009977,3.089182,3.9861693,0.0,0.0,3.5166516,3.6279755
